respondent_row,ResponseId,zm_security,zm_arousal,zm_achievement,zm_power,zm_prestige,asc_agg,asc_sub,asc_conv,sdo_dom,age,male,gender,income_true,exclusion_reason
1,R_KvlXDaNSiPViN9O,-0.0535686378820286,1.4390674214235546,-0.6775125072803505,0.9255381130569104,0.7800197866345441,0.4457698627183846,1.6284916895869026,-0.9775309838982815,0.03735215488240977,19,0,2,1125,none
2,R_gFHnx1iqqDWhrEn,0.01214981701122475,-0.16939796189918352,-3.3336198307667995,-1.8534997298589015,-2.1589176599673983,-0.6183065252677927,1.731594906606613,1.1280241606829247,-0.8212405276368084,30,0,2,6250,none
3,R_GVx1qvTZslvdbvZ,0.9811767150942731,-0.10763896831573343,-0.8149699075431226,0.4938704253127462,0.5286335020303803,0.7485715521004064,0.6057921991988404,1.0087297012669971,-0.25118963981741027,49,1,1,875,none
4,R_tpchy5NLymRTBnH,1.4080207598097532,-0.5481677208473943,0.7562248394213192,0.3922114321147612,0.8888305039653566,0.13978061849748913,-1.199919773627721,0.12677920037794577,0.9010272248786122,56,1,1,437.5,none
5,R_XdE5KJEc60710bK,0.8000853072055414,0.16580644777081296,0.28221475998196877,-0.8609954792898591,0.506571805720922,-0.4335650574148976,1.0643641926068963,-0.931412177716336,-0.30495052830243835,29,0,2,3500,none
6,R_WOKf7UVuY5F7Ksm,0.25069626641161025,0.7499531107390462,1.1374565143256314,-0.9534645182129836,0.31045550422675694,-1.8733006057698645,-1.5330273138377697,-2.6455024034494206,-1.3589183016600803,37,0,2,450,none
7,R_UQRfeuCMbn7xptW,-0.5186690379792043,-0.10142516780354897,-0.4497474516874953,0.21363695311683767,-0.8291653377159798,-0.4280920363333546,0.2049050675711809,0.41952731939140037,0.8026911461411033,52,0,2,437.5,none
8,R_VX2iM8pAAKKQiZ5,0.20853083419818635,0.5889891623161355,-0.9735213622036674,-1.5275610219439688,-1.3640801378152578,-1.288142753162899,0.42167623839378365,-0.4878813322538431,-1.3029227414175364,42,0,2,1125,none
9,R_ItZ0yzLo70QNUgB,1.9639824788489675,1.3372397660889266,0.3739950274436267,0.1467036964571978,0.7566072436782004,0.4636822487841604,-0.9203817478609808,-0.3516969766260266,1.6767167333915411,40,1,1,1750,none
10,R_1ntE2VxS3s7T7o1,0.7003457459965572,0.34850573329784895,-0.5225701570353513,0.11781507406116211,-0.09007130342951179,-0.3925371020485903,-0.6842364311418155,-0.31643128630065215,-0.35185401718099724,47,0,2,3125,quota_full
11,R_kjhE5vSylxnraIn,-0.4037277284458144,-0.8005745261249517,1.3496928075516847,0.11480154478575677,-0.7249641034473877,0.22253144344405051,-0.1075151404277106,0.37655465687618755,-0.7647881867022746,68,0,2,281.25,none
12,R_C29VTnybXGCVey1,-0.05383412078123917,0.14825981396982232,1.0779043361311758,1.2214322856440998,1.0917974957161336,-0.813079797646955,-1.1207472967418899,-1.1787568042916317,-0.5772753382446294,69,1,1,2083.3333333333335,none
13,R_Bn7QvBMT3GWH0et,-1.0614198570621227,-0.9070320474180195,0.11724597189102653,0.8162461018836812,0.4731087253253679,-0.5276770039769993,0.6299774986518595,0.41095977797279093,0.7825999032975579,62,1,1,225,none
14,R_2Y5ebwYsdfeeuvT,-1.8806449709482533,2.537369114670526,1.6045982350026227,1.0493756192177637,-0.34590614041779044,0.32207447030992775,-0.19564805830883825,-0.4244166265175404,0.5543846649516367,21,1,1,1375,consent_refused
15,R_MO4zZwmp3YfHNEn,1.8662400259286607,0.3800532779237963,0.15279973766162575,0.07933697288902705,0.9322717764895647,-0.5335542153744742,0.46396696889187644,1.0468478760190574,0.7361719971936509,18,1,1,1750,none
16,R_mrM7kofqqxD3M1u,-0.3191570732120343,-0.5360435111024346,-0.23206709042937498,0.1536542516069418,-0.43536448594813415,1.1803582886949076,0.11823046180647968,0.6293766185151657,1.552049202187851,30,1,1,625,none
17,R_GLKbcLJliQD7ox7,1.2559903570802944,0.11080506880533283,0.35687742564039276,1.098153579306174,-0.9184825860642029,0.0030255423075993826,0.2552407485479607,-0.37026531675859303,0.20128936080056242,62,1,1,437.5,attention_1_failed
18,R_iuEypIazbVEPCIb,-0.8841717471245598,-0.4391588958352469,-1.3183436084228652,-0.7291110018592485,-1.0656099296736523,0.29766232672197157,-0.565583490554743,-2.077818309269593,-0.4651564832440497,41,0,2,1500,none
19,R_Vbyc06rftXGogUP,-0.3866733086378607,0.8926253056833051,-0.8211213955978682,-2.1857646421205934,-1.0253012242635362,-1.4104690655911591,-0.8294814802315847,1.268371669326858,-1.628418577686614,62,0,2,125,none
20,R_qDIc3PwcFGFPF85,-0.19134835880212625,-1.5325373034035332,-0.3561291557255973,-1.792431843809675,-0.6569470283913801,1.2766339565828722,0.2296349140643157,1.0599784275298698,0.052268046212099045,64,1,1,562.5,none
21,R_Y4b06yj9f5MGge3,1.4195829195280756,-0.7359057434747093,0.3937814536623035,-1.069247424432145,-0.5906522178345731,0.4260634639125235,-1.0201777276129251,1.7088592762343198,-0.052980252434321994,44,1,1,4375,none
22,R_LaiEgZeUHowXGga,-1.153174394646895,0.380846938893337,-0.6740465705678753,0.3073401496081044,-1.1774072311313484,1.1494514003831968,-0.37830212383400225,-1.4438267029479315,2.0166083377511965,27,1,1,1375,none
23,R_VmhS23C7cMBhF2x,0.5211744919327755,-0.4489105316545104,-0.6274866552203279,-1.2542276126723724,-0.12867596605833498,-0.9644375865824794,0.3835857646894417,-0.22969312450609985,-0.040651197030231706,55,1,1,1125,attention_1_failed
24,R_PYHI0MaeArY3Rf4,0.8281823758090416,-0.6323264703815235,-0.35482709084991426,-0.46789615819838437,-0.8918279689555848,-0.2236356405749117,-1.01137803022798,-0.6832061434697559,-2.949913573687667,24,1,1,281.25,none
25,R_ciRjI9no6tKLY3G,-0.12652099321141164,-0.25421269930319684,-1.5928939082291362,-0.28835834453872733,-1.213925773989895,0.32708078345665387,-1.167783559246747,0.2250520374957713,0.6381781086147331,69,1,1,1166.6666666666667,none
26,R_mX9v7gVnUtpw7bI,0.19970784597916386,-0.5892880525577686,0.8138639037469938,1.0011025648016814,0.38158725821664136,1.6246072622968548,-0.3585322918115803,0.2616625227787224,-0.10209127008806347,54,0,2,1750,none
27,R_ZAX9gPiB5Bm9gtk,-0.2778508077715291,0.07482326020750564,-1.2958953361708063,-0.9554615241323315,-1.363244852839044,0.1856768928171205,0.5697057087150522,-0.13895802872119134,-0.5018088436572343,50,1,1,562.5,none
28,R_v5nWIrqgTQ2vHF4,0.263617308438994,0.011257853622328647,-0.5513876018039385,-1.3318173401569866,-1.0220824961122554,-0.9980042170459522,0.05553824720291825,-0.04486095622600639,-0.5699300618696673,59,1,1,1375,attention_1_failed
29,R_I4G1qZG0wblQWzL,1.9383914103518975,-0.2788693984950102,0.9644515627868944,-1.4840718223015164,1.7747281382432885,-0.8552200680620585,-0.3545837036361801,0.7429255413044417,0.6147529255653035,64,1,1,2916.6666666666665,none
30,R_xCx0L2yQPu6O0hv,1.3075899670903666,1.399589402111983,1.0647920445335914,-0.035776223262248406,0.3073946452238247,0.042829607933729086,-0.42209046487709795,-0.2434728173061571,0.1019930773542147,67,0,2,156.25,none
31,R_EN70X93E2rhtG3l,-0.6095262021667729,-0.640799631060264,1.5108471669772823,-0.4893949816422673,0.2943226097836845,-0.1459877340565185,0.8236695839889687,0.4768350770233175,-0.5535028325919416,69,0,2,1750,none
32,R_srcv3i6CrjGTenO,0.2151064316185118,0.879135113565681,0.8424107946601326,-0.35190238076482483,-0.7625105293210616,-0.7973676211088792,0.8030705789136738,0.3673613930619514,0.4927829087116843,62,0,2,3125,quota_full
33,R_lFRGEUPQxO0BVdW,0.42128809636857845,0.906953072276834,0.650834736679986,-0.6004240463308808,-0.9357223899407865,0.03634630745442752,0.8362789254253966,0.267532387744835,-0.0281004484844517,20,1,1,3500,none
34,R_dmUXGveJjztqgXi,-0.97663632367007025,-0.7127015803382789,0.31842267887330944,-0.3829207792572501,0.5694783935082716,0.7791984969539035,0.5863749496243104,-0.125364364288605,0.6495274207202577,36,1,1,562.5,consent_refused
35,R_xKTZIO7hslqdJz0,-0.49190932809878285,-0.6256745134312927,1.121539698386133,-0.5741534130555059,0.8210525126209021,-0.694766620501091,-0.6129214199491149,-1.3174354219421165,-0.6665256930556122,18,1,1,875,none
36,R_t4ftlbpYrRLmRwU,-1.938207459985492,-0.18865325326968205,-0.8338208294948892,0.46319136512331055,-0.04210751183948607,1.0544603038441274,0.34281812967101977,-0.8975865559607633,0.6341906235144538,56,1,1,875,none
37,R_SqIIPyi0hryUrDn,-0.11720752321721975,-0.29589149365566175,-0.922599537800367,0.28193707108619526,0.49962921413671735,-0.4562762351532092,1.8454435108624354,0.24981729496062224,-0.9447467724168281,22,0,2,225,none
38,R_htNGf3cNEMkDMWG,0.5226956497539269,1.0610928941472337,0.8261842877029437,0.5698361217152292,1.0212475671576657,0.08410929056304461,-0.41525924487881444,-0.2083417784859987,1.7351472798354772,43,1,1,2250,none
39,R_lzSkIdPXogEAZEQ,-0.6997486935506846,0.15909359625417313,-0.9028880956958328,0.16251239855775051,-0.9711115915334136,-0.6098884609101004,0.6122190138353394,0.7649998029066561,-1.3620692643923533,69,0,2,225,none
40,R_UBayF4w93ouX5rF,-0.08985371262867688,0.3746357854896295,-0.6603470314922101,-0.2248223644275851,-0.5771811162433675,-0.6857313778580751,-0.8830808052963727,-1.6073215535998109,-0.7102732475423099,18,1,1,875,none
41,R_n8z1iSBxBhY7wxG,-1.462696971790306,-0.9856294328716962,-1.3580459867166628,0.35259738895975995,0.9633457978043714,-0.4586924920172057,0.5059125019504733,-0.5017060290418327,-0.8652057314087147,36,0,2,3500,none
42,R_myD6NWPbCjeXhtn,0.1625921142617176,-0.7791414135476438,1.1391917812110528,0.9897330794594351,0.5513698892292094,1.2181020577785473,0.02243448762905593,0.7859601698583462,-0.18444979268446293,43,1,1,6250,none
43,R_3hQIRn4xBH8goDc,-0.19889681776679505,0.33594379446556993,-0.11357179060235019,1.061585652921684,1.525225126208238,-0.463813495526022,1.3680699847952633,-0.6010619221515701,-0.24844274603862346,31,0,2,291.6666666666667,none
44,R_tS0PC9d84ZA5CIo,-2.2320792547346375,-0.6262390056299902,-1.0998304006144504,-0.3619937148867248,-0.7182360823643146,0.8573665477725821,-0.45119754016199987,0.7557013241866993,-0.05796476987450094,54,1,1,1750,incomplete
45,R_tPd3C60DyADawA4,0.02084422241197012,0.49659123633514746,-0.5827182198958508,-0.26948801206590306,-0.34689759576326173,-0.25331712572391446,1.321848966756282,0.7202811976382392,0.18298839794202015,32,0,2,700,none
46,R_ZRcCkluRpnw6Nyx,-1.7534816522284906,-1.2165350326841617,-0.1886446687010023,-0.24294052540368563,-1.9170008842165294,-1.1341972707128456,1.1095241260649145,0.8544410462360763,-0.2374393261056688,52,0,2,312.5,none
47,R_j9Wd8dPwhAf0edM,0.673576489101133,-1.5153018799641018,-0.6256227410072893,-0.20264085338039778,0.40367407409444267,-1.1601653037547703,0.2590101730292575,0.8356003392241463,-1.260031222644605,43,0,2,2750,none
48,R_RewKjOIULNRnSMD,-0.09551752414253056,1.5501689090163286,-0.6540794411342827,0.8291192624573938,0.7471899532763343,0.04823449617286366,-1.0764412244654054,-1.0706380867044758,-1.6925842388681733,20,0,2,3500,none
49,R_0OFyb9Z0IvJvmbV,-0.512262761794573,0.3473445650565756,0.9300329668211786,-1.0676578641166852,-1.7070442362328204,-1.5126604264282846,-0.5149226968883134,-0.0882983211081901,-0.23599328104975392,48,0,2,1375,none
50,R_QF2m46yzrEJfl4m,-0.27418609386941784,0.48093373474943996,1.6458733264677097,-0.6407518711857118,0.21634013320012865,-0.13959850908158367,0.10516311308186765,1.4681915381421755,0.31537364479001584,69,1,1,1750,none
51,R_XDzAoz0Kkt3wjrr,-0.2342153176103274,1.8520091394603633,1.591632319411523,1.0707783030035194,1.400035858918841,0.5462808412880414,-0.6572999467585627,-1.205227230932337,0.26014449966742437,60,0,3,343.75,none
52,R_P305DI6gOIT4aDi,-0.8838427426106539,-1.323003741080283,-0.15948214093819754,2.217033025772978,-0.6295868726098423,-0.7868063304553172,0.382233220372144,0.6978921173845763,-1.9832105090932521,27,1,1,1125,none
53,R_WosCG7vgsVDz4Bv,-0.04499414262019312,1.2640554405037199,-0.29803013373751797,1.6606019041985265,0.3382602485320601,1.0013587598189662,0.9802766692250948,1.5574337953267199,0.9749676341716687,19,1,1,1375,none
54,R_hV0HplEiaarjnbN,0.21649049778577398,-1.7509142461058802,0.4184972648450019,-1.1693817960155537,0.5524840729952545,-0.11884942907315454,0.2002991947738248,-0.2851199213992132,-1.0081064923744258,69,0,2,1750,none
55,R_oKfBHU7huMChdKE,-1.1285462589096351,1.590398821226908,0.6077565324517298,2.0969896048141217,-0.12182621965197538,1.019900844267121,0.9606583476620216,-0.9585148871450146,0.9434859357062558,69,0,3,2750,none
56,R_roPt6RmttV6q4Gr,1.3869642461442804,0.5045597697689356,0.6915611920315904,1.0595589422028011,0.7408935620387146,0.8226081876234044,0.7812656459920949,1.248310994233441,0.6781244372883131,69,0,2,1750,none
57,R_tSM8CekyiqgA5nv,-1.929163474835306,-1.0069963114270162,-0.267786250776264,1.2891662299007653,-0.15973846899794722,0.1388020173865656,-0.10511663462582488,-1.085469078857291,-0.2380577091784014,54,0,2,2250,none
58,R_Z3n1UWWNvx68lis,-0.4303320791445729,0.9132797065071797,0.23969250677753248,0.48079846937512316,0.23592219984275561,0.29419921114485587,-0.551657590414648,-0.2561481880782158,-1.3404886083854615,54,0,2,312.5,none
59,R_5ZThKvjTAlA8dn4,1.2673549983791466,0.7472786359349347,0.6486053062821413,-0.33080835622788674,0.18395904690421905,-0.5120426042469857,-0.008507135594225584,-0.48927262461407317,-0.8465361261502056,39,0,2,2250,none
60,R_4wgV3wUDmBGaF72,0.2450244894187923,-1.8543947152478164,-0.7260683566197789,-0.759327282383617,-1.0975957013284667,-0.05172275066907872,0.5738902733409661,1.301776361325207,0.5431215067214721,40,0,2,1750,none
61,R_QTAJASXcG3RESPz,-2.0474047044360257,-1.2127731226621927,-1.1578864283143357,1.4209276085139708,-1.201948041613048,0.27256187845077146,1.1533338087170169,-1.2157739668446514,-0.15820449908609815,34,0,2,2250,none
62,R_7riWmG102YAVal9,-0.914599306766913,0.5148994161637198,-0.32874949623625915,-1.1667613633003457,-0.8611958756575796,-1.210172069602973,0.21334274128349767,0.9287807623511315,-0.3010771374326867,16,0,2,1375,age_under_18
63,R_ah32VTzjToRlBNc,-0.3140615762920624,-2.1298990372957958,-1.6013582499803258,-0.15328393314081282,-0.7059215744862468,0.13413899414167027,0.4668939138167715,0.896123804294053,-0.7043998238994964,49,0,2,1250,none
64,R_iQH5akDHnfYUOG4,0.14428638877745883,-0.08585074490563968,-0.7709497239887018,-0.03615944656902899,-0.3093837752730117,-0.5516655483777851,1.8991617324207293,1.1593675654419702,-1.7386076178442014,62,0,2,6250,none
65,R_pp1bxrXErqQAkcp,1.3336756182297582,-0.3490669098254569,0.6998104051043805,-0.03850724971898865,0.05918220573971952,-1.1336695539044102,-1.2597512583677013,0.1187348774766742,-1.2902839392298058,44,0,2,2250,none
66,R_ZUiFfy4Lz3cmJQd,-0.1838766567830799,0.20921537543724664,0.8861505092920458,0.920247365284162,1.1388351913010395,-0.6094465689638983,-0.39281814872278054,-0.1809368954620597,-0.3595007335271557,37,1,1,218.75,none
67,R_XnqUTKNMT1Cy3AA,-0.11942742283992928,-0.8161443387667185,-0.9944839557116197,-0.5488753304822187,-1.55068005774313,-0.0709069301251834,0.38839589219389753,1.5010889608519724,-0.9194442270360722,64,1,1,1125,attention_2_failed
68,R_ejNSzd4p6GNCm5K,-0.4650281628700947,-0.3104260523224034,0.26433141448102215,-0.25325769119744684,0.7553990054752652,-1.4116460699033775,0.06014207374664382,0.09147641166756713,-0.3620997612135916,54,1,1,2250,consent_refused
69,R_VcxA13dPHMiSKPC,0.13362903836972748,-0.3039336577169481,-0.5152064188265837,1.240695530786937,-1.240878879367484,-0.1521963966799634,-0.9666321497732128,-0.9813196892766114,0.0770437873621781,23,0,2,437.5,none
70,R_DCzBQhrWgb5pa2h,-0.6836811650090809,1.0442150122690346,0.8138874517741991,1.3563321066496443,1.9088606902233707,0.6822987257195707,2.0186311135014385,0.1495284325389611,0.5153507988265074,54,1,1,750,none
71,R_kA3cc3sXK7Y0Fhc,1.414411070600075,0.9026746289888079,-0.535669850858961,-0.7164753712491413,-0.6483728021726567,0.07565187338026802,0.49788665232726287,0.44229487505036,0.4616208204167712,41,0,2,6250,none
72,R_rxZhWA0kKFnLmP1,-0.9577209878573688,0.7219080176164799,1.1140691431708576,0.6189795205514325,0.7687316186602208,-0.4219488451089697,-0.886045201635596,-2.5565541198803556,1.3622560685832417,33,1,1,12500,none
73,R_kMmiCT5Cr8oWgPI,1.0501663451331735,0.48783948416396183,1.2916109781909006,-0.31653515081270656,0.6612593656354404,-1.4294695083472055,-0.22753461751144838,-0.16985932086214406,-0.7920732511841965,42,0,2,1500,none
74,R_9HWk6sjk5YMq4ML,0.16477213545296424,-0.8902367656504241,0.023424465791534087,0.23784124251586805,-0.6839539093717406,-0.09803070438592648,-0.5069795414624512,0.006587863005471983,0.31162633100539217,69,1,1,125,none
75,R_VjPRHLQyqTqMBQ4,0.6431284809169772,1.889573788646648,-1.0607037555163257,-2.1686523471670704,-1.3405294382940434,-2.3386355107989703,-0.12880573784758054,0.23657313210290795,-1.6614584793221583,63,0,2,2250,none
76,R_PEddSqTUmYT4rOg,-1.6033039489505099,0.4815310115931577,1.600033272068183,0.33621492296404537,1.38099410275045,4.730064005106235,1.2522897442515597,1.5216979849586463,1.3335198115496179,69,1,1,2250,incomplete
77,R_WUN3MBu2VPjGtLL,0.517326199740938,-0.1349423690656668,0.6983653820343433,-0.10104885427288705,-0.26894063811357544,-0.40870955355306937,0.35330772745389327,0.8789981053676945,-0.10687375393585874,67,1,1,1375,none
78,R_fp8k5B3U1KtRK5R,-0.23152432029516584,0.6868298419867283,-0.029680075824072307,-0.02809482630741784,0.6966253342746038,-1.3182471792755852,-0.4853723555886922,-0.12598813125915342,-0.2566803502168122,25,1,1,1750,none
79,R_Awv1OzLP4K9SWxF,0.2731587227777183,1.9078597881763033,1.587312781556569,1.4589315947738772,1.7730566924693505,-0.3879387586797552,-0.6378561091126734,-0.6847853773476553,0.1361975108484984,46,1,1,2250,none
80,R_RfAbcdjB4HfwWJe,0.018249532434465823,-0.45837065938748606,-1.146763491690703,1.2362222371231004,-0.11470440989710379,0.029697423446034765,0.48888959498900786,0.2324834390116821,0.659941280090622,69,1,1,2250,none
81,R_MHzXFulyQ0OTjii,0.4692030740888806,-0.27525141219287513,0.3695784792390191,-0.7335542362501166,0.16948002286307992,0.18508553266165706,-0.48209077173468007,0.2824324660546021,-0.029786443740471347,69,0,2,1750,none
82,R_Fkf3Eys2j7iaVyG,-0.9790605587286381,1.0705491394590732,0.533881421992922,0.6478236472657537,1.4451179457058054,-1.095965018254063,0.11558579370903288,-1.671965770627474,-1.0864038335377593,56,0,2,196.42857142857142,none
83,R_dy2yS8OG8BHCb8D,0.2988041299514904,-1.0308586598185987,-0.146567204252309,-0.0658357897323788,1.8586351953172162,-0.25191521698514074,0.46988123082090305,-0.750688352695969,-0.6298372593350772,35,1,1,50,none
84,R_uEQ6ZYC6okzE3px,-0.24499311881776145,-0.5585369607804137,-1.1054764306204483,-0.1844861434326094,0.3509682431536544,0.6851725311618018,1.321442467288982,1.3367482148916159,0.24421048216881108,51,1,1,218.75,none
85,R_RcLafh605HBO8hF,-0.3601074489517099,-1.0185725202767817,0.1546650144688408,-1.845448338707124,-1.938884996206504,-1.5999018257600346,-0.779875500905323,-0.5295675402593522,-1.0294247861168655,49,1,1,875,none
86,R_cK5SwmuQMfVDANF,1.1304201759216228,2.8765265667456528,1.0598342878401472,2.5761261365846635,0.4504685254870556,1.6602647834290731,-0.20021043034927,1.2016695817675282,0.8002677544299218,27,1,1,312.5,none
87,R_ZKdR1IiQzzwxoac,-1.2019671275150081,0.2480389434880469,1.6723764240841745,-0.70911917194288,0.8811462076151029,-1.8964177584543784,-0.28892624175866494,-0.2671670161555421,0.1004709657246261,64,0,2,1125,none
88,R_I9lahOv7ro5E03Y,0.4423182253377459,0.0064305884116508056,-0.951730682608888,-0.7390255315102133,0.21551160720310722,-0.3358582178719421,-0.38689186266866765,-0.5065045703046,-0.5678151266312017,56,0,2,1750,none
89,R_eCOBhj78GW0TokY,0.7054677798679367,0.32864006948528834,-0.2931038106787468,0.35077487772567256,0.8912120644426457,0.7557836746873059,0.13404696643587072,1.4135689272526657,1.0697562211106415,61,1,1,583.3333333333334,none
90,R_uFkYFGj3KHu2SyP,-0.41395014385913137,-0.4162059383192703,-0.29431900832782637,0.027762916726599276,-0.03818772090267332,0.7748554812876992,0.9005423972721398,-0.4347906539544211,-0.18163607765217193,31,1,1,125,none
91,R_OaLWqnZLhRy6ghn,-0.2545567579462818,-0.4982857630577812,-0.10106873467140794,-1.0704800451452539,-0.6903172898249308,-0.3386394076266586,0.3992575093908527,-0.4075259918963732,-0.8385034574196153,36,0,2,1166.6666666666667,none
92,R_8mYvcT7O5Uzna64,-0.6923283289154429,-0.3998633071412481,1.5315898593681105,1.692292276215205,0.9958774604241235,0.11532717952356208,-0.796224462241957,-1.758214059255803,0.8815405273582856,48,1,1,343.75,quota_full
93,R_AGngODJ6BPAdhwY,-0.3622234392462643,0.3762761979914576,1.0828933544257928,-0.15871642638345737,-1.5374270474819,1.0497810500081495,0.5968834383523752,0.5112518333681928,-0.5500358947330022,35,1,1,229.16666666666666,none
94,R_Ki0GSevdpbJcKZu,0.6123555210269992,0.2607341978935179,0.8847045206872048,0.4781447151964101,0.8850301347153382,-0.01885997938073683,1.0000614732782136,0.15476398728915175,-1.431492081716778,35,0,2,437.5,none
95,R_Qy720Gp5jIW39xB,0.3072040026560117,0.2525747751559657,-0.15173869427019665,-1.0410123162087461,-2.4331290788647517,-0.16566483567041118,1.623339307350473,1.6626653188445677,-0.10725573302776226,37,0,2,1500,incomplete
96,R_ZbMaY0UmHjHmHsg,1.489499111739116,-0.3078097476370518,0.6640783771747046,2.0465294533416527,1.1864528057165797,1.0112456723383736,1.7784596623913103,1.2486855262812355,0.451506140159709,57,0,2,6250,none
97,R_rmXu6yOTlXrpugq,0.5608484145785426,2.3363684759271157,2.1592155619280935,1.0731568097458137,0.5851219578003506,-0.4094137205021985,-0.0879639936630705,-1.3570686358218156,-1.4285338913102301,40,0,2,1750,none
98,R_BlyeueiTVjRKV8X,-0.07753850514294236,-0.44758974583859495,-0.5448667844549874,-1.4598068994814792,-1.2440451753923618,-0.16629066761958367,-0.6363023255865625,-1.5870697442708428,-0.206541655518516,35,1,1,562.5,none
99,R_Tk9zB14EUr1zejD,1.3473176663924524,1.585241329328631,-0.04757530335677132,1.3012144211898748,1.7257670084703771,-0.12824103383259447,0.3599609816592185,0.38177615418220484,-0.5409759250099774,43,0,2,1750,none
100,R_5gILeFYOnnqm6GV,-0.7419147100240163,-0.058647804925017435,1.252170214910862,1.261173451588029,1.2112576525813463,-0.00440356747480436,-1.6673614494583369,-1.737769992266258,0.19155897270966393,27,1,1,218.75,none
101,R_rxT0BFV52TjboYf,0.7224485829660231,1.19218744145276,-0.11269032913183202,1.637401388997935,1.8873264836990558,0.2748632530952362,0.09911262150042088,0.3987130181741637,-0.5302530381109842,41,1,1,2250,none
102,R_Fb5Wsr7TOO5loPr,0.6986459773483691,0.9752156752492099,-0.4717634796317764,-0.30197804973099096,1.9604595798473934,-0.8917751900004847,-0.3785246021694282,-2.3769719467771613,-1.4225616705749151,18,0,2,1125,incomplete
103,R_AQaOjQJY26qga38,0.49112938609519585,-0.7706042520471619,-0.45772569750766157,-1.3460864290514363,0.552592696464622,-0.6888078352670859,-0.8976171061048466,0.1842797635942382,-0.9370334170428487,69,0,2,687.5,none
104,R_tpBGygtgWb14W32,-0.06818482691798616,1.1056291950951278,-0.6862401753828288,-0.07611670067509067,-0.27447980451543397,-0.35581252462690005,-1.646197471760983,0.6517122506047032,-0.24063102954685087,52,0,2,2250,none
105,R_KrOHuQS8XMTldyU,1.4681361732645686,0.0454246038350435,0.726256939662477,0.8866884517201139,2.250021849714506,1.107942881771215,-0.38957828452443605,0.015279805495302608,1.5627528893318714,60,1,1,2750,none
106,R_Dhkr6uvUfjgwjB7,0.5089127659560955,0.946179593204529,0.5316627516373269,0.15706115074963034,-0.13875605490832396,0.3850750733934456,-0.9161629462392693,-1.876450869291047,1.1191325922778128,24,1,1,916.6666666666666,none
107,R_s59OZHIQz7Whbs1,-1.4185826120264708,1.1861651779248057,-1.1453548076947262,2.4466767221248222,-0.9683139946860811,1.6256979558210798,0.021311784457228602,-1.1806548491039015,1.885784357453912,21,1,1,2250,quota_full
108,R_LZaHFK7U83fZoNM,1.3819004591502186,0.613496199386805,-0.7500960857273713,0.32278467640327313,0.8311429162848404,0.23847439470428283,-0.62704780850826225,1.500072144102753,0.9478218822172486,61,1,1,1750,none
109,R_b46RtC4fB6vP67v,0.1300516834612232,0.35440523724814993,0.15476939763100386,-1.439068099960058,0.9675224539111595,-0.5823543107428465,-1.1942521155475119,0.5969892943323774,-0.14270884709692389,42,0,2,3500,quota_full
110,R_LaFvwC46YvCsE1Y,0.4933308450198973,0.4151427056392247,-0.1492169818690387,-0.8454451686139847,0.6374228042778544,1.2222867297758784,-1.6045903355633857,-0.5727217659413409,0.19510838510093043,55,0,2,1750,none
111,R_pO44DLY7WZKVAVj,-1.1332105943733994,0.705902215626266,-0.2403311668073984,0.8375798716017557,0.5431889772188544,1.627720714650595,1.0205561059656771,0.391149418502974,0.6259537809568281,47,1,1,2250,none
112,R_BCl0hnMP03FJUQA,-0.5739338040353681,1.3970260405558468,0.678213202724196,0.6578181283026499,1.4592844244205416,0.762497863166405,0.5343435200889017,-0.5437707509487439,1.7947625529679834,50,1,1,2250,none
113,R_ZKOmx1G5hkIG0qp,1.3712641092511177,0.584144027428776,0.08906129436083879,0.7626794511415221,0.5905920350609891,0.39016009401649143,-1.7001364766159561,-0.3109749035999301,1.4104835191639018,61,0,2,875,none
114,R_FjNJAoF3v2UuwmK,1.2278232290299076,0.7421151015189105,-0.41562441089706714,-0.25149100583621475,1.7381608871917904,-0.8453326368992088,1.1988716178812082,0.430108380171381,0.2580240995955496,23,0,2,3500,none
115,R_JcB254y9MX950mm,0.7876824723022771,1.133534676889464,-0.14319707680544752,0.1794362473812763,1.5552406355873793,-0.1855429109200211,-0.7838012750396537,0.9484639275955712,0.5033105214072686,30,0,2,2750,none
116,R_Q8WpzSkayUzXIuk,-1.1828777113282636,1.3775121384757216,0.4917157943625769,1.3802708939486832,-0.29578479917208617,0.11848781987572354,-0.3983949122718074,0.3483666432111524,1.673187456827359,57,1,1,2750,none
117,R_SUJGypy9iwJ0pXe,1.7025262324986745,-0.9829377515175374,0.5284920678135147,-0.9856908276757539,-0.3483931607523527,0.4038203295997388,0.6617855591354371,0.5494570468694205,-0.01818772951450398,69,0,2,583.3333333333334,none
118,R_apcHoPmZO1ME4xk,0.5154101640173693,-1.5395458175745522,-1.9291787170957437,-0.5865291118288165,-1.8401585966080831,0.17066798825979626,1.0445398464575955,0.46277802359145426,-0.8355642400521163,44,0,2,875,none
119,R_R4DtvXfaMnEoWQy,-0.6656354996739622,-0.9696983750589926,-0.7326742326565775,-0.9285295900510263,-1.0968225231372735,0.7062194388007883,0.37219447758759727,-0.19447880595342787,0.3100119719619918,57,1,1,687.5,none
120,R_YMLUtpITkEtcHIf,-0.04277633799732459,-0.106407325995423,-0.392342670757003,-0.5317239755354611,-0.5060515828912949,-0.37430195781779013,0.40786229462916823,-0.8195715707131958,-1.0492828220828316,28,1,1,687.5,none
121,R_m8CL7EODxx3BpIl,-0.7874059894788318,1.8721520633445778,-0.6295198468504134,0.32112323245322977,0.40808634106560154,0.22900339259252186,-0.07381554141051272,0.0036585103703171695,-0.25729501184888387,46,0,2,562.5,none
122,R_wO6Yc9KTCUQozyh,0.8726182509922691,0.4280067110357623,2.2866804754940895,0.3517364362632696,-0.538246913196275,-3.905826657629505,-0.8419313421693395,-0.9542873301662688,-0.8604245794747784,30,0,2,1125,none
123,R_qrccrM0RyKE61oK,-1.2237094779110111,1.7378317632311802,-2.026077395707693,0.5998588614395983,0.39344486240635795,-0.06436058622163565,-2.219366491242542,-0.9272028789105986,0.7467380386892981,39,1,1,1500,none
124,R_XWdqnMWJPiUfkDF,-0.3505352855024385,0.9365215749423663,-0.6283824749534908,-0.6893011982978183,0.4338624077730078,0.6982145378306915,0.6561330812295014,0.06924213906669052,0.861447908238566,44,1,1,1750,none
125,R_OlHAtYMTacvrZof,1.0412235990118262,1.8469404039563115,1.6303632844670575,-0.04090487178613893,0.7820934167503177,0.9930735952828675,1.1263647816756022,0.9407604857868367,0.25808769342558324,37,0,2,1375,none
126,R_uC01mAz9BTBgjdm,-0.32137985914089623,0.6436803013298766,0.41533976393106253,0.6077869469414303,1.0412818881309382,-1.0398032499188257,0.42813282534100083,0.008885663622124285,-1.3288857011943962,29,0,2,1375,none
127,R_tS7tKVFYsHG7rFi,-1.4013346131565971,-0.36807426024284723,0.11169442023136714,0.8442822244551813,-0.27979648441690796,1.0530938151554154,0.3377536559611308,0.4950130115948071,2.462284288729049,45,1,1,250,none
128,R_07ZagqMOXHpoB08,-0.9866381661000777,0.7828897377360711,1.2401580605319171,1.6022218027238686,2.9241578376854336,0.23899242240946886,-0.8821399977403708,-1.2735807655886482,1.897844193086407,67,0,2,1750,none
129,R_u7E2YQH451gCzo9,-0.3128239632592106,0.46119830541220797,0.2880522431234303,0.8700825463238806,-0.7235535660859999,-0.08900600674723996,-0.7977772573468911,-0.17645375541592653,0.7904279533251608,48,1,1,562.5,none
130,R_Dt4ijRUER0FLKs6,4.383506456255815e-4,-1.208759334896799,0.8900080041587957,2.353229288338589,1.978210855715686,0.004595659618848891,-1.627317614487415,-0.17489608648568455,0.455624168371218,69,1,1,3500,none
131,R_X6wVvlXqGaGGrx0,2.272750479259052,1.4305945171198335,-0.028401681015489406,-1.7895790053178005,-1.8087062210944387,-0.4751223949244199,-1.1455450053949736,-0.21945892078430101,-1.2110740845210959,29,1,1,437.5,none
132,R_wqOgZbWuVBOJAmn,-1.275662077545766,0.12778610710679833,-1.8565344300040123,-0.5695940888689612,-0.07387489717549398,0.37384533622667915,0.3275097438642416,0.06388171776044774,1.3673134507048577,53,1,1,2250,none
133,R_03USScgVKqiyTYI,-0.022882900622363988,0.6803240208267798,0.40416191787860617,0.5753000751665366,0.5231302511806161,-0.8814359184601804,-1.4706376892667004,-2.093856270242332,0.04674331110057532,18,0,2,1750,none
134,R_XUDVoTkRPVF3mGP,1.9139369958480374,1.1484510218189559,0.8145732825652594,1.6374632144532435,2.041597681117945,0.44593680217004683,0.6763946714046303,0.3676505629178744,1.9701822679127963,40,1,1,83.33333333333333,none
135,R_n2iFJuod0dk6kmz,0.44579743881444855,-2.360932001575246,-0.5194569974525965,0.18559271536460456,-0.05007457142789449,0.8139970840434398,0.8135539080364145,2.006188179254939,1.043094012699866,32,1,1,125,none
136,R_QVD4piMor3hBxEi,-1.651489282913471,0.31011984784190766,-0.2068690169382845,1.055669391265776,0.9065618901011598,-0.09146663861462334,-0.651280069613352,-0.11059950667680385,0.46322347215917337,46,1,1,875,none
137,R_ITaSrVscvqt83i9,0.9608500804696568,-0.8085221860756211,0.2552597470690503,0.6598017270225393,0.06099120595834846,-0.658675882316603,1.1379836270533925,0.16585535710985705,-0.3890454179077276,64,1,1,1125,none
138,R_P2eXDNJ2I4GkHm3,-2.152089640488905,0.12901063917419658,-0.4106141497299719,-0.585800835295832,-0.35075100307929036,-1.2825052256547411,0.5523302463071885,0.7984646070690891,-1.0767015250619376,60,0,2,1125,none
139,R_eI1WDlt3Tew5Z8R,-0.2720458272463367,0.4534771108368375,-1.270950955521933,-0.6099469469737702,0.3918825118720918,2.459851024596155,2.28452386805001,0.5716637302917427,0.5647599966880186,42,0,2,1125,none
140,R_tV3S71fUceOuknR,-0.5473152261156359,-0.4543884527260633,0.07099436042028877,1.5034904579130421,0.4791528197377927,1.0341868912370846,1.5930488955558884,0.7768448349869009,0.023506078162765745,50,0,2,1125,none
141,R_CaiBgYrVpUNX5rl,0.5432899205836612,0.04635236457111225,-1.0538393133722628,0.7396078665599777,1.030924940013937,-0.07109600256461263,0.9033056187820572,0.9664672772871561,-0.3410238152928307,30,0,2,1375,none
142,R_uFWwESQbxKvxYJQ,0.3048412340775393,-1.0574403470020277,0.4501850411002328,-1.7822358778135299,0.5250758815250256,-0.6891988864813909,-0.5440038594155645,0.03428898984322157,-0.7978542243669282,52,0,2,1166.6666666666667,incomplete
143,R_LrFS5swC9C2or9j,-0.31424097960815606,1.2261006183063436,-2.1781160709555634,-0.2682280881669588,1.6623305657689311,-0.7957324785978461,-1.5197001138703197,-0.060923669284140614,-0.2748403130659284,69,1,1,1375,none
144,R_fsy3nqHvshtccsW,0.9962165269613386,0.5778599825020703,1.676787831028699,-0.47484976943517143,0.2742038762983754,-1.1306575868566313,-2.7454743902779453,-2.274697940230024,-0.31330389009393617,63,0,2,3500,quota_full
145,R_1YfwYvPtvwVqA0Z,1.3127704476906439,-1.1091259630822672,0.7558445478785292,-0.04195689078718119,0.7953945129953881,-1.1199163310056375,-0.8700134412216154,0.041554522548029646,0.7881861034894316,27,1,1,3125,none
146,R_PtLpFvwQSmnyaPX,-1.7035913104387057,0.9758334818761005,0.7117430911713687,0.45780698984232177,-0.7365270241112016,-1.0917096835917166,-1.5201193277355234,-1.241721911488756,-0.8340001771071762,20,0,2,281.25,none
147,R_21VnqFyYWbMya3N,0.9836402656175391,3.168085872575947,1.56234036416807,-0.6649605478012043,0.37715893474061063,-0.8382031368793827,-2.4363223109148424,0.2701612205573162,0.6771510058557311,44,0,2,2750,quota_full
148,R_QT4wEVqqxTNRMAX,-0.880271225791438,-0.25490953148907625,1.0576078189759615,-0.03150447660126875,1.1211512629862204,0.5020903008533739,0.9250069199971414,0.6525652789822902,-0.5208374618957682,69,0,2,1375,none
149,R_ZiIxPRAvxqYPKrr,-0.45933351189003024,-0.06732365549063105,-0.1734404309526313,0.6045556638002191,-0.5772258760427762,0.7807070561714825,0.7585943316335007,0.25854699578142526,0.4464059211883236,48,1,1,875,none
150,R_xF21Ys5s4AbazeO,0.46307496408458293,0.4946076453546132,0.6621399814353051,-1.1718199004293877,0.5184816033882658,-0.15968032899143242,0.6379354585206707,-0.8618320939066269,0.9518651334151358,49,0,2,3500,none
151,R_c37Ty9y9LhOMWLQ,0.8175543381411844,-0.7518636528171266,0.45060797743592224,0.32866784104677227,-0.1783352307509777,-0.009667242143516497,1.9844171847965335,-0.39285403782391204,-0.8101519587740413,46,1,1,1375,none
152,R_dfGQ38jg20P8Nvv,0.04730846514257848,2.6278485687865287,1.0315131514864038,0.5562947988440681,-0.8013562439517012,-0.719030629526095,-0.42079072703902337,-1.5313577477323415,-1.2941615705225737,52,0,2,687.5,none
153,R_wb7lTJx9OkCS5Mm,-1.2720813167513672,-0.22507422197476504,2.030354160682403,2.3524413730302403,0.6505647903055511,1.0820465762508122,0.6001512148745944,-0.926813905204523,0.6221677989819722,47,1,1,583.3333333333334,none
154,R_Et2DMHiEEGqduOj,0.6398250277542018,-1.7635429920874799,1.6376386858653444,0.20745284160971947,-0.15502955347447672,-0.28602900849433444,1.1236548307471579,2.1087387579451264,0.46349746413376747,45,1,1,700,none
155,R_CfuFoNQ1O4wlgaO,2.280706971587652,1.224810738378404,1.9547322164148508,0.09931564228434113,1.3592215485212855,-0.770680226401894,-1.2160196809251258,-0.3149014435628613,0.7093930092319284,44,1,1,875,none
156,R_PfejflN5k1lqjIG,0.006142579960592526,-0.3087441922383255,0.06532613544432347,0.2541993829627896,-0.3195020089636993,-0.5246302343632975,0.36675746802213155,-0.8957690655850191,-0.4440371199635329,52,0,2,875,none
157,R_16xgKL4ipbkUD1V,-1.0111708648258384,0.8452397008785622,-0.8130709246459604,0.22798737258632912,1.084570288287478,1.4692676843595787,1.467358930904128,0.45000533352133254,1.8978631377294564,38,1,1,458.3333333333333,none
158,R_kPphylQN6r3dxEZ,1.630947213084261,1.5500318645705977,0.4194945574683563,0.4583600478750805,0.6207209728660024,0.7338740047776839,-0.20873944891998422,0.2468615166999663,0.8413777156135119,19,1,1,1750,none
159,R_qcKyZABCFFvQSjk,-0.10583212790415296,-0.23874530294667068,0.12077084738088428,-1.589003195658961,-0.37776887744423654,-1.8656514465246667,-1.2309116100336348,-0.5174325332564982,0.47317047928096456,61,1,1,6250,none
160,R_GLal9BpRZGea5Lx,-1.0220891840641126,-0.45273638887066403,0.2453658526767059,0.5556404856619325,1.200104097602088,0.560838192927055,0.19056400628497364,0.9471503040240228,0.34418319279416076,52,1,1,1375,quota_full
161,R_6fCCAnsF0myegCl,0.5634570491878703,0.19439836740702193,-1.9852705073037864,-1.1904969685719402,-0.4591778705771828,-0.20704766241680225,-1.5196691884399829,-0.5727564389595327,-1.5063578021616606,47,1,1,3125,none
162,R_Lt9SnyUk2SOCEvK,-1.9876508964050272,-0.7653468429513494,-0.08564245744941076,-0.7055063320575721,-1.0086484334039312,0.3925884811448029,-0.9554646354726746,-1.021949863918742,-0.8665718322350325,35,0,2,450,none
163,R_gdGaswDahxaNfbS,1.090101033570875,-0.8032237311755853,-0.12286667449547072,0.9254523250441367,0.9345388548034248,0.376142527146232,0.2321253428373059,0.5224621518612369,1.142422137804507,69,1,1,2250,none
164,R_JiB7MUKfMZHTVoc,-0.18041119949737422,0.5902583842103234,0.5282551342618574,0.1114313133604989,-0.17594019712647227,-0.24245133497140187,0.4212588203076595,0.6827010950655743,-0.5037222988207297,44,1,1,187.5,incomplete
165,R_Y2rrAr5XuLTw4de,-1.3145709886993684,0.5135244414894218,-2.0488223600279047,-0.6665353676160338,0.9323974655946203,1.1439492215022387,0.48582027674615524,-0.28425483647876515,1.2901741793532606,52,1,1,2750,none
166,R_yHGjBmkLtIe0SjB,-1.857075222905612,-0.4263429648807731,-1.64531488057145,0.09130197949033704,-1.354429955385486,-0.7258900384109261,-0.6660022311221878,-0.11854518803308539,-0.7023331934734061,45,1,1,250,none
167,R_bvfujSwzPoga9mx,-0.47077110954532464,0.8122573427867557,-1.0139219678877593,-1.6339643119444465,-1.7463779924065295,-0.95233592114613,-1.2274937134905355,-0.16837466179678573,-1.8230984463141453,66,0,2,1125,none
168,R_q9GgJAcOVJoKUPO,-0.8268381932810861,0.057755103880447765,-0.578646114629564,1.6799419225950185,0.42872221061823046,-0.8803196934631832,-0.512244088641502,-2.3070500270540206,-0.24830017571645682,48,0,2,3500,none
169,R_8Yx0TgSMF6JZ7Ss,-0.026167153783222444,0.15322268171267675,-0.660280474652943,-0.5385791926568971,0.49519981675540203,-0.6974122981817537,1.2022437954825698,-0.11756005911751843,0.7016045563826521,42,0,2,3500,none
170,R_sk7i5tSiGNsjhuj,0.31421885154274276,-0.7022918171077887,-0.7085164824567288,0.4877553759194858,-1.4164850870901522,0.8742895614496317,-0.4977447911799441,-0.5438321349247972,0.1742233713181645,38,1,1,1125,none
171,R_aCw2o4QnIL744hE,0.19105286218157694,-0.6147195940828836,-0.853249900699972,-0.7691967886908672,0.25216600023767827,-0.17784030761142267,1.4739724572564903,0.4259737911147727,0.19988803570388536,44,0,2,1125,none
172,R_ok8egPEh2HHhFCS,0.03362271965515453,-0.9618910816983167,-0.9268503208477656,-1.2478613019112514,-0.7434162817876818,0.8561976229853167,1.8482937244489865,-0.03992821934007984,0.30859836713114563,59,1,1,281.25,none
173,R_NJcmXCyWA0rH4Yk,-0.19780159547991516,-0.6016638130362567,0.18686652961898317,0.67878416199286,-0.054585041631912336,0.3692863122113841,-0.8647910789354685,0.4389332823036499,-2.213907625496863,52,0,2,687.5,none
174,R_oRuz4nngiRRSC5l,1.4566752272927437,0.3280287471711229,-0.49211404753175825,1.4095484094105177,0.07558381788499749,-0.2869274503225526,-0.47762584798082364,-0.931904353728332,0.9128249144272447,56,1,1,687.5,none
175,R_6fXzru0XXeRanmh,-2.099081032889903,-0.3533840276618019,-1.4972029927604678,-0.7501409870356749,-1.3125861059003916,1.0243420992500663,-0.5457831562795799,0.18367229176807875,0.15145393439850408,68,1,1,1250,none
176,R_ASeUIFRVFVp8Q8o,-0.4561299196495948,-0.6707470187909942,0.28506255080370513,-1.1887157759717781,-0.6834796428603278,-0.35457225391077785,0.061307666038004735,-1.582851484587203,0.813482599177431,34,0,2,1125,none
177,R_JDysmQWAOccvL17,-0.22615710219752816,-0.214879420869455,-2.072438389384639,-0.3748582832884765,-0.9494260184375358,-0.3765543797127079,0.6481332871766454,0.8838681025913311,-0.7552301220782972,50,1,1,343.75,none
178,R_E0f0atYMvP3w1T6,-0.8751118373335213,-0.0376063401833073,0.23874061524591772,-2.2967896411582456,-0.6011517611963829,-1.5767901806454505,1.0438291414076326,2.265706795654458,-1.4953727728291486,38,0,2,3500,none
179,R_eurv1GyL0VCNUK1,-2.6754400304756354,1.6068354369302855,-0.9243579125070752,0.46058899478666016,-0.25427698929432957,-0.39086779285225237,-0.759222869678139,-0.7468106042462642,-0.20770952646825183,44,0,2,4500,none
180,R_ZTjPZ7T4oQ3kCsO,1.0652725777590835,0.07541058649029865,-0.302734925199422,-1.351880553734196,-1.8472307781732307,-0.44095472271652786,0.8984326280303263,0.4805286026741342,-0.7021026211714274,69,0,2,4375,none
181,R_IMct3tcjMkGJLYW,-0.13437364714160374,-0.29686598896689004,1.1616992275823064,0.8464014271669376,0.07957640132697594,-0.39205613821682633,-0.1409794399890292,-0.8316577984210693,0.1335768791037792,45,1,1,1750,none
182,R_0zJAJRdNQj2BARB,-0.6687509428379681,0.8935376704437452,0.777757007547505,1.729702977278064,0.19955473441302748,-0.47894480823833585,-1.270151130045343,-0.21201124457419876,-0.2741940862046618,51,0,2,6250,none
183,R_kJJurGJtWhZQxv0,0.5035512969039097,0.8444165406194994,-0.4310567516391496,-1.2296915433150475,0.20836948936811567,-0.6864791844642972,2.043285661151037,1.64082589122555,-1.7140878869929916,36,0,2,875,none
184,R_HSCEcnYkm2WMXFN,-2.1591383854003734,-0.1798708474024085,-1.4482698308236477,0.32091962706287125,0.41683420113991815,0.6291678400142879,0.67588701951325,-0.4967793284136986,0.7984085411401605,29,1,1,2250,none
185,R_v2W8qaTpP2AzO6B,1.300075815849584,-0.14507696758711058,0.2946736526868507,0.5088936826972437,-0.6583995465845829,0.33953320688310573,-1.1305789883836719,0.4681577214114458,-0.9825058295025997,39,0,2,2250,none
186,R_Jr18F4c4e88FUD5,1.2332774550658387,1.3422632780981922,1.4414298174954676,0.07503772310228089,1.0147832511295258,-0.2496311899432997,-1.0705418937017452,-0.07204331966511729,0.34482152653088016,38,0,2,1500,none
187,R_WdMTYuBk7xZEHck,-1.0175156917819954,-1.6854785200686973,-1.1435795047785549,-1.527259826456225,-2.0070570935032213,-0.4211808392886065,-0.01874064646447582,-1.3315564883540763,-1.2101370396604987,69,0,2,156.25,incomplete
188,R_FuGRza3ATS8Jkj5,0.7847414132515388,-0.7428821812116668,-0.3611131808087449,-1.1904206045787662,0.022445341624894213,0.5114288659482136,0.5565952472494615,0.9243403161385504,-1.3765294059832573,60,0,2,458.3333333333333,none
189,R_ZmRcui2NdjgUKOU,-0.275603008776832,-0.42736414532954,-0.17475383038956563,0.7534361784192892,0.7628919919928843,-0.002404493661367302,1.1854834351335117,0.38206093009742553,0.15416446367882508,44,1,1,875,none
190,R_pFFpMpBN45IlbEm,-0.7004734451786097,-0.6893054651006181,-0.7251533096948048,-0.5985204686958521,-0.2163606826460676,0.08052914028928383,-0.7757920433659602,0.3869490231936423,0.9329218397371642,41,1,1,562.5,none
191,R_WNN3mMt0wfQvZuq,-0.9244816967874976,-1.4001286719957815,0.1619630597320482,-0.7406443713819902,-1.4411448149611397,0.3174368279327084,0.8346807888872341,0.7309271291605792,0.803164134041085,34,1,1,2250,none
192,R_8d6FA2BexJjF2w5,0.5109442114264436,-1.027134412183388,-0.9060143253253695,-0.001250488539214251,0.367311645135757,0.4150683100451414,-0.1413452154340789,0.48119067434619794,1.13907313964647,37,0,2,875,consent_refused
193,R_FuScyt9BehZWbLv,0.6422038414379874,-0.6456950683483337,0.6843281120807662,-1.0563980375612125,-1.6345128746229445,-1.2624387676595021,-0.0926711371220668,1.6034264200126884,-1.4469683912970632,51,0,2,1166.6666666666667,none
194,R_Knfy60cbRFl9p6H,-0.36098495908328554,-2.4796465382254285,-2.143865046821397,-0.11974890155264412,-1.0030313284015162,-0.34223797601451883,0.9669340313043427,0.7795721358612364,1.0888433117265277,44,1,1,562.5,none
195,R_8DGz1faxQp92WfY,-0.9357270513143944,-2.02303932374224,-1.4606168477178547,0.7564353698354913,0.7360227456714555,0.9915180361467613,-0.4753008185292077,-0.3249512603765564,1.2989388157820403,40,1,1,3500,none
196,R_n9fXaBE9BJORaXF,0.6293157418783185,0.05589114299138929,-0.8489740768686066,0.0182432245816416,0.30221288822568365,1.5572130878063581,-1.035882404213057,1.2995523536356055,-0.986229949689692,63,0,2,550,none
197,R_DkBdOLu3OZPV3gg,0.09398340453458721,-0.8441497736130151,-0.259824871299875,1.1501542280301933,-0.2277365726495198,0.007919261897031155,-0.47575882629064503,0.14580929070532278,0.5250376344769884,43,0,2,343.75,none
198,R_AG0vyM9YOBW0kza,-2.186100474779877,0.1298277832478618,0.12145110751498002,1.1632494507345768,-0.2011196278729234,-0.45484039812401234,0.27546190537771786,-0.6049831972802928,0.3255396089564017,20,0,2,562.5,none
199,R_YwEogRsOjsiE3ry,-1.164274699053763,0.5991158066522488,0.7754862643466027,-0.30140081071766384,0.11094907320429186,-0.0029591231117394867,-1.2700455375026956,-1.3078151566215661,0.07641165677945633,41,1,1,3500,none
200,R_HPMxGMPNpAyWfB1,-1.2516203453356776,0.3113613556390734,-0.241708317670252,-0.4949146360332246,-0.720350158093087,0.10213692253424617,-0.4210286144204351,-1.4567171554129612,0.6651023139734538,47,0,2,145.83333333333334,none
201,R_J1qXhespweYgrdn,1.5775628723260415,0.009706151677690181,0.8490191281547748,0.4544902028913057,1.6999685389774581,0.052021632073726315,1.040793674819014,0.8052247265473915,-0.14864399181622584,54,0,2,1125,none
202,R_lWM8sBhMOCJ6xbT,0.15393628921964148,0.6172510760958997,0.964208018347323,-0.8432393005944055,-0.07130378080928533,-0.5173823061226814,0.20405887884466178,-0.10412835460447623,0.5862800688859509,18,1,1,1125,none
203,R_U9RIvjEDU4KTlId,0.7241918025130675,-0.16947606319543726,0.25037153823619235,-0.12880614444555424,-0.9138453879440549,1.072777893904066,2.64907713656161,0.34286777057862616,1.080753351764189,26,1,1,125,none
204,R_AzkVgdZZyGLLQo8,0.9107151629267249,1.4530737604861852,1.9674480846716915,1.0305588360340199,2.4207814503879352,-0.593953930029417,-1.8609244671781129,-1.9972268557897135,0.557144333724912,43,0,2,3125,none
205,R_974ertT7qruKTU3,-1.368945958894057,0.6908821064065659,-0.8560497076328564,-0.22402717970296263,-0.4561279469855722,-0.14524857416645304,-0.5944219910362871,-0.6577924018809433,0.6055953061432118,34,1,1,437.5,none
206,R_umbM3FC5feEfss8,-0.9471804756534808,0.5418673812577111,-0.21858564808666348,0.014835991267313517,0.9305508144349167,-0.33468449390923083,0.0025218819219429145,-0.21886682512413672,-0.09833947806881271,68,1,1,3500,none
207,R_pKnNn9BdFTwjNap,0.40660122696173967,-0.3705912035449937,1.7123843352011714,0.5386500290462988,0.5204097711879337,-0.44998696058267523,-0.23622708335127,-0.6439039950482494,0.18588441546798506,50,1,1,12500,none
208,R_Txq7VRP9rVqosKa,-0.24698975484981248,1.2982247216075582,-1.1328430487343824,0.540510429757627,0.08627531839640175,0.8405911392575458,-0.3554447933315472,-0.2065170030616455,2.058096027166032,57,1,1,437.5,none
209,R_iY1KorEx3jDpgfh,1.836501732172683,0.5226497323876698,1.141602461468902,0.07839369221332551,0.8648833594031143,0.6268210912926889,0.5672584864176233,0.450690314080454,0.9973567190087982,55,0,2,1750,none
210,R_jd0c1L1a3lOBmsu,1.1582755917056213,-0.11413756535725604,-0.39860487023660107,-0.6760342912979084,-0.3275635708958035,-0.27545215405482876,-0.45916165883839244,-0.9734088637247843,-0.2255064302321281,40,1,1,343.75,none
211,R_TlawJv4IHtTFkhX,0.8609828850255877,-1.175835430110291,-0.041135350684923466,-1.7356807484873653,-0.7165073875565869,-1.4734223282828967,-0.14518565765878097,1.5060319791385393,-1.9267642723271465,44,0,2,6250,none
212,R_3zl5llGf9ZsUvGS,0.03894485694203404,0.26126840575380617,0.7905614693940347,-1.1580364605360736,-0.9983058002085916,-1.070371648199648,-0.3117622400833494,0.6353475023793461,-2.2660918355513537,32,0,2,1750,none
213,R_Va2qcEPBeHQQR5E,-0.18334930591834653,-2.0267537119079866,0.3939826995052644,-0.6602000294084037,-0.453986110033423,-0.005382825436240387,0.34681016650503427,0.7791154471671426,0.2893111793093967,42,1,1,2750,none
214,R_CtnuIrlBBOTagAD,0.1821829992008331,1.6223229401128956,-1.2723910564372598,-1.0179247809929246,0.03160709293750146,-0.07978236543904652,-0.8757970459900721,-0.6952853327378045,0.8121671763546676,35,0,2,4500,none
215,R_YEHXzmxWuY1No1J,0.8301541482581244,-1.6561445984376937,0.9691798370722032,-1.1766671191993257,0.9907500384719553,0.32076959084374956,0.3572559817662254,0.9589082061276101,-0.6117281314864108,65,0,2,875,none
216,R_Pn29rDfs7BayGLm,1.0929430953602168,1.4896572963974746,0.34273040264934884,-0.38614566001344974,-1.1042436553852362,0.643895563760569,0.08259968155655756,0.22302763754855615,0.12918681516048847,53,1,1,1750,none
217,R_diWU9BuDHUGGhVX,1.5897518178763328,-0.184302729853902,2.0525102159232476,-0.8599760605366974,1.5121525762673775,-1.2430385294930764,-0.0695546628077156,0.5858095717297791,0.18390494668526552,36,1,1,1750,none
218,R_fNrapAiN4IA4FRi,-0.5414320674036894,-0.4600584229185055,0.2992482678241927,-0.05968265075151423,-0.18537192155111837,0.9286205570437438,1.1491769967881658,0.356643563188782,-0.5168555300664923,26,0,2,2750,none
219,R_d09nfxDu9v5OeS4,-0.6079980240037385,0.4320967563364447,0.4939435834221666,0.3259441712939004,1.624701459935384,-0.3543862692000943,-1.2502253841296747,-0.4973152486700746,2.6370709244003585,33,1,1,687.5,none
220,R_MaFU4cArrwzOBU0,-1.1085945765162284,0.9165538008066073,-2.465006794137273,-0.5845674481042876,-0.939743406059261,-0.4635219021162268,1.0946008026092375,-0.0686000769925539,-1.1766082269449114,44,0,2,583.3333333333334,none
221,R_rKl41oWJFqpzBUh,-0.7911918490458156,0.7643257860239332,-1.6664332079270239,0.7537126133041481,0.722910150703979,1.3698794646533579,0.6095411769720749,1.5889501341787051,-0.22180633392627824,52,1,1,1125,none
222,R_6bhXfZ84IUoIAVS,-0.4532758234779645,-1.2557481570235258,-0.06374553739592848,-1.3120760437814216,-0.3584944587797474,-0.8957161804218909,0.9538131111875612,-0.30828741793372866,-0.0044105668673758425,68,0,2,4500,none
223,R_LhIm0BBJazgWyKf,-0.7966694440527916,-0.26345036809787964,-0.990039835352524,-1.0191493080786174,-0.4710973927783282,1.2134663954740892,0.44434817218655254,-0.06592882385989565,0.8961828166959217,57,1,1,1375,none
224,R_ruBqQAqgDj203Tk,-0.49704270854413385,-0.41065923068415755,1.8976151274554731,1.371332858384344,-0.17482607755426174,1.1315844166492586,0.18490214343840763,-0.635250138885957,-0.954302691703324,31,0,2,2187.5,none
225,R_PkD3zni9SV99Sf0,0.6964823144235541,1.0420481232641385,0.32987625596789966,1.6991491985581502,1.104389006207714,0.3284107593236222,0.4271598209559794,0.5150709412028085,0.4323043497600664,41,0,2,625,none
226,R_kZLaBXnBOv3FGs0,1.5257292317642295,0.005939682230375154,0.05186473985101401,0.45383277184812765,0.9270698767444988,1.6226603390294367,-0.04029421704392333,0.482603532583381,1.0618244141410218,45,0,2,916.6666666666666,none
227,R_NOddtsS6I8tCZMD,0.5932797983592607,0.8654865359963874,-0.5943041489281102,-0.627482675247217,-0.03574663653578427,0.5793053945906711,0.7442391250089622,0.3347318581969873,-1.945314874747784,43,1,1,2250,quota_full
228,R_UIHnO1otzWqiyMW,0.2161625345556029,-1.0146745995577122,0.38659854818658507,-0.011633185180249828,-0.8862741883512104,0.3529464882155546,-0.4864305871220916,0.07824634827446078,0.5147214059356634,35,1,1,6250,none
229,R_H9HBUgz6NIhvIfh,-1.5893216662085714,-0.6139647173408808,0.3349972496401063,0.24380876009039862,-1.0413629005577674,-1.5378298864539748,0.5094370238271605,0.11060204935275321,-1.6764631480696512,69,0,2,750,none
230,R_8QP71aibu7DnDmY,1.340073101972657,0.6426964340236987,0.9679528542628596,0.9858057332634899,1.2360406958936772,-1.6680684810031776,-0.9871087043441069,-1.0860289609399358,-0.6264205660559543,32,0,2,1125,none
231,R_d74jidseB2K0mj3,2.95518618721089,1.2420097871167384,0.8698673169567294,-0.45491692983416465,0.767000025296197,1.0893265029390347,0.8367317629180027,1.0560682361655738,-0.629137768323517,39,0,2,750,none
232,R_wLCDdkeGOYBXnuT,1.713256365321332,0.02178256456223053,1.2377033170954748,-0.2325396237672585,-0.25190319003539857,0.2844197810368356,0.7502329269308987,1.372424909553878,0.83312299417504,52,0,2,550,none
233,R_lbXsJHdbNBFNd0u,1.4416624399838092,-0.5427658443249977,0.17224219906126378,0.7005636784251533,-0.3204648920567849,-0.8691822114251989,1.9042010154491642,0.5744419041173768,0.8310204213709865,38,1,1,1125,none
234,R_MgzUtvp5OTAelaC,1.520534775896668,-1.2883637739911813,0.4375767349815393,-0.3468826022561075,-0.21671825446102233,-0.16667861885519736,-1.5896176822830954,0.4125123516049935,0.6085595667432024,65,1,1,312.5,none
235,R_kRgOzWI89pv9ned,0.11671781015394372,1.4730981173703337,-1.3382964289976682,0.37822381096881813,1.393445809737896,1.4865556071114763,-0.03494225921573256,1.1017275022832367,2.790346362417803,51,1,1,1500,none
236,R_O5ncZyh07a5Ftdy,0.6735034365046102,1.3279427241131265,1.024850614583973,2.3660804410856424,1.7468782889024128,0.3623632939239597,-0.9443405104686284,-0.9870956651331193,0.13632700217291593,69,0,2,1375,none
237,R_USPoaiHEDveS9gY,-0.5621279341816424,-0.563201538802464,-0.7213149750511085,0.4634734598068591,-0.7529806860077709,1.911617452309111,1.5475684777601622,0.03296253321748547,1.2593438306917861,34,1,1,208.33333333333334,none
238,R_bYlxhFQVbUH566h,-0.010658131769242003,0.5587065598494416,-0.2292997447665197,1.2372625180521213,1.1334135251725637,1.048938235034925,-0.1268639896359516,-1.0232324327791287,-0.44477100661361857,67,0,2,1750,none
239,R_xDG6LFSRbbcolfY,0.6520049702240976,0.6538719790033461,0.46576182269001565,0.6402328647739014,-0.12855223632709475,-0.08521173866583404,-0.6663515902084426,-0.9585228750607893,-0.42767129885017013,69,1,1,2250,none
240,R_4b7UCPRh9rlnEcR,-0.5765363463771985,-0.19726187885136068,-1.42496305757143,-0.7837553522294228,-0.6065418095290139,0.3453847223199815,0.9063279169757665,1.0556177100539978,-0.23111154785888086,38,1,1,1166.6666666666667,none
241,R_syVknzvUyHkLD4I,-0.7208589703666273,0.5607077519743883,0.5705838197354947,-0.275418118924774,-0.6381841621891363,-0.6165734093923081,-0.7221907323978275,0.8081797378679496,0.7053986368805544,37,0,2,583.3333333333334,none
242,R_L0ww52qz1ZoSvdO,-1.7498730710306614,0.5934788031646419,-1.6583853526848897,1.0367698204663582,0.832285837596437,0.640362235580426,-0.544125396874349,-1.041024628271445,0.3885529440451264,21,1,1,1750,none
243,R_3iz4UmqBwrTqmJL,0.5499451466188093,-0.4300926889581805,-0.5531972406451315,0.6048491849563363,-0.2855948989069285,0.09988396345084025,-0.1794595982959793,0.45118594575968185,-0.2647847430335015,47,0,2,2250,none
244,R_wa5RhEO9Xa5NLfD,0.4887760192576729,0.8201725391554111,-0.4947624335945885,0.6870337242975095,-1.262586883246808,-0.03313525304604301,-0.22363657855324925,0.3479445735703613,-0.7833143340052027,50,0,2,1125,none
245,R_HDMTh8fUjlGnouF,0.2925700290960564,0.021298889656196147,-0.5939628468616022,-0.20904239602309624,1.23473739519125,-0.19640983456583264,0.37412086212913725,1.4733074651239046,-0.9680853110325549,28,0,2,2250,none
246,R_lTY8gONoN2FBWef,-0.3364155660502564,-1.11495701092939,-0.716608760093737,0.49410883936472244,0.15714070275656764,0.2995873144675744,0.06558265412314596,-0.625631958564643,0.2201499112298402,36,0,2,1125,none
247,R_0h4UhAxdHQMWrtM,-0.9011489006996899,-1.8889486123083004,-1.5874194391837637,-1.1896577651525402,-0.01384197433095734,-0.7169445861900077,-0.8656669156887223,-0.8433446905714583,0.12870528405665488,61,1,1,437.5,none
248,R_1UvjPziZn2pJJFt,-0.8120876577990165,-0.35769645599675925,0.4526601347066083,0.7684643602377943,0.32406597049767033,-0.7000071638979214,1.0423739034160604,-0.36707120629085943,-0.35862300728683505,18,1,1,875,incomplete
249,R_cvBtHHIc0ZDUeM6,0.38175393380028244,0.7174026143344859,0.2827170465485505,0.8029680014575495,2.5386977986688355,0.4021618133535632,-0.7091614085539049,0.6652008136334979,1.6882763295666594,64,1,1,687.5,none
250,R_Rzft1OWLsgRi7tx,-2.407351294877687,-0.2800363169261328,-0.48886713683377986,0.5698385525862381,-0.5884823478976773,0.4586043553106547,0.7082707820987608,-0.8137464935300394,0.1753318299523712,40,1,1,1375,none
251,R_2fLUSqX1QIM7549,0.764290383328263,0.10538553727844689,0.7100129888229996,0.39772655969634046,0.09610102390173898,-0.412481798691094,-1.0650558349444332,0.1656255661069498,-1.5421217724666505,28,0,2,2250,none
252,R_pXZQivYPfNaxX98,0.9396081661800676,-1.1421255003651387,-0.8325443140618795,-2.058482241659507,-1.0271718722628809,4.325767775724027,1.57124254714184,0.4950515897294989,0.8711369368879707,49,0,2,875,none
253,R_7siut7AAlG4Kr7o,-0.7241627736698846,-0.7805373608936833,0.4377484991996811,0.29730448095905676,1.4255167595698328,-0.7396605794540275,-0.8044296424718791,0.6996265195793863,0.08104049932658397,42,1,1,4375,quota_full
254,R_I9TiTUbOWfwXYiW,-1.4011828115118115,-1.0609386955865199,-0.692225994283899,0.03491943947661979,0.6825405557885565,1.0109461654889949,1.723406884205471,1.4523064013005094,0.12979996650079173,54,1,1,550,none
255,R_VPcW4Qqx4aOpd24,-0.1957659764782703,0.2545249503257395,-0.5112520784598431,0.4552050316384024,-1.3207253633534046,0.46535866271391657,1.540703197384022,1.9683315862938195,0.5651011243545615,66,1,1,6250,quota_full
256,R_7RlGtPgZm9C79xU,0.4462256907247163,2.0111809359630604,1.6994691354506999,0.2335355327005857,-0.571344802269197,-0.003224954530346269,-1.1706922446880341,-2.2079364523525506,-1.0973126615723672,18,0,2,4500,none
257,R_WOuYcirsXkMDyry,-2.17009905225426,-0.3914990459720096,0.9765292805662696,-0.356274137938777,1.614233571455493,-0.021640255481760722,0.304216549565905,0.11733751487647348,1.1652809329825584,51,1,1,875,none
258,R_5SRZeIveGIupmoJ,-1.445009308489286,-1.8534674231106896,-1.27975846903399,-0.09807045799588612,1.0101627602717902,-0.33487035168638524,2.718955521769315,0.5007829833218709,-1.0564223687822536,24,0,2,1125,none
259,R_XkGJSb1JRUCgsuY,-0.810314446421733,0.9766160007050811,0.6662032775147769,-0.6042647416443668,0.9210739184278097,0.09200803375863953,-0.5397189848723989,0.16627073910074308,-0.6087376239069806,48,0,2,437.5,none
260,R_6Xn1u2MFXjqPY0v,-0.6576107294100935,1.1562974497388385,-0.6191853420886411,0.22743911749460832,0.9473708568954397,0.446673186047163,0.5398983491826642,-0.5618420682117842,2.0048157346523667,34,0,2,687.5,none
261,R_OyXIrwcIUXUX82u,0.35811347600254273,0.30291073924483963,-1.1426961522205543,-0.8264470487030408,-0.4381132454477315,0.06736199651399571,0.6105182727692481,0.780649951885151,0.17643875395518926,31,0,2,1125,none
262,R_aJgJMni1dSmi4gd,0.43100157838309033,0.5358784244774035,0.9686650275532434,0.4857162579520227,0.847893808711632,0.555469892443359,-1.5494564974858962,-1.2205087941383936,-0.7925206700710156,35,0,2,1500,none
263,R_PsSeSIKUQiNzwBv,-0.7550643021669063,-0.642589987906782,0.1793315948461574,1.7304873561539034,1.3272147830460352,0.23739261457113242,-2.8741939462574466,-1.0928456077791926,-0.23495081456032513,29,0,2,375,none
264,R_RJLb2XozHnSg94r,-0.08221645296239907,-0.8957393124419099,-1.4431039268533006,-0.6334798660134521,0.04082933843838346,0.2413165351702929,-0.046601017081159324,0.9777222867890281,1.3194950681185769,59,1,1,1750,attention_1_failed
265,R_Vj6qHMnAoQ2nvYr,0.04317822989843528,-0.2498155802535898,0.179559245496954,1.6186413207344386,0.7696775084786304,-0.6343950747381469,0.7689927926682185,1.2750966243198913,0.2620113907209032,45,0,2,875,none
266,R_PRcRpziUjDIllST,0.37082403746367537,-0.6075397120794811,-0.24505672669838816,0.3501043308360523,1.7127901643831032,0.23823433463548904,-0.35395323695782355,0.4851715223846059,0.0012272653273573244,69,0,2,125,none
267,R_dSsnVjhhqW8Y8F0,0.09492307517166215,0.08413270529936272,0.9194664537001316,0.24946278244926717,0.5831538098580777,3.6420118888263087,1.5431251942636148,2.248632783668509,2.0302342295440257,33,1,1,875,attention_1_failed
268,R_RNgt0SQYubQF7E3,0.15966769253148583,-2.4670456006729062,-1.0853431861950604,-2.2502705455222625,-0.8704488317328819,-1.4166865902786734,0.7925616243984919,0.7590544387140352,-1.5024457125379607,50,0,2,1375,none
269,R_4phkHzHde4r2VXA,1.3054526683853036,0.11190347406784017,-0.26748861343692676,0.2757946958353403,0.2425787288734782,0.14046045276812102,-0.4342859022041996,0.531077382341167,-0.4694092568550796,33,0,2,1375,none
270,R_14d6CgtccHL0VH3,-0.5029059930825859,0.1744166301200891,-0.8260873779738057,-0.5609456161768801,0.35129090938223506,0.4745805763278429,-1.1594234389926419,0.25926601318143006,0.3609156988005008,68,1,1,1750,none
271,R_SlGmIneqfHn9IPG,1.9856913599390131,1.6398816179597726,1.2816102810573704,2.0431822635737267,1.8374518749077444,-2.0973350943169016,-2.9957366752478176,-2.507673069784632,0.9826760489330297,40,1,1,1375,none
272,R_6OIs9Q4mg7wu9Rf,0.15450363484472918,-0.05537722976998646,-1.6001002014866097,-1.8275222245232707,-1.4160031224902643,-0.07790978042655344,0.6319565867099104,1.1149583813119328,-0.18441507835181659,58,0,2,6250,none
273,R_szXe5MEXxFsKmBE,0.6890110580234589,1.3959969805862256,0.2483780473492111,0.7838501492605398,0.6163625719390895,-0.5451904272048668,-1.6138167421091787,-0.2556476679425306,-0.8225216232609904,27,0,2,1750,none
274,R_oQ7HwH42WNgm1wh,1.8041584099549217,1.8304934302373672,0.6624465134617447,-0.1710105207314138,-0.25789695857318273,0.3889073370748532,-0.5210745440759373,-0.5563948530449822,0.18790369557125913,34,0,2,312.5,none
275,R_Gn8ccfbDkzf35da,0.7593987945072953,-0.090552524216959,0.672157328652365,-1.4259288752025738,1.453484918843081,-2.700690892936623,1.3284342708990096,1.7200228252558007,-1.2880785156813903,69,0,2,2750,none
276,R_eFIlu1r3s4C1Soe,1.0779044227633305,0.1316006153573254,0.12844431948904117,0.9376659271888351,0.6252638777313937,0.3092863394601331,1.2820464118281296,0.20910637006143634,0.4801393395126785,47,1,1,1166.6666666666667,none
277,R_W77CtwAVANIzP0H,0.8443766374848732,1.3501883446405503,1.0314614369294304,-0.08910538229908926,2.1283739856765562,-0.2365065977451572,-1.293403916720752,-2.0558750071019367,0.4315574592576121,47,0,2,900,none
278,R_nef0NYbWtaS1phc,-0.6825669862674462,-0.20974744098918166,-1.26058117130557,-0.04951566380090476,-0.5438113002721102,0.39373073940275805,0.298718440976864,-0.22369449834272587,1.1021967142040154,62,1,1,1562.5,none
279,R_D4EuQeAEYS0VXHW,1.315316477088287,1.759626116701815,-0.5624143460351084,0.7158086526301061,-0.07737730504033838,-1.2656701379941189,-1.6137677923846903,-0.739110490962848,1.152558627243582,35,1,1,437.5,none
280,R_3HZ0JvxqRaZcyk5,1.211130707591329,0.2719474347985188,0.8185875507217133,0.9365300202618088,2.606307614588491,0.12803923590479288,-0.056540163468307966,0.021351069679044488,-0.12738219441929377,68,0,2,687.5,none
281,R_p2U23VYZoWoaeF2,-0.757744137734926,0.026047682353369125,0.2964960038555623,0.9464721895085267,-0.0364759201888231,0.15881104417486683,0.22607153374799668,-0.17041798102091152,0.8710860889038684,65,0,2,437.5,none
282,R_En4Bvx8T0U1TTC8,0.669340077558375,0.066426408327061,1.513350254760005,-0.05129370048128716,-0.05233463386101596,0.43502876016495245,0.08795534210367956,-0.8139785278838091,0.8772268380765251,28,1,1,281.25,none
283,R_U2rXY421gfVmYIS,-0.5818480568377309,1.212656585704371,-0.7182211465291374,-0.2283938631144628,-1.5266270259933563,1.607008666070784,0.005008943563782675,-0.37099956573599646,1.4361889101881795,61,1,1,3500,none
284,R_ybbMO3ZopT7SpPQ,-0.2733794585998987,-0.15682075656952957,-1.1026217625067896,-2.3621073281290657,-0.019318673979021775,-0.3191705267384989,-0.9643755307009121,-0.7573845516819832,-0.09527397671812374,53,1,1,875,none
285,R_MAq92dCy6P57mK0,0.33703195744356823,-0.5699689084205838,-0.3837436258515935,0.6341349280119877,0.5054791921121232,1.3211197817175024,0.6472078060286899,0.5978817345785556,0.7096586741200087,22,0,2,3125,none
286,R_QlgQaaGtsWNSfve,0.21008814434215364,-1.2865357806093054,-0.722685750446131,-0.06043068731238431,-0.3765934257115067,0.07685950709647876,0.22776424681105747,0.9452779447157138,-0.030570135367186113,69,0,2,2750,none
287,R_5zJ4jWq26hw8fmz,-0.08831148365665425,0.1258900213540435,0.17386098358229551,0.2662956104641869,-1.391363291773641,-0.4168028143720879,0.1806626646179076,-0.5633513479564958,-0.19527236424954414,29,0,2,875,consent_refused
288,R_J53f903UwiHLVhR,-0.6412123893613314,0.34127898410195395,1.3089759399986698,0.6119271770673147,0.10388922828105618,0.9218616268553721,-0.4592696127781031,-1.0350273114837574,0.05403921810267601,34,0,2,1750,none
289,R_mfKQvmHeVg5l1Pd,-0.6827699055075211,-0.5069881099751049,-0.8432548038218244,-1.0100947818451131,0.12641146288377,0.15501767070132774,0.414222321117506,0.07318261613222703,0.24852690228001698,58,1,1,583.3333333333334,none
290,R_tGur3DEZ38dJN4y,-0.363404380601089,0.17075225443746878,0.6696528235903515,0.06897426136581966,0.16262792813650628,-1.298796854462452,-1.0715603489545846,0.4233832403770452,-0.2762845563791956,59,0,2,1500,none
291,R_FqXh4vqP0y13ayV,-0.7010375028690533,-0.18576756222004015,0.10049090191434029,1.3071407813246407,-0.09976702634854405,0.13688335507111854,-0.015410781128035587,-0.28297669782927964,0.15307601087493572,33,1,1,1375,none
292,R_uJbNTK21mZox96I,1.0037271364556983,-1.1088942440046847,-1.08658675595677,-1.3853720901659727,-0.6209443216149596,-1.4148639465281607,0.3961141836081029,-0.21562846022334958,-0.8685164780727181,56,0,2,196.42857142857142,none
293,R_BcsubcPmgnLqS6T,-0.39461174265960247,0.41647975005189747,1.6779116182818063,2.4988418108127,1.6618187928132488,1.825948388849521,0.46265704035468835,-0.1195014595190198,2.379219110748795,42,1,1,3500,quota_full
294,R_q0vDmM41uRqq9FD,-0.4650147634807851,-0.5010847832550945,0.692248514657558,0.8654745661492852,0.7216799801356124,1.0102178686813408,1.4898433483322815,1.0225031379611387,2.481203467499123,46,1,1,1750,none
295,R_3PzPOHCHghaFM2D,0.7888990899697497,-1.4914334520647148,0.7264344876594447,0.8387703446184316,0.7357776300022759,-0.15258895341939238,1.724222686090355,1.5687037077974288,-0.04504246068400919,53,1,1,3125,attention_1_failed
296,R_nAsG6yDSox6K7yv,-1.0468517734591885,0.09178559361193268,-0.16675733056502348,-0.551452198154797,-0.7344469665927362,0.7515795809643323,0.8171170848391963,-0.6465667463300728,1.0156556879916243,64,1,1,3125,none
297,R_UxKCweh3a1fPKqY,-0.31711981179578635,-0.8435670075272619,-0.9198026807183994,0.13339174011330807,-1.2255752855167479,0.10502012736494568,0.03219658473313358,0.6827594045622175,-0.7976973567300882,53,1,1,750,none
298,R_wt794uoC1dn7L4f,0.2703047971072549,-0.5898636629071414,-0.4048360457727175,0.8962627785710098,0.17465431751156385,1.4133965668325483,0.2053227321469772,1.218642983981655,1.906451672860574,41,1,1,343.75,none
299,R_eCxgEghbX2HxDyP,0.5144062201713854,0.4625689649800651,0.8458462805266831,0.5985004228903004,2.361733089452499,-1.3209020139888685,-0.5375302722524122,-0.8296258495853719,0.6023121883787536,24,0,2,3125,none
300,R_r3gdyplU37cilic,1.3248208660049428,-0.6140803823544657,0.7596539785028443,1.7378233082239047,0.9200834088485056,0.2725827211547097,-0.24483211902996277,-1.1759790588501238,0.41856163540753544,42,1,1,875,none
301,R_vlnvdZFGE5Wpx2J,0.9082127616226296,-0.8556316365171961,0.11673394334367145,0.10912333498867473,0.402131583494002,0.01592567507010262,-0.4146816996907703,-0.42665169077231313,-0.07213350523285147,33,0,2,2250,none
302,R_Jsryey7TrkCPQyS,-1.0306849800148241,-1.0381668445190506,-0.4701020550246523,1.479542299397455,1.1521230356783256,1.188533445798842,1.6594763109289168,-0.48763252878260266,-0.11187557352773525,45,1,1,2250,none
303,R_ZPH5S4Hy2wXau1E,-1.2152145041460367,-1.7975626030575123,-0.6013886243116329,-1.0386276773590133,-0.7011120392913401,-0.24724676960212838,0.039594214652517834,-0.34531238097530237,0.9133168118808352,38,1,1,1750,none
304,R_BuDXOSP4os4xN2X,0.3688927578674463,0.2170522903707365,1.7060239278806888,-0.03633537854966269,0.548096289114372,-1.3347102073132477,-0.6846986894583056,0.8328571892137038,0.2840956110689187,50,1,1,2250,none
305,R_lwaobEn7rrGgFJV,0.6349933496246699,-2.1283902818037412,-1.1358303265519398,0.033789075128033606,0.7688105836414659,1.5612298113605672,3.037236771535793,1.6872249722289134,2.1860730132837656,45,1,1,2250,none
306,R_x1sxLKCcxXSho4r,2.2633648251935976,2.0772769092328733,-0.9619058600879862,-1.248127501089494,0.3436911338102991,-0.8620209145096643,-1.1756266198253267,-1.1956645651920241,0.46609628306630546,47,1,1,4375,none
307,R_ETxSOei8PjbDp0r,1.17714312735406,0.7841478200996272,0.91852185532772,1.0512824518042,1.404813132985542,0.7467513020214468,-1.1478897358197764,-0.10119293644708036,0.4336570223402634,57,0,2,156.25,none
308,R_yUP3GjwnahWxw9g,-1.9916115415025095,-0.8857665026746067,-1.814626580577314,0.21117049797108087,-2.084003933096685,-0.393467507514294,-0.13188587027916165,0.3108894844361159,0.07085408743711653,65,1,1,916.6666666666666,none
309,R_KMw2V5jUaHcdvVJ,-2.5165256799458673,0.3949031119456436,-1.3500389612949986,-0.053305289312656316,0.27861744782665776,0.38216480566968947,1.0189335904287762,-0.9464523577560675,-0.5337872334238547,49,1,1,1125,none
310,R_pANAWC2ULHtovTi,-0.05769397073686858,-1.1979840817027945,-1.1395878150044554,-0.20821551863572843,-0.3213587317431125,-0.5526343695836649,2.2143971178936455,2.0898309986635546,-1.5885639557911322,47,0,2,6250,quota_full
311,R_oW7jAmVIyA63agd,-2.2272603128452126,-1.1455345334441158,-1.7091830220223119,-0.06820567857459368,0.2529478708168282,0.6771288367086392,-0.2585333955577104,0.3526200958745862,-0.806529657111519,69,1,1,3125,none
312,R_YQceEos35z99dg6,2.019036706205012,1.7748879368085568,0.08296033870983278,-0.3497785282100454,-0.4947734325521183,-0.8483032191656361,-0.7483434043790451,0.1554118473738319,-0.6611153805686125,32,0,2,312.5,none
313,R_FnlQ0bO7XGcCNxO,0.31329069905982126,-0.6817976456965928,-0.4881256508373619,-0.4031973483650791,0.22178171682908587,-0.9298074058603838,-0.886569712116242,-0.6674485261829196,-0.83824789420527,18,0,2,1375,none
314,R_JGmDTSywlsRPhrt,1.9402609322890416,0.41110643102695416,-0.25838971170217856,1.4115452604660603,-0.7792438085658651,1.3910043799578222,0.32985755651215143,1.1572053127748074,0.19901887703914817,57,1,1,2750,none
315,R_qLlTbgr7MhQuWQa,1.8454500594777545,0.3211509120663671,-0.6048035705906762,-1.1025775682362529,0.1909293642052575,-0.3545202102764043,1.3485647280251059,-0.2470475482631389,-0.3494609591913974,47,0,2,343.75,none
316,R_Hnf2ZUQlY7YcC9f,0.08830429031497047,0.0949385409749798,0.521424871360893,0.5715180792824246,-0.4270962795275575,-0.7254242166890568,1.0445528950834242,-0.19304761431152556,-0.46837254766666125,50,1,1,3125,quota_full
317,R_NewIBMnS1ixfnTD,0.025712660658925406,2.2023725700553176,1.4210515258463323,2.2467558025316907,0.928758313439158,1.398029658381804,-1.1659602401735274,-0.38330881228999714,2.5016553918262954,47,1,1,1750,none
318,R_nViIICihB0LXRhe,-0.09041079117030493,-0.1697744721772238,0.804908027440479,-0.12969243669761082,-0.7313649246459695,-0.8688577671598445,0.00651491347573302,-2.02999380428412,0.28383939023818305,55,1,1,1166.6666666666667,none
319,R_Qt62XMrTp2jjHAq,0.9502097300075716,1.2624607786118536,0.5826538378888866,-0.22093788364482686,1.1103559553027842,-0.4679273804834413,0.3815592768605768,-1.7005481681533596,-0.0764273205044671,42,1,1,218.75,none
320,R_AZdzmDdQMvJFfw2,-0.7892376344597017,-1.5892510978430483,-0.08950631280621546,0.11554870615430651,-1.2721131110236454,-0.04527956134681688,0.5231040721253374,0.9191732578426693,1.3107379426139265,31,1,1,1500,none
321,R_mhpAjlNTXt3FoLO,-0.33595491041934084,0.6058011081253192,0.18721797637574852,0.03638810006374697,-0.12304419637358358,1.0818948741676206,-0.8195191645776091,-0.20545651673536233,-0.6011125838513525,55,1,1,1125,none
322,R_gmlXZi1rAeAnzgy,0.06560569948304609,2.632651570346945,-0.5998815468633465,0.5662682748520766,-0.36179638907494444,1.0437576999759397,-0.5843533874699492,-1.0103467675446054,1.171419634254806,44,1,1,875,none
323,R_b3aHwzNpxAF58jY,1.7189654562503516,0.3295120283539807,1.260601775715193,0.37562920539101124,-0.05543958454846573,0.20818370140955916,0.696061740176191,0.01339605104279648,-1.3807385223231574,55,0,2,875,none
324,R_Cb4dmyRpIQOPdg1,0.9608086897830804,0.02100264781571119,1.1510921666323972,0.2968311229727482,1.725939190908415,0.13626227882912925,-0.637755593563331,0.11837406068360315,1.9750264137155766,58,1,1,3500,none
325,R_sygSkxZaHKgtPY1,3.34089655772782,0.9085691249675553,0.8140067685311055,-0.7704305814235936,1.3551286663295679,0.23838905110910685,-0.1598040468919418,-1.6335121037317024,-0.797355134136291,47,0,2,1375,none
326,R_kFQgjI7rnEUQ2o5,-0.4679521741882246,0.8282508516266018,1.4615610938488097,0.6519399321281141,0.3385415057617703,-0.38700252452101064,0.3369987916762005,-0.7146454795115499,-1.401086347505311,27,1,1,312.5,quota_full
327,R_FflZ5QzfFq1aQjr,-0.48964237321057585,1.067686924838997,0.24883370698312537,-0.9592394627960736,-0.19627454183513265,-0.026813721927396617,-1.6688655226560463,-0.3930288909788629,-0.7901459141067604,33,0,2,562.5,none
328,R_3SiB7tFaYinH0m6,-2.1399233988499917,0.12662694700331797,-1.1000481299570335,0.44695585286820205,0.2709958722874662,-0.6125059494495603,0.7796198558939827,-0.7794129287894019,-1.0983964198764862,18,0,2,1375,none
329,R_XQ9BpeOWn1MhQo1,0.33838298154766866,-1.3216625076752821,-0.539831780207859,-0.37072475031224783,0.6215421665264919,-1.0389048820819409,0.4162155083349971,-0.41588866393404195,-0.8292401773548531,53,0,2,1125,none
330,R_HZ5cq707SWEFAml,-0.7700003746886467,0.45983061301665495,-2.27245057463626,-2.1939514849832324,-0.9499443829061726,-1.2891684450809342,-1.024735928430885,0.36947414157778824,-1.5758858518192689,26,0,2,687.5,none
331,R_cDyLFqnUMZQlhwM,1.1115892938269312,0.03639668686943268,-0.3245450341971306,-0.2239953233572749,-2.0504627832451314,-0.4132849946277497,0.03341513418497985,-1.237941422368383,2.1288707398461795,18,1,1,562.5,none
332,R_rdO0iYdqSzPjAyt,0.8790711430741797,-0.48706971422319645,0.8306581500321397,-0.4356578961017493,-0.6822325761737142,-3.345080224807512,-0.11701885792749847,0.2988118717999355,-0.3797192361302184,68,0,2,2500,none
333,R_VTigYL4IbLoROUy,0.7360916243241276,0.8895151005942483,0.030593512635539614,0.7309588592377343,0.42905249281810115,0.12363540276675619,0.059137192562095126,-0.008987896533581376,0.7080887736044058,61,0,2,1375,none
334,R_h8psFdEQ1o9uFV1,-0.21774607040034394,0.05465192529995104,0.44133549040770037,0.1325125192928491,0.03572139781905484,-0.35460018778749813,0.7969372943466456,0.009646349644669074,-0.3631021479819348,63,0,2,3500,none
335,R_B04elMWbsmy5fFH,-0.670998437845899,-1.2723287427834007,-0.09950469068132846,0.8810162285988904,-1.4313331370624494,0.5361229207899046,1.1230407449274105,2.3455770123521584,-0.0856484156881887,58,0,2,1125,none
336,R_dnQywomGYxIYVFL,1.0857056505767007,1.202239295610583,1.4016513499150463,-0.4665662574539718,0.7129991758987076,-0.7886627849177823,-1.8804705264251174,-2.4395560416526516,-1.3776208199972086,48,0,2,1375,none
337,R_9srN1sfU0w8agou,-0.5837199522315972,0.9228670150816367,0.5963885523369116,0.5168428484626248,0.025406157048243047,0.37472551209055827,-0.08502132819843272,1.541632851765608,0.07205861726717405,50,1,1,3500,none
338,R_vabwDqYbFajDw4q,-0.3580171702263816,-1.5456016948633733,-0.35920795495001934,-0.5263449109884435,0.3458259053531351,0.5276532157298083,-1.3172406739085358,0.49138905542668715,-0.4095477940854608,48,1,1,1500,quota_full
339,R_h06V6L8xWSvsxcG,-0.21752659750657893,1.0558411281349158,-0.11881542193044195,-0.017995705622126112,0.5703268508814675,-0.6848861269609541,-0.5645976414730404,0.4551024317307437,0.09110688083317153,35,1,1,875,none
340,R_Lumqn2MQQ6H8YNI,0.3525311085877093,-0.21923236668417148,0.30808872177842883,2.1935114092885435,0.18338977841075746,3.1627279000028587,1.57947912458085,1.5550942683227493,1.2328802489970971,30,0,2,1500,none
341,R_lQGD5jK60FUOh3c,1.0412543616978616,-0.5628754716150938,-0.13919822406482363,-2.6640563360832985,-0.7070167853845969,-1.5990662325492488,0.09708101479996839,0.33184860451532605,-1.7255364016267611,20,0,2,1125,none
342,R_C3whlYM1ZThVfbF,0.7617526706670396,0.41571862006606386,-0.3136075604636648,0.8629541276493099,-0.8016218829425317,0.6126916948136019,0.9422218298101089,0.5738619877053264,-0.9037269061029798,43,1,1,700,none
343,R_EPWg0DFYOeqybEG,1.5334206863660835,-0.010043385509064716,-0.2027230846845378,-0.9767042391625422,-1.054968092815696,-0.7355793741651866,0.24347331460215407,0.604284941138846,-2.1484544121234346,46,0,2,4500,none
344,R_XV0FBktCUWzNVWm,0.6769385519826011,1.3253732936977831,2.4277529707180356,1.2799952197185789,0.9733095148242261,-0.1665095350803651,-1.5786606655774538,-0.593311785967751,0.6707823693164722,17,1,1,2250,age_under_18
345,R_yz0DIdYK8FXKuar,0.648003899661253,1.082196661359715,0.17182083714980792,-0.06052924725231647,0.7766376075194392,-0.2891343595796893,-1.3359163894031412,-1.1698317943155396,-0.919793236006031,58,0,2,1750,none
346,R_nMvJ3CmfvM255dB,0.10442968268321919,0.4338308067360555,0.15765205239131042,1.6686416457147526,0.6591878206535805,-0.1821767326317322,-0.2867212113932151,-0.08801891218509553,-1.4465665619687007,49,0,2,875,none
347,R_TAjzTdZfej6ew4P,-0.6297889179938913,-0.06994440732392374,-0.30826103239111574,-1.4728243438454363,-0.9599027671478784,-0.5452795118448386,0.8674378194163663,0.4804374218095279,-1.1420862499279343,53,1,1,2250,none
348,R_bavzudb18qNCszp,-1.64135942996279,-1.3896799952075725,-0.9945454828970557,-0.9157717697236553,-1.10915899272091,-1.2695629146018126,-0.3068178930245291,-1.3110908285830911,-0.41267092225552904,58,0,2,3500,none
349,R_TeZ5TVcYBD4RopX,0.01081970153049983,-1.9300249925165618,1.177017685300043,-0.40564829798768354,-1.3331359697295164,-0.491896302680639,0.07004255967783321,-0.9453683594804763,-1.0481698961705785,65,1,1,6250,none
350,R_K0W0eURzmVlSG79,-0.9012804170099615,-0.29360642461224223,-0.5520867442939306,-1.2636185115579335,-1.0049614076959323,1.1580718318852945,0.10048817443531721,0.3309044516815566,-1.7286345313290206,41,1,1,156.25,none
351,R_LqdszRKxp3aVZWS,0.8451474264867814,-0.7384463003368242,-0.5741687706146433,-1.1979139982082012,-0.27784187119668174,-0.05965917784453391,0.024906485546495744,1.0762197474408368,0.06752617688963383,34,1,1,458.3333333333333,none
352,R_HrmMVnPEjT3BeUe,-0.49877470819015896,1.1358815310180237,-1.1040910873598158,0.09107166184284154,-1.2012495653524822,0.4043353410218062,1.621194156867196,-0.11465579655575173,1.324314529837392,49,0,2,1125,none
353,R_ORMV20CYOBmwKCi,0.3822713481252986,0.9891502922278278,-0.06021416779630118,-1.2036178625650753,-1.026197126995365,-0.8654704106631443,0.1802005069620111,1.598933850279971,-0.5937840106906025,69,0,2,4375,none
354,R_XIonlh87pEMei1O,-0.2921359767702432,-1.1215939879461465,0.23289243796496908,-1.863525482433308,0.3239577167751153,-0.425839388342371,0.9657543401677723,1.1718177274615007,-0.6468808910578107,67,0,2,875,none
355,R_TuKDRpjOR9tHgSO,0.7900729173573775,-0.37117326293874203,-0.7420825504344732,-0.5325929599493684,-0.38859797319950945,0.06421457666869976,-0.28685347145057316,-0.07375792593274966,-0.14326045179381003,65,0,2,1125,none
356,R_XKloqjGZRUY2KPP,-1.4635470410117848,-2.059057969514008,-1.0597760618824947,0.08705003995942368,-0.8326863556463951,-0.09004833909459453,0.43807764798225957,-0.14774900902371446,-0.03262568280317296,33,1,1,916.6666666666666,none
357,R_hkqYCsmUPHtqpJi,0.9987663394434163,-1.3003258431389473,-0.62484924933293,-2.3039150293768,-0.3972883107798285,-0.6443937528843022,0.8688998798627914,0.826326740532806,0.5534990464954687,50,0,2,312.5,none
358,R_fWxoqMSCpwfiXS6,-0.7792498990062544,-0.18886185546387835,-0.7179761799211304,-1.226178656213868,-0.7095937839674894,-0.40023131030389864,0.9748367468654174,1.169756752961293,-1.459445223480261,66,0,2,1750,none
359,R_q3VCuincMNgq1oq,0.10511323750745064,1.10617398270777,1.9363789028566838,1.4196504605466378,0.8845233057196156,0.12136696518398718,-0.009234929052993168,0.48757076958186063,1.0408244578188532,18,1,1,6250,none
360,R_TOKSbMmsCybRpSF,2.0807199978321824,0.9148885221419966,1.3399939861569954,0.11404632544708637,-0.24014848321483984,1.4923169793792646,-0.6509926219380153,0.29181126653343875,-0.23345315910986103,39,1,1,1500,none
361,R_cNHIMQkwZU1FyyO,1.3371579377736722,0.33627116534647705,-0.3966613727861401,0.8998082094417739,2.0334352571054795,0.6776880425705,0.19100100402553444,-1.0441327601560286,1.3014488652082536,62,1,1,875,none
362,R_vwqcRjc84kuHekn,2.588865820865371,1.0751717631259587,0.19310372621562993,-2.6791008275373116,-1.2281360234757766,-1.0501104630165274,-1.4540397104269602,-1.184587764579758,-1.6667108950765332,41,0,2,1562.5,none
363,R_CqZDLw4M3reeudc,-2.492989237482512,-0.5157206021355735,-0.11307425233794967,1.0105799221663967,0.24857487149721474,-0.6532614368998759,-0.021424633451900058,-1.5595253171074894,-0.6573737305359908,48,1,1,458.3333333333333,none
364,R_hGNS8h4CprpCxg2,0.6721602923375559,0.45387978597932227,0.90867634865661,-0.7048324880485479,0.4580981872508699,-0.7291222622476582,-0.2022283742275733,-1.0024955020381914,-0.0699393530794018,60,0,2,1750,none
365,R_t3L6HAf8sGXS19Y,0.4628691034557079,0.23492840769432854,-0.49699984048017687,0.11976744319265313,0.5012351297417771,-0.029911180573796048,-1.4932606983341117,-0.33359093596502654,0.7252554415845092,69,1,1,1125,none
366,R_1qa3uChv6SDQ2Mo,2.0894850839227113,1.4986801802728735,0.04219667376152423,-0.4884447537427361,-0.034025481442008315,0.1999696877130132,-0.4826629988897785,-0.37741637423600427,0.11608772709458348,51,0,2,1125,none
367,R_4ESs4A1iC8Ufy91,-0.395310330350831,-0.9621308870069132,0.4083291786637734,0.7557971361336204,0.8146176835502257,0.7366287952459265,-0.7227621523531722,-0.6013671713549884,-0.4439115441459141,33,0,2,4500,none
368,R_Tg3sQh5OQTK6HLh,-1.7960527565205375,-1.8243485180843062,0.08370736039754918,-0.12831383124147025,-1.573561328016098,-0.2889890951653417,-0.38331222497128054,-0.6979833471357344,-0.005425604089981606,44,0,2,1750,none
369,R_RoZar73YFXa4w0Y,1.4233343312614257,0.2190856767000503,1.1017615544549881,1.1517557671342376,1.551141646223727,0.10908785930924758,-1.1927413504707318,0.9012400984318749,0.2916859747970654,48,1,1,2250,none
370,R_HGDRFEl2VW7elPN,0.48837138034940936,-0.27427201605726387,-0.6624443509203913,-0.27568388164636193,-0.5468149434178505,0.1682026559647966,-0.943741488803819,0.08644700243279979,-1.5279758923555002,69,0,2,1375,none
371,R_k81waZG7xibZUM5,-1.234006937305026,0.08847173908820655,-0.11723226387299346,-0.9096553407960557,-1.0691170572094895,-1.0989178335713974,-1.2977872816411777,-0.32775127424587713,-1.1696492975260913,47,0,2,458.3333333333333,none
372,R_mFjSnx7WEio917h,1.3989984165723186,2.2418164458341656,0.30992403627835874,0.7403976191642682,-0.15411962835106596,-0.04166202428032112,0.956571246373661,0.3219991932720967,0.004010735786335706,55,1,1,875,none
373,R_8ncs0bvd9Q0m1k5,-0.20283630981771458,-0.9728439849137892,-0.244832278918408,-0.02289090569994682,-0.1177040908232789,-0.39277310844789354,0.19988416028428388,0.34256258145814866,-0.9925769496439085,52,0,2,3500,none
374,R_ALUDFPZUzOufJ2H,1.5766099842594197,0.7648361788428064,-0.8215686601877616,-0.6640590958843726,-0.5338453304933413,-0.43783872714698485,-0.6333577076219915,0.5626975928652624,-0.3139868674516015,69,0,3,1125,none
375,R_jpt6nHzUwMqahwC,-0.34436099297975736,1.3115325650794416,-0.2765820128343662,-1.131544519563018,-0.761122382384893,0.02806010871924508,-0.8942549840197127,-2.1069575000871885,0.5142011117625891,38,1,1,218.75,none
376,R_TloGvygkvqKPQRf,0.6795215440497039,1.548727818738134,0.3866986924569531,0.9463309731120496,0.5019504431475335,0.7887766980141839,-0.034607000568520674,-0.298361460966173,0.2240712025453777,41,1,1,2083.3333333333335,none
377,R_L0nl7gU4B3jUa4X,0.08946526693110411,-1.9811797959308433,-0.10831739768080917,0.8609604633444251,1.3472023281342562,1.2450186913055612,1.762958895257582,1.2951354291333677,1.5442318404701858,61,1,1,437.5,none
378,R_944luQlEYweBdEL,1.3967461152200515,-0.6739737940053852,0.4202724670665861,-0.4799275134851934,-0.5859685144908552,-0.6612508803163126,-0.6363823695231017,-0.8569534284175393,-0.2935685289034442,48,1,1,875,none
379,R_r9tkXrAxfIeUrIA,-1.562386230748167,-2.557881271219571,-1.0588916603933534,1.4936826035396973,0.22313903731533946,0.25388088281451054,0.44738831507291243,-0.06270087859021767,0.04211584514974333,54,0,2,2250,none
380,R_wA7z9Sqkt246xWu,0.5351806772279885,0.22157803106249602,-0.5978798359477302,-0.23487194900980185,0.12595062545570068,-0.7369348152661434,0.81950632996625306,1.7458596100518573,-2.388281049946778,68,0,2,281.25,none
381,R_NMhLu3bSk8T1vAO,-0.4525131998071346,-1.611953379565762,-1.4519316800766033,-0.7245742398417703,-0.7324980767631842,-0.06527690074046119,-0.48276862346658667,0.374395949065398,-0.48465423889663994,69,0,2,2187.5,none
382,R_XxSSTU2l472kmuT,0.7768220267694488,1.2569115717389998,1.5387030526451297,0.7673817200756519,0.4290369996425177,-1.1102379359809726,-1.504761500872381,-1.8152625032743215,-0.325761294005135,39,0,2,2250,none
383,R_vHs26ON5AL5ZfTy,0.3564906230014454,0.5199737858990441,0.055600784991658256,0.14899204526321216,-0.8346264420213981,0.3014136204878605,-1.1877309353021412,-0.10943382875563584,1.277833948134013,56,1,1,3500,none
384,R_tezG7cyivz3Or7P,-0.6700371560448916,-0.11941458039487579,1.2710925079218167,-0.5772681475040379,-0.5983896724964988,0.9405414225853991,-0.2403466788631929,-1.8151229556096515,0.060551348518398385,18,0,2,1750,none
385,R_z1kmy0KI3nAMP7r,1.5945991380178053,1.4189195077899335,1.2875499926608196,-1.2940767587614554,1.2180689848161343,-1.8476348404943894,-1.0137157563712895,-0.1306944839273972,-1.926883546440976,30,0,2,687.5,none
386,R_dOVq5R19pluLK7l,-0.673138685425266,0.6966591407609326,0.26742608864969003,-0.20290644854049286,-0.5441828024358871,0.20639029495567365,0.5224538726068316,1.4350476186390897,0.22328885664975198,65,1,1,1166.6666666666667,none
387,R_V6sIXpvXHNaGxj9,-0.7925340098129567,-0.6022544972111228,-0.14391080848752305,-2.1045059881964763,0.602451774859029,-0.13135612289291573,1.2594298632051202,0.011626917021685626,-0.6079198193952916,47,1,1,109.375,attention_1_failed
388,R_tsLqHCAzJ4d9pNb,-0.42905366937029177,0.8760697150007319,-0.5564215505756174,-1.936484249823602,-0.4796826724071616,0.4085612740367615,0.6627937042066986,0.9183320319780192,-0.9375955353168356,61,1,1,4375,none
389,R_LfE4r5l10NwLajc,0.7502352378695835,-0.7242556881638992,-0.4809435606339575,-0.8311032191214538,-0.08516770650100948,0.36915922405512003,1.5895950699110184,-0.3961231501311017,0.3460475374222326,47,0,2,750,none
390,R_SC3NxNay5uZxoIT,0.07524270935623815,-0.050240191673882495,0.22911187297117713,0.27267463498871547,0.4832986300898987,0.10819932405957366,-0.5727320902340729,0.06606728892392166,1.144799601688144,37,1,1,1125,none
391,R_40T81jJAMZn0Dgu,-0.7407379405512822,-1.1502848376187726,-0.7945750842242317,-1.649726538296664,-0.5893812637689347,-0.46661675813361947,0.23024393144315675,0.21773532838165394,-0.6732356528368153,67,0,2,6250,quota_full
392,R_avMZasl4UICI7r3,-0.127210201490147,-0.21624094242538786,-0.47803665168935583,-0.4506413779592503,-0.27069344808052415,-0.42064189108093897,-0.654623975736588,1.661501867170019,-0.09405648863621163,40,0,2,1125,none
393,R_qf911KAg5Fv3wCE,0.20317463293746119,-0.7670564214456418,1.1569142866295106,0.3671281025944001,1.2052620734902226,0.5508321882336116,-0.2726794219786739,1.1146438515080064,0.18391406780031772,60,1,1,208.33333333333334,none
394,R_oaPL7ht2QmZ7PU0,-1.0627194927398542,0.04169299897889622,0.10563263137890604,1.1585280110438114,1.0061693161000909,1.2841582414784698,-1.382303394480875,-1.4922060882230843,0.7882753890381136,18,0,2,2250,none
395,R_rrX0lkjZ5UGwCxX,0.042236370241297866,0.10566622241392584,-0.13224989429525583,-0.2929283605347195,0.47476355418245947,1.18316859039369,0.016692739339405373,0.1752681615294458,-0.29304468720554017,49,0,2,1125,none
396,R_MrMhnTq9l2Odol6,0.205244113116919,0.059873478981857534,-1.219949208380835,0.24378209211780885,-0.3233946200473625,0.056979490897656845,1.4350514224242754,0.9887349707630473,-1.0988434991093188,50,0,2,875,none
397,R_wF3kK1L8FGB7zY0,0.4629110934616158,-0.4345647713190752,1.6402593891887116,1.3746842486206041,-0.5056936709891457,0.8209325020419107,1.2051651868517863,0.08461147707451781,1.7007769157878,45,0,2,2750,none
398,R_EqiW9hKaMWtdCE9,-0.10994882686540934,-1.4644356354792982,-1.8665266958503473,-1.311993461171407,-0.45071258705697165,-0.956547747967082,-0.07468741622258634,1.2146515375617453,-1.738588484259794,59,1,1,4500,none
399,R_KRsp6GiULe0XlFg,-0.45810686462198075,-0.26003048851907157,-0.5754033799737974,-0.8037783027826739,-0.7026978287002329,0.2556605283883176,0.31793747691663354,-0.2699874307404697,0.2893676545731644,48,0,2,1375,none
400,R_IUvVC1kIYY3jALR,-0.006817315887194478,-0.204348195147681,0.6670490357481841,0.6782167293918967,0.9346509943764175,0.5621200806847628,1.0151235945040917,0.04257104381086291,-0.8608449858059861,32,1,1,2500,none
401,R_3jPZ9z1IQSh8tU3,-0.48501571596912546,-0.01640633112694745,-0.08796689314944235,1.3174452437209911,0.46088633681997254,0.5860140894265499,-0.43533125217150115,-0.4402519883805341,1.0961599238711677,36,1,1,1750,none
402,R_56ZfPQyCvCJ2Nga,0.4798627940030548,1.0798656750198186,0.041867009317359365,1.3960795038635945,0.524802417975245,1.3902272188419045,-0.999004702297368,0.46661479192646366,1.626719728703451,38,1,1,687.5,none
403,R_xCmCMDFgRSX7VMJ,0.7659547903339076,0.5981160093508668,0.40357731967208943,-0.8716911744250476,0.6619724127632014,0.6299071334636368,1.115283039989337,1.1704597588778867,1.3671822360473704,64,1,1,2083.3333333333335,none
404,R_AFHbvdMEDvaYR7k,-0.46859857041342573,-0.8010258831435295,1.402340616094908,-0.724033813389685,-1.0587176727073497,0.8887020530494458,-0.9839616658035517,-0.006848430673384365,1.3213893683051232,29,1,1,916.6666666666666,none
405,R_egSdh6eSeiBCtNL,0.21136069001649396,-0.6540984833131486,0.3134109734365267,-1.1072067060174255,0.6524570485130016,0.49246945746356674,1.1304061419765583,0.3859769938379788,-0.2811076380689139,41,1,1,2250,none
406,R_cxx02QHoCBqC4Jf,-1.0175485040804948,0.22779995903040665,-1.286445116510351,2.859403503322308,1.4257153150358337,1.3926936668786076,0.7350250385463051,0.4177077805493833,1.7280315356724183,34,1,1,1125,none
407,R_85NcLfqHtRfmRse,-0.22926848239317402,0.07369787636239113,0.5399835282250854,-0.05610660055698762,-0.4109693349805311,-0.12944540934920326,-1.0672926290938192,-0.211994804280475,0.776260692318906,69,0,2,1375,none
408,R_fE1hmKO0C96RPaS,0.0870376725814941,0.8162517082312392,-1.0940207600997245,-0.2704238662454095,-0.307397624331439,-0.2738990114728564,-0.08850032942962936,-1.309881282378804,-0.24519995384489687,46,0,2,1125,none
409,R_IB3VcicxUQCTkXi,-0.17129826035645263,0.3202236547608972,1.0354197739283098,0.3337696143968883,-1.7274884554935435,-0.0861807441501467,-6.762067146698358e-5,-1.1528322564986464,0.08268915346637808,21,1,1,583.3333333333334,none
410,R_nQ7lIy0yEIPaAE2,-1.4913974396219918,1.1132874858140964,0.548794999903297,1.9200952204556163,1.6085478718954398,0.5929401440969483,0.5176070199280196,-2.185687043916455,-0.9996503530917444,46,1,1,2750,attention_1_failed
411,R_LJeodv8bUtZQir8,-0.3048555399757971,0.19404266949837942,-0.030294840026674943,0.720848914095339,0.472032006118361,-0.6933774906445732,-1.0433410997096768,0.34190155001828815,0.48743402551660914,21,0,2,750,none
412,R_kKczVkhbqHoSu6P,-1.1276135494178972,-0.43563910879740797,-2.893480806843096,-0.347745996653463,-1.473190806644672,0.3985616473765937,-0.36905376097602993,1.38001754028295,-0.8707050914503315,51,1,1,1750,none
413,R_X9SfvhZwHd2psSu,-0.7832099927679722,-0.4900242190128084,1.8615300435989055,2.022516288742244,1.3565823586001242,-0.31479131464306886,-1.6754010057344935,-0.29283440398481664,0.0989066462003172,58,1,1,458.3333333333333,attention_1_failed
414,R_qtaOdVKo66iIsX1,-0.071758159596446075,0.09525007541104254,-1.3578782512562322,-0.18607143387426633,-1.5872013425648241,-1.318697936537634,-0.8053537914776187,0.1639151555710324,-1.0495317503552182,42,0,2,1500,none
415,R_p1hd7iv5VI95Zt8,0.686310889033435,0.5054255946245374,0.32114124098525204,0.026652756918562757,1.4952763205346056,-0.189433407401301,1.1768558292508329,0.2850250033079107,-0.9216221351842944,50,0,2,1125,none
416,R_oShOE22Md8EjCx1,-1.06851096871116,-0.2947064253485499,-0.9042726078883747,-0.2157262890602429,-1.4167172880929468,0.44873572133311157,-1.6710115999849209,-0.029380828625815474,-2.8409446748727047,33,0,2,1375,none
417,R_jrooQJNpEKhReCy,-0.5556739028201554,-0.5943179361386869,-1.9468156963685226,-0.21830338364752214,-1.531534627250695,0.6531448890454661,0.09896145726521316,-0.10751663318010274,-0.72250380102031,69,1,1,6250,none
418,R_xTOHPG5gJpqXA8z,1.982543283366855,1.3069551377774549,1.202971354098574,1.1154339132978142,2.1888238808326994,-0.17998825315006128,-0.6633423429692034,-0.9632628556422212,0.2410515039340253,34,1,1,4375,quota_full
419,R_lfpNJu9XFO3NgoE,0.24649506279116598,-0.7952003807254551,-0.6938908509505914,-0.7105424464616474,-1.962535434217493,-0.41618745311706984,-0.2014437952497995,0.6748723699549332,-0.7764034500562824,64,1,1,687.5,none
420,R_QlN8unaP1axAez7,-1.261958492456049,0.6273439403137318,-0.0345729439301834,-0.002978009550187337,-0.06171891218699518,0.04702866469069078,0.7061138789237243,-2.4809144303823762,-0.4910336256071287,47,1,1,2750,none
421,R_nAixSgeaqvJ99rI,1.0245317707071466,1.8189688460651539,0.8117065276193555,-0.4624345416901763,-2.322787775291219,-0.03675847194432235,-1.7767647221780487,0.2406756343876678,-1.1491825124347026,49,1,1,3500,none
422,R_9keBm9qJ617ZTO2,1.1203877548047185,-0.32834125124830205,0.24607462076783732,-0.1791328457683612,0.8147136548201548,0.39563878736341307,-0.9345230380994858,-1.400416191437492,1.541660894069592,53,1,1,1500,consent_refused
423,R_JjEpUhjtJykSF4p,0.04419623269037248,-0.578302129008724,-1.0230539391339748,-1.1259298625109189,-0.8868710764719897,0.0343810905567842,-0.5586117971205047,-0.06730710181623634,0.7532160407008841,69,1,1,109.375,none
424,R_vG8Qgfbk7vig5tU,0.01541939888270873,-0.024077287750793215,0.25553705132758686,-0.7648475610307413,-0.30629393551514333,-1.8067160733867982,-2.0006241612449895,-1.5500206381816044,-1.217339712966408,33,0,2,562.5,none
425,R_HeswM1q8Lm4x87V,-0.789514954601877,-1.6275861454201455,-2.478669529403645,0.13157598650499233,-0.6870427595576066,0.32633901975680035,0.08636175043308836,-1.204651375192412,-0.0010444796230039133,37,1,1,2750,none
426,R_b3IZkyuYBPhygPL,-0.5456137564108805,-1.0628040973490567,0.43966603219982653,-0.00897157657658007,-0.48167034650443025,-0.3062104348950022,0.8766633625724511,0.12869556035237775,1.7752793660248325,44,1,1,4500,none
427,R_OKXnIv2DdhrCDnQ,-0.09108189757698953,-1.8174462916935636,0.5160561181068828,-1.3321039299772943,-0.684483220040627,-0.03583065467725666,-0.35522441801147586,-0.4094012753274888,-1.42398988694224,51,0,2,2250,quota_full
428,R_L9SM2IZgakvWvi6,0.35726259305314995,-0.3711981693906537,1.4481868521329557,-1.387287005197418,-0.05108197175605719,-0.6306510232635921,-0.09563200091890348,0.546060901698495,-0.42133463182396996,38,1,1,2750,none
429,R_Ne5HqQO2ojDJtFs,-1.0657779294772713,-2.486300090272833,0.8020356266572742,1.5454775634606321,1.3108370891422556,0.5963740384494509,1.0814082137948766,0.5863746696295323,1.8030478227065838,44,1,1,458.3333333333333,none
430,R_ERLsPMwnDfeNpEn,-0.8474043983794397,-0.319922105013623,-1.0129964791263948,0.20285160118844564,1.2794488641428268,0.323416525350802,0.13157594474536422,-0.55501568657845,1.513059506403664,62,1,1,1125,none
431,R_ohiEEcCDRtb9fEb,-0.5286276748615703,0.8360950413534389,-0.7815656544177114,-0.13192101469239612,0.3956451443270725,-0.07395754084422362,0.9855057330997604,1.0552010193627237,-0.17180757841036734,52,0,2,2250,none
432,R_VABzUpJzYwFnz80,-1.0204860780967246,-1.9942129612544284,0.7893820726452226,-1.614101074890026,-0.4920053390815915,-0.6228361440631857,-0.09057722839120985,0.5034922315270509,-0.41205061648721636,33,0,2,687.5,none
433,R_HcnQwgCKxB206De,-0.945922333389161,0.028005877343404977,-0.6885659938638289,1.26879288838782,0.09266571687331465,0.4700522419747556,-1.5650625832999683,-1.0101822101357327,0.10556513932461087,36,1,1,2083.3333333333335,none
434,R_angLf07QhzR7PIh,0.4745618600820871,-1.0634247952488718,-1.0244577121781644,-0.9789152394542001,0.3386580952608927,-0.2200852369191149,-0.6179445391965456,0.12491052845163675,-0.38729628481453643,68,0,2,6250,none
435,R_RQeZOGSuWngBEpR,-1.2484113708286144,-1.3559602618771949,0.5602419366397957,0.8091526379279708,0.07847112382663195,0.44829540730178624,0.31057914090136773,-0.6059538515469902,0.872932516909159,21,0,2,1500,none
436,R_TpBhLWdvY6dLZd4,-0.18940694944052627,-1.6124088873374458,-1.7426508580580289,0.5986911909058155,-0.6385397559448718,-0.16650349947016418,1.3464484441699263,0.9810750510888319,-0.5334828228315673,38,1,1,291.6666666666667,none
437,R_sXpMzMXEe6AoqLl,1.9207112203484107,0.819366915294658,1.9720314185152639,2.906022627235893,3.0789352010795192,-0.6966491218251407,-0.7304609392742396,0.008542021810063583,0.34515429502627193,60,0,2,1125,none
438,R_RA8GePLRJbMsLDn,-0.5028747948709675,0.3529943145671814,0.9127018635017962,-1.1881876413584866,0.5826992980605339,0.8275967811194742,1.711955253683254,0.03492935949159939,1.0084871622588585,69,1,1,3500,none
439,R_muB1Wi2AfOFJ7Zf,0.4128360735313272,0.44637897059843923,-1.9084509915000172,-0.7083469359072884,0.5934972350440055,-0.11252326223885928,0.20939459390624568,0.5040175668400967,0.015142381887387424,31,0,2,2187.5,incomplete
440,R_Yz3qnexMILOZzoD,1.7500824270443414,0.439048807462916,1.9945599160689242,1.8109384003524507,1.6935371304663331,0.05852956798233305,0.8424241251918634,0.4312410497474536,1.2882332650758963,51,1,1,4500,none
441,R_wpKSnYx0sVtxxNN,1.2230341674168843,0.19059688397334185,0.3635501744734293,-0.9713298211560318,0.5897110633451433,-1.2827813410416045,0.9396731038689762,1.204218406525035,1.6215606243518184,47,1,1,291.6666666666667,none
442,R_CtrvXbLJTxkXjk8,-0.4327670300997426,1.323908252806235,-0.21412589130675058,0.9370910185066312,-0.1025703259540723,0.43630767335610515,0.04471734582665163,-0.6878074554585868,0.7114297694434119,39,1,1,900,none
443,R_2NVC2ufhPrJgGJV,0.9743037832667335,-1.0618966729636339,0.2587732194708098,-1.046276931888382,-1.440586516722853,-0.5054910934024461,-0.3140342395002792,1.382016578896903,-0.253879573715035,43,0,2,312.5,none
444,R_2KKajT0tvVEVivU,1.0996931122028526,0.08262882803841613,1.3892557378044796,-0.7262070356291711,0.10896896921273524,-0.3172673269603776,0.23651473438932735,-0.04586245606055715,-0.16790701114875561,56,0,2,6250,none
445,R_aTEYt6K3qejMSzG,1.4763194400829944,1.0197870957931496,-0.9331013130959229,-1.7650021871146588,-0.9226655369650867,-0.8600315209969278,0.39664695550788653,0.7629424977710855,-1.77236535178615,37,1,1,1562.5,none
446,R_9cejfUhjq6iThfK,0.9346717750551348,-0.345877334004258,-0.13738106404930545,-0.9799218845185563,-0.19968870427595142,-0.7257343436279657,0.39952256395423197,0.2031971254526663,-0.34778158335496184,16,0,2,218.75,age_under_18
447,R_OJbMjVIkfkuvwTH,-2.22382951443429,-2.6908812210909305,-0.6608796031722847,-1.7546289675267503,-0.15417281673259373,-0.6894117754222446,1.0301534059745279,0.310471859835685,-0.16343074921092537,49,0,3,1750,none
448,R_qc24CcBKQHYzsZa,-1.5994094377815962,-1.9666746186208381,0.5342553971580953,0.7116698166754282,0.1109558090711645,0.8698738383739988,-0.4903096313141233,0.9913820590834852,0.2606452243376182,40,1,1,2250,none
449,R_CG4wxumbnPFIKzF,-0.7977747927431602,0.8817344849862393,1.3012228683528795,1.5352296535739125,1.1361706991022598,0.45365424711061353,-0.42128553126106566,-0.5599514332209015,1.4102707622748945,34,1,1,1750,attention_2_failed
450,R_UtX2w7D1TnpJHKT,-0.011646319176304376,0.708453899493217,-0.23179472602196055,0.33349183060298393,-0.4056148535316367,-0.1687838679300338,0.2633612563786921,-0.05429146798417626,-0.9607475437628112,46,0,2,8750,none
451,R_JgVP23XErs8rZAS,1.1905499438422336,1.7364093742132214,1.0057528069921566,-0.8270525266334128,0.8286163252627121,-1.932298731598781,0.019533934731022495,-1.0437788770212086,-0.41841827971252626,63,0,2,562.5,none
452,R_goKJT3uexgY7jQH,0.47774650788092526,-0.5083895236223362,0.7592747002991934,1.2279754586448277,-0.06992252329467566,-0.5523575531044016,0.42353228489579103,0.6316186451537563,0.07094437477955451,61,1,1,4500,none
453,R_XBcrNCiM2u8LmKD,-0.39681027309594036,0.46664619333046675,1.0363957354942108,-0.0640442237322012,-1.3568541933422593,-0.5040033422942422,1.1701562670862862,-0.010688471910352576,-0.9513753729528096,37,0,2,2750,none
454,R_m1LpVuuf16HOmfM,0.5719685356753911,0.6129771924451523,-0.4570897022135518,0.08970824732008273,1.0168482244833839,-0.05803879432590525,-0.018528503744801986,-1.2944836925062926,0.30680763179229303,34,1,1,3125,none
455,R_Mx4vFR4EeWdgM67,-0.5197155328457268,1.5898994363961583,0.1521560501220094,1.521548346009874,1.8374669548718174,1.3148185613624377,-1.0743352003236784,-1.5130643424483894,1.770595375503703,66,1,1,312.5,incomplete
456,R_nzXr6hOQ50Fnv17,0.13422977111673276,-1.4675978207752796,-0.6745666378558265,-1.7932263510330315,-1.7672394348837706,0.8338119425391849,0.4963604369336712,2.3404478363743912,1.0433473903852442,44,1,1,291.6666666666667,none
457,R_58NPsTUtOuMjMWy,0.9946533561271365,0.7592156762577242,-0.09033307059508441,-1.1276439283917756,-0.5776574972384891,-0.023809722534074533,-2.3328679999167727,0.21900668595931555,-1.034251044813454,32,1,1,250,none
458,R_fZwpG7UMyFBRc8P,-0.7213750131073717,-0.4365857564646861,-1.6934739922898214,-0.4794858837011726,-1.0427726031957352,-0.9992456395990162,0.6634874719308257,1.1125427781405037,-0.6577719495583377,69,0,2,562.5,none
459,R_43xfoRVIVPBLCzf,-1.9713341727514773,-1.1081820462338532,-1.5260991969784898,0.8632400886936719,-0.24725304570571355,-0.14446105893243155,-0.17758425423381685,-0.9678154151271714,-0.5879823077041062,37,1,1,875,none
460,R_H38CTirGAjdLIhf,0.08454480356230763,1.456897297704532,0.9188037410085935,-0.00452519485097185,-1.7660497743429546,-0.15742076223700144,1.2257024819772568,1.9083326926061472,0.46295567567775775,69,1,1,4375,none
461,R_ev8b05AN5fOwzn4,-0.5330178571537108,1.0221483831591056,-0.17212552931023123,0.23735607103397302,0.46937460729999847,0.2913964026660084,0.6193802563399875,1.2823879376422342,-0.24215324336075236,69,0,2,458.3333333333333,none
462,R_wr8KYISzxHhCFFc,0.3097362764281664,-0.39280299474812663,0.6452539164728314,1.02200245753617,0.6100374167824999,2.1047500339130965,0.4800693228959975,1.1730935975602608,1.735994422354469,69,0,2,1750,none
463,R_RI4U6HkXAH6N8BJ,-0.4242798367696584,-0.707434569516469,0.601866593082241,-0.21105721683253983,0.08601386817936488,-0.9095552374654831,-0.9673635531690604,0.39415006099327754,-0.006494762480159066,69,0,2,2750,none
464,R_pkiDQySYlGeBO3E,1.0387404020504458,0.5881330267696766,1.2368464148116927,-1.2248495237854446,-0.47034047728207923,-0.6849527302503375,-0.5338745054157991,-0.3196004235705301,-0.13841883787865628,31,0,2,875,none
465,R_fPTDJzM07SWaPnl,0.3086982835626633,0.7330963181639438,1.3189385953894972,-0.1664199113670165,-0.5763078006767821,-0.25840188062841585,-1.8978029510336931,-2.1691678466669164,1.1929790327829513,52,0,2,208.33333333333334,none
466,R_0no0FaZR32koItf,0.6920346899786527,0.4067237287151655,0.37053724425231926,0.6397667572796776,0.4966718053156802,-0.22908692380116513,0.5757745865547558,-0.7862888449565784,0.5676796954110784,60,0,2,1375,none
467,R_vejwm73ddmQLJyJ,-1.3479946760963253,-0.5548128200109678,1.1175540362221799,0.9786755965435081,0.8150601242960291,-0.3614900382179849,-1.0281584295780426,-1.190549231773625,-1.2711399243759476,43,0,2,1375,none
468,R_TZlJskWprycuJlU,-2.0692299622950636,-0.8030715274602386,-0.4248097507344633,0.6622613232648825,0.2666238144914571,0.5750132776633202,-0.083373136561748,-0.05091073728815629,2.227286081277043,51,1,1,1166.6666666666667,none
469,R_GzcxIcwwkmaFfkZ,0.2039808054772047,-0.010501047629292066,-0.24035085584721638,-0.05620997098405945,-1.5091755668958382,-0.40894735416214995,-0.9549865787636679,-0.6867305587320569,-0.37011771468638693,36,0,2,1166.6666666666667,none
470,R_arHwuXM6ZCefQOU,0.612651543578477,-0.35672387313525483,-0.9955953845159012,-0.5355636672524183,-0.12507480565647683,0.3196539079733184,-0.6974871119727113,-0.3121191064706671,0.7662002527908919,34,1,1,2750,none
471,R_nFuL3L6Dz6EMCye,0.13157951010729818,0.7485956622596216,0.5698778185112233,0.450623211483218,0.6268692493569396,-0.48772409729499,-0.6697694306609848,-0.44325012160708527,0.5401663365710296,36,0,2,250,none
472,R_hmppeEMz6czlMDA,-2.390749710747358,-1.8978538919703865,-2.872354983623375,0.057161705905074266,-2.7485727841843093,-0.344266994957217,0.7129364204046751,1.5184510838329093,1.8915603033001707,69,1,1,2750,none
473,R_22G7jWftYCbwbVk,-0.4355566738167976,-0.8694574080286324,0.47583837590405303,-1.0466769060654761,0.920190229766658,-0.47943300527640526,0.7817714724815068,-0.6857760623468112,0.6572287537907253,69,1,1,1750,none
474,R_VuOPdEDIwCZ1EqD,0.6759945878039612,-2.210899926193437,-1.1392405549752016,0.7677060279764647,0.47006235057275814,0.14803994250120284,0.37220713791600485,0.7246476613328439,0.2657798311293459,52,1,1,2750,none
475,R_mzk8zeQanFSZk9I,1.0245618273441421,1.6697686108353567,-0.01897351434377003,-0.05632029773458039,0.6607848803170446,-1.070544328246327,-0.18394288813258805,-0.2537990663962839,-0.9247051425191789,35,0,2,1125,none
476,R_1PClU0JCpCuDu4a,-1.0551733975390176,-0.07185559894753868,1.4111501802368343,0.7080076333807815,-0.021611904853787105,0.13487750515913918,0.15043932258247664,0.35766476338566716,1.9767353218674475,69,1,1,3125,none
477,R_YEpNvjlBW6e1G8f,-1.1785896152235293,0.4674360806852837,-0.07768235766845132,0.09494141228998079,-0.014625574134400013,0.47291030929329503,0.1421517294536882,0.32985874444491114,1.460342984943589,51,1,1,437.5,none
478,R_xxEUpHCGtuQlLcJ,-0.7713902982553288,-2.600535414732676,-1.4255712887493877,-0.35921768283293826,-1.007968835135313,-1.2033390632045782,0.14686736786761156,-0.6923867356941312,-0.42923735456206547,45,1,1,3125,none
479,R_lxWH7JRCm16WOfX,0.27604329290716334,-0.019636151405204548,-0.1730859913894797,0.8060451325080249,0.5141636025585387,0.7773166522815868,0.9312629502514962,2.0086371376295005,0.1355112915271267,39,0,2,4375,none
480,R_i2yMxf6gWN7P4gL,2.093699194425174,0.6111149060269484,-0.8831790806156318,-1.1651716928500064,-1.4486530411486385,-0.5899565798542127,0.2488485771539939,0.7357872088232534,-0.3158650108187313,60,0,2,1125,none
481,R_YQCE7bwB1CISntP,-1.2503735611690183,0.5591613367124579,-1.1231832214119348,-0.936615504645473,0.2051174483133125,0.42144688705907724,1.1133699130148806,0.31088884878075906,-1.341059903082405,40,0,2,875,attention_1_failed
482,R_i9lUKATgPceFMlE,-0.4481256114481194,-0.9689574555607681,-1.5685718204633126,-2.9739533785402017,-1.1887692043435591,0.8642657353766957,1.4734262218397987,2.462829786625094,0.2647510659158179,46,1,1,3500,none
483,R_eqjXMiYYkHh9pmC,0.38529389723019974,-0.551015790773516,-1.2438873719559613,-0.18549232561147816,-0.14794752769593478,-3.4743807303852843,-0.9095392162840624,-1.2895964169819423,-1.7840603980129188,47,0,2,1375,none
484,R_5hQmilqzdNmlU0K,0.20837020345665458,-0.8896755068336392,0.36570097736736634,-0.028055921229674992,-0.5029466400066883,-0.303290953973671,-0.014739454209195854,-0.002626939097265385,0.5073762621059947,34,1,1,2250,none
485,R_MwQ4kzjQn1g1Ecv,-0.977906375162788,-6.449900059075036e-4,0.7660553161156725,1.922568917309746,1.9595080365432989,-1.791286385017104,-0.10858252117837014,-2.102799873535088,0.28589349141435005,42,1,1,312.5,none
486,R_ssi6fLuUPYVgP8t,-1.3614618334967492,-2.537445394141291,-0.9362225714277033,-2.443069668547757,-2.3518243821269427,0.6284193125732962,0.12238279703189647,1.009330958951547,0.7452578301920944,50,1,1,875,none
487,R_Bk784sTnFCVqmgg,0.6371680761268492,1.6816495246222944,3.1392796768865168,0.9970630846701395,-0.3057240226244948,0.4759738780706164,-0.7201274896088447,2.428026147469414,0.430371226057318,39,0,2,1750,none
488,R_5wKqEByXI2FruO6,-0.616891827138207,-0.7413677390678113,-0.7484038849783125,1.2169784090704738,-0.28160149687606206,0.2062991973688328,-2.8038899297196713,-0.6814181534558348,0.5814583878201213,35,1,1,4166.666666666667,none
489,R_PNJvp5CPWJBiyPG,-0.48191601858915056,0.5912849019128831,-0.19652889803231263,1.7960964453036026,1.6295034518218796,-0.14347898075230547,-0.34508582875506244,-1.112885846077949,0.5190364263487968,28,1,1,1375,none
490,R_AJDMhKEy4Kn2Tgn,-0.8668691420708684,-0.5190641030531766,0.006185221099444101,0.17660357834742826,-1.2473099681899464,0.7527192675772603,0.2954794420910425,0.5678778659144113,0.6154511434635175,52,1,1,2750,none
491,R_PFrM7ndR2r7ntxO,0.10875291503990238,0.18336456404111814,-0.4405777852004325,-1.0959711964819379,-0.8841478985330681,1.235503295490235,-0.7600789275144901,0.7818585763538017,-0.5672100036143854,16,1,1,3500,age_under_18
492,R_SP5vpIvIKsN3MVn,-1.2902944894894894,-1.0888334029852043,-1.405443820645077,0.9754213986877245,-0.1777216456989275,-0.04006757426028948,0.6275837112669322,-1.0017296736925974,-0.9009213601668957,49,0,2,2750,none
493,R_5OGt5ZjSZWad0Xz,0.8618953725349345,-0.5919254719404481,-0.14768135564592025,-1.4222131563965275,-1.4111367221120124,-0.8418503405296311,-0.7039751777267742,1.2116003015184238,-1.447745761592655,69,0,2,2250,none
494,R_M2lYxsaEjfCvbJL,-1.5160891153617901,-0.2911365362888524,-0.49418078150726075,-0.8622347440651937,-0.8547163826101373,1.3676421141927768,0.6572096189804192,0.10756739304080537,-0.5239752163919287,21,1,1,450,none
495,R_fvP6IvUSb6M80Zz,0.43315507628985467,0.10580695412716766,-0.2525510282368822,-0.5109404541243443,1.0426829654544327,-0.30288015748636304,-0.6232663618283727,-0.9170371069129468,-0.17377989103071964,42,0,2,6250,none
496,R_8rV87A3fYDKsYWC,0.37376273212837624,-1.1146783807718361,0.42166155033364666,0.3027197241973569,-0.1691255410848061,-0.8507212116281013,0.16003908410273052,1.0918012922857436,-0.6548742105522452,36,0,2,2750,none
497,R_vNrFbGxGmG5VrKk,-0.5225914380831882,-0.024033624110240015,-1.3750836789826695,-0.1577106897294139,-0.46000403739320445,0.6205165726869304,1.0709710871474651,0.6717607894911272,1.2440672846727698,26,1,1,562.5,none
498,R_vUqTryYvJG6Rq4n,-0.5721224117606576,0.7546974809132911,0.2759011965042302,0.37498335232526125,1.9335630766060106,1.6505530243075524,0.13478035565778756,-0.48255090815525403,1.059795944984694,39,1,1,343.75,none
499,R_1oEzfkVK7T28FhT,0.8684712285865717,0.20593482525636683,2.0084157430223066,0.478063710109229,1.886825931883612,0.6630248655674016,0.6931550946459517,0.11079685562735875,-0.11611411564032571,36,0,2,550,none
500,R_8qKewePhMkAM1m6,0.5518945489381561,-0.37046351733948507,-0.13071610087480637,-0.8501523435432998,0.03188586704250228,0.12039419600489831,1.2616052818685264,0.5935194015081914,-2.3221699338605504,41,0,2,1375,none
501,R_tN0Tf54WHWvjg87,-0.1389952197070039,-0.34843355912227286,-0.942288362546425,-0.07534688157228304,0.31840566760554234,-0.007824424642989547,0.04241058391937225,-0.3298235034155208,-0.41909289176644643,69,1,1,218.75,none
502,R_gENFjrEudqhV2GK,0.34849919881262,1.262732597150737,1.801757051690018,-0.08005011500313186,0.7628823295512276,-2.773703268130954,-2.754826167063655,-2.4894525819696556,-1.962405818559872,47,0,2,750,quota_full
503,R_UhEFClKU3R5HIa3,0.536582168671889,0.33396616716003213,0.4115606539437522,0.6718632038789736,1.0445145487775176,0.26052018188455034,-0.25424367447730956,0.7704218757928446,0.11907585650770296,43,0,2,750,none
504,R_j0cIqxbaijdFuM1,0.49051259774829903,0.3021048649602257,0.27548655520828885,0.05594984958613124,-0.6002769207089678,0.5970530245609551,-0.29122200748839644,-0.9369633006361759,-0.0758908697767493,35,1,1,750,none
505,R_WVRZiB8sWiCM2m6,0.8724440214949071,-0.07366509664571563,-0.45492233284733186,0.42789536925578747,-0.40708236859144975,-0.49797700653361227,0.643889688959301,0.5342115808679859,1.6815590223840495,52,1,1,2750,none
506,R_B9ooQW7QpCliyJm,-0.814448559060051,-0.19513371606393462,0.8473117588264011,1.2262192043952034,0.8567007805474345,-0.42110588210437444,-0.6334707012994099,-0.44507265701107207,-0.029170323679254498,47,0,2,6250,none
507,R_ovKn2hhHiUhwHfa,1.561868319996343,0.5145923604465361,0.28730944917422196,-0.841062837990821,1.1124327460836836,0.1329151593956398,-0.3958100968314264,0.9062917123149306,0.9126879313232152,52,1,1,1166.6666666666667,none
508,R_IOKCssAKdUaQBFX,0.5845751038121018,-0.5314411755939402,0.34022410930321234,-0.5090216159720078,1.2370482724990037,0.8094585008922784,0.6428129309277615,-0.43545558458141254,0.49703241378956897,53,0,2,750,attention_2_failed
509,R_NSNEIpBGySJnKls,-1.6358707393293224,-1.6476693597730065,-1.0295930922378214,-1.4240857833114213,-1.5884299868402958,0.048337851322872105,1.3147383218664468,1.4754391215393277,-0.9978160922772048,57,0,2,562.5,none
510,R_txKMQDilhE4IUjy,0.6281162564901858,0.37480822447881346,-0.8800828615445582,-1.7988397039742878,-0.31508547253557795,0.41312488226394095,0.26767670130996024,0.5747963751775522,-1.5764017142104743,42,1,1,583.3333333333334,none
511,R_XUM4hnd0XSQIMQZ,-1.9363365879351053,-1.0077056640135957,-0.774106132260357,-1.412831560233789,-0.6315600258654027,-1.2967929370465208,-0.6978202229923964,0.060332035246914065,-1.85603802171395,59,0,2,875,none
512,R_ofP3MJU1L3Sx8me,2.6772993165769075,0.9190712904411917,0.6770520317524635,-0.23373037343799502,-0.12531569735350756,-0.3052237734365724,-0.9689845925629172,-1.5916439732000303,0.13955590925914413,69,0,2,4375,none
513,R_A6OIvzhJlUPyaKL,0.5173717441004624,-0.44954791474886613,0.3312897743088987,-0.14489132704825594,-0.5807934576563751,0.10240090372809008,-0.21917499857214778,-0.9798039654349489,0.7988900862160868,25,0,2,8750,none
514,R_b2FgbQoPUd5vE5s,-0.08771426489322913,-1.076085324149082,-0.6994579728559194,-0.8233422872875058,-1.8776457471345924,-0.6916054027266145,-0.24751961900021852,0.5200697841179965,-0.07647855827814343,48,0,2,250,none
515,R_RrIRrNjwQ0Vj2GN,1.0715616571525743,1.4401105810846733,0.989570559147392,-0.1709061104034226,-0.5080197127724474,0.07325846964110558,-0.8844482168749579,0.5022994337501767,0.4938230400808813,60,1,1,2750,none
516,R_mNzHdM6Fpi8ZXi7,-0.09694219105390971,-0.8506561336207246,0.1856712053933226,-0.09229937404862408,-0.002592218358778948,0.07128993723460315,-0.6204381649157082,-0.5077579760605446,1.3323163170964518,35,1,1,1166.6666666666667,none
517,R_nFyjGONNFAN6NnQ,-0.22422591899840094,0.2317913490308275,0.2824892231678413,0.010271974971321467,-0.1286273864753865,0.05839844190830734,0.2846843094478617,-0.48356420974718717,0.6315419703845593,26,0,2,750,none
518,R_YfxsyEm6c20J4Co,-0.5374768349783966,1.4234449321327578,-1.186879249739695,-0.5648428488962347,-0.6227856430647049,-0.5939185476990062,-1.2126726914577013,-1.591288310984856,-1.5627880062176072,46,1,1,6250,none
519,R_bEvQwXUWMmrOGTo,-0.7270297117272142,-0.18224723824311026,-1.1768858121854504,0.948291419515767,-0.6235810436587309,-0.02058534330855663,1.1503217460190949,-0.7026076067681539,0.5698983708505767,20,0,2,1166.6666666666667,none
520,R_dwuHMsytILQVMOk,-0.5015410164211302,1.09692720738259,0.6640898942089004,0.4357585238773813,0.8635605696745151,0.690520352923642,1.3566039548483058,0.370915472739478,0.9830439986881376,35,1,1,1125,none
521,R_5p767KBj8zGnbsF,-0.028857732504643057,-1.1050424089375275,1.7473654500092695,-0.9822797299235482,-0.15982605623313664,0.4578826157029665,1.330214578496658,0.3477821445321708,0.37957723426973655,69,0,2,3125,none
522,R_Kvsf3sezuPYPDNn,-0.26456061430517636,-0.13103073387275288,-1.4028842626257112,-0.42312434179049613,-0.4825311004593118,0.04342792941722676,0.9020759967871205,1.7257118639125033,-0.6256270491810666,59,0,2,1375,none
523,R_rJFmm9wkv1QxU4Y,0.08101133871441084,-1.0988455494642566,1.2019389778444605,0.32591995548206637,-0.34059501367507616,-0.47255951391484974,-0.8875784681329745,-1.2057637047153773,-1.564551128994629,54,0,2,1125,none
524,R_mhdU9cJxSbd0CNq,1.5385996543684806,1.966800856811217,1.3155313905515078,2.2145347959261277,1.6794018337969059,-0.06366795110958759,-0.788080105943312,0.2073650608460742,1.6881148385711557,18,0,2,437.5,none
525,R_C9H5QM50nSAPADC,0.14919924918292427,0.8548367606155448,-0.22792542596038728,0.6789236082854586,-0.5385556927754476,-0.2254598762748321,0.5605811733679555,-1.348883074874025,0.5553155220723578,42,1,1,2250,none
526,R_INvdXzScQJBOq8t,-1.6873899545986082,-0.4141253486716269,0.1865046843234412,-0.2632601865990457,-0.2540249539765142,0.5698741285213302,1.1522088311477892,0.14473243188645785,-0.722662230503186,41,0,2,1375,none
527,R_CnphOqxDcpO027Y,0.031850352408014294,-0.900885687024571,-0.46794494358482186,-0.26586213761179767,1.5401557127528447,0.25794095972026126,0.9881694184354758,0.34683190897695426,1.5129915499178523,51,1,1,1125,none
528,R_1dmIh7xYVYY3fHJ,-0.04860163078183302,0.9456271200937629,0.42017804685214666,0.04450939930163362,-0.10536870550885781,-0.929251645586628,0.4497630809480657,-0.23483817759235417,-0.1369629042445143,48,0,2,437.5,none
529,R_mIZII1j5Jx9xZUm,1.1002625377379793,-1.0351430876404157,-1.277869759464324,-2.3396923057809134,-1.7038156603512487,-0.9081427005461864,0.24935631563990854,2.219610217941366,-1.3489987457058805,46,0,2,3125,none
530,R_shOZzviPNXE3Zvw,0.9888746297907279,-0.8872867084525289,-0.5755993279506234,0.4900694990853822,-0.06586466454145203,-1.262476631382672,-2.6364746831748227,-0.4525623255978285,-1.11968944204138,69,0,2,1750,none
531,R_FQX2V5ud5UoL3pi,-0.19621722097014702,-0.4906760365825608,-0.10611199158105303,0.9412179699330003,0.41108174646225565,0.21139520067386436,1.1789764382951102,1.182409636396384,1.8066294659478328,67,0,2,687.5,none
532,R_aUcG9LljoYg4tqj,-2.116750973761272,-0.5346709004653494,-0.7124189893469535,-0.9590416969098746,-1.7310584331874856,-1.0020508083693698,-1.1749842997962932,0.24091978220899457,-0.02851137435663463,58,1,1,6250,none
533,R_VRimb1UWZab1MJi,0.8168711268500675,0.6955767775114179,-0.07964329020702311,1.2386402699225707,0.3663850752555716,0.3076127444257389,-1.4526082416569581,-0.502506949248549,-0.38135009762545125,21,0,2,3125,none
534,R_eFW0uQICtkvD2Sf,-0.3020455583040738,0.3192231283570537,0.17464610767770553,0.1764328256784179,0.5050340803872375,1.2819257069473977,-0.5169865407879032,-0.010784054719648856,0.7391984325830714,61,1,1,458.3333333333333,none
535,R_P7xHdNLfz8OVdn4,0.013790587898356951,-1.272670161955026,-1.7950696788567369,1.2330592371576548,-0.780387198215916,0.07130793257941381,1.394403331968177,2.0289978675200633,0.6302868969363049,47,1,1,875,none
536,R_p9UMwex5VV1rA9h,-0.6921565723815422,-0.7754129532426952,0.12936471129147345,-0.9217017613260128,0.09058257640442235,1.7872701857480235,1.3463702364516867,0.7432395564660501,0.6935941802992263,57,0,3,4375,none
537,R_TlrBZgMMAIW0PWS,-1.0522612267575564,-0.9347803672271123,-0.30409027440644715,0.5035298605997283,0.2218159892879123,-1.4016604647688593,-0.9458810972837971,-0.930322142137839,0.18799927782010223,61,1,1,6250,none
538,R_iy8Dn316awL3sz0,-0.8815372582596457,0.0019631841986827584,0.6855236441055088,-1.5562004714224924,-1.3149781166810224,-1.3815829876499748,-0.7118361472000256,-1.2640069064103345,-0.7729957359194713,51,1,1,83.33333333333333,none
539,R_Jul522tMis7fIBg,0.4769207219666141,0.9225304549393114,1.2280304961975075,0.026151050594695514,1.0447809144119433,-0.12180649763781598,-1.6333809855816144,-0.593028141211557,-0.7029460982552057,44,0,2,875,none
540,R_cHs1FNuHbzsNphb,-0.2814813215175469,0.44415940854097324,-1.9156012543649474,-1.5557275376304815,-0.9567164823099573,-0.3842828823553392,-0.9554203981130298,-0.7799531463582153,-0.20958550227246775,42,0,2,3500,none
541,R_rZovfCM3PUZqzBU,-1.5788686989402974,0.016953998396376832,-1.5615996851218759,0.15752737724467902,-0.5602692095461379,0.5665336882078644,-0.1467452520204392,0.03461217944171019,0.7416139795916907,18,1,1,1166.6666666666667,none
542,R_URURZF1tCeuWWTQ,-0.25993045830857825,0.19225012881036835,-1.0469416879429128,-1.040617083934664,-1.2553321021196124,-0.22467797536424444,1.26398587558408,0.828932350007888,-1.7769299517206432,27,0,2,2250,none
543,R_PBrr3iJ2qC666J8,-0.5119322074239766,-0.3665527501496663,0.5326961621575855,-0.5378859422226347,-0.2844883032681955,0.2603093299189286,-2.4002155632777313,0.1377854853109561,-1.5307541882013724,67,0,2,1750,none
544,R_6qsVWzPf1GWNz0o,-0.2330221164800919,-0.3180034412425367,0.6339792309534216,1.3415205753688666,-0.6847863420431199,0.0550022416871262,0.6415347115529322,-0.808767412959212,-0.5647219357790528,33,1,1,1375,none
545,R_I70OhaqYHQ6VEHj,-0.3944399581480517,-1.1217933548649859,-2.2045089885780387,0.8309518176853756,-1.3870330743668957,0.41850934494758424,-0.811082136876611,1.0211826963978943,0.06360045745437354,34,0,2,687.5,none
546,R_zY2XO3TfhIDBthd,-0.23587131019432514,-1.0896986353460782,-0.7077302750402394,0.10794457720913223,0.4200674835296001,-0.3513111434029087,-0.37870730224838245,0.040383891643331754,0.5480931385765504,51,0,2,1750,none
547,R_w6BR2WfezuwEZ0u,-1.2311124097419155,-0.27953213584660536,0.5115125140991801,0.3790201470439033,-0.2232670584800617,-2.565001169887044,-0.10503379502419122,-0.08329688182978903,-2.0010355970802243,65,0,2,875,none
548,R_wfFUT8ibpmNHVdF,-0.5714344581541395,0.8994695580852865,0.7932453255789903,1.073005903079532,1.112889450532718,0.5899827275060203,-1.1284986618113806,-0.7734444079803506,1.9058888094281907,67,1,1,562.5,none
549,R_59XQn9OGynvbb3a,0.7046026828219235,0.6482147055605806,0.5989169409703152,-0.04137324232987844,1.1852262646401475,-0.2228615578400438,-0.601755387545853,-0.8032980742386308,-0.20482232684041124,54,0,2,875,none
550,R_3IOIbd0JMAcBOnZ,-0.38045627155970035,1.6610816140406177,0.6284242620360917,0.6125639651825965,-1.1740127631129151,0.9835481455620204,0.7892718849782923,1.1045501064009335,0.35288113991943554,58,1,1,1125,incomplete
551,R_o32AwKXVB3IcT1p,-0.6845358322324302,0.6057235356350501,0.7922308900759623,0.013782721610924153,1.2212374706389961,-0.0368338178835315,0.5809313329926893,-1.8401474986958253,1.0444927793448677,40,1,1,900,none
552,R_q7YskVmzBq8nIED,-1.0511522421251154,-1.508452159373656,-0.8242032523589785,-1.2317220991659303,-2.0081357785920133,-0.9685016274672766,-0.12695151513870728,0.08116840146089505,-1.221404928570094,50,1,1,3125,none
553,R_6wdHrVAMh5GQ24p,-0.09756686549742008,-0.850255881556521,-0.07893581557386622,1.1621087153993228,-0.18948569646052638,-0.6503230177318957,0.07207545208308175,-0.4325696483662793,-0.11407703260815048,47,0,2,1125,none
554,R_ulFO4fNkDvmennB,-0.9734784295463796,-0.28663973991443914,0.8865127530003928,1.4976366448869773,0.7053502660473927,0.2673254889455331,-1.0769379573741134,-0.9635210194366441,1.270709278815103,50,1,1,1375,none
555,R_TcW1wdEJq3iidSv,0.07882588838438313,0.5791493027150117,-0.3863246463760153,0.18662043831205932,-1.0800577762054433,-0.24743781914264548,-0.302084953146944,-0.15851486813089677,0.17743360489501603,29,0,2,916.6666666666666,none
556,R_ON4uFk1ZJsLAvPy,1.122733865301397,-0.7716934137622463,0.9548051303250538,0.7189653822211524,1.053419042534266,-0.20047933727131445,-0.15216296499322765,-0.5481209971672424,0.9158825820550424,39,1,1,875,none
557,R_7ze4fmdUvUjWUSC,0.9597245446836687,1.3597955844581455,0.548273307067214,0.27338046996365956,-0.21071225269167274,0.874741042095563,2.001366203406354,0.23716414477500714,2.243754467945095,34,0,2,1375,none
558,R_flUWBfi0b4L0cjB,1.3072630023861156,-1.4043308063691975,-1.8121630558445307,-0.7520442457129988,0.022895825731000397,0.45406537869554225,-1.1481744667167695,-0.034598497339733636,-0.8422130853648258,50,1,1,1562.5,none
559,R_ncsANbNTf2I3lfy,0.2784420524180769,-0.2196326961634513,0.23993776733642302,1.1298336107020317,-0.397407171843363,1.643084637280659,1.2659799485727692,-0.22931846523508098,0.3009780982182063,69,1,1,1125,none
560,R_3ZbugCYL9XD8tV5,-0.9204850660898198,0.983670541885445,-0.775522650634963,0.5124540210157355,-0.2866074810170139,2.337572433049169,2.1096537653635723,1.0569743418911206,0.5183768800578785,48,1,1,2250,none
561,R_DtYqnBRkTzIxnbo,0.9215704767082835,-2.018859308531268,-0.15292991663739372,-0.3625162138314884,-1.13319873011555,-0.652342848397236,0.2998967491591147,0.39364037792566137,-1.5788235259127996,49,0,2,1562.5,none
562,R_fQ54noRtnZdP2zH,0.005300785849575093,0.14928722649412235,-0.24581169948083603,0.11242311954669958,-0.2875614525230124,-0.26370501197959484,0.21393705878792296,-0.0868445684285181,0.4893446688806242,51,0,2,3500,none
563,R_AJ6dEZ9B8D2ZDN6,-0.19638265924603732,0.20399576389129412,-1.4069263419777225,-1.6128010717881338,-2.317406120560587,-5.491042039183027,-1.5035725670118147,-0.6086775196507809,-3.3175471021531076,43,0,2,1125,none
564,R_m2Is3dyrIFpNRmo,0.8760988354778305,0.27211870938347665,1.4269843132259754,-0.1634260283147715,-0.6658058825526512,0.8039332532872394,-0.29165269841238645,2.1036852034580535,0.8758178603395402,68,0,2,312.5,none
565,R_FWAW5rO9tD0mbjz,0.11089422962547142,0.1729628262596178,-1.7693244931320826,1.9049327054374101,1.2296026990995665,0.6945012745844943,0.6721335780809646,-0.6255908857304844,-0.5806961748418074,37,1,1,1375,none
566,R_tKEr0m8B46ol5a8,1.297907718909785,0.21123210766580705,0.1620337468172921,0.15392068583816013,-0.8282343353476034,-0.4241003512753634,-1.6014325753427499,0.10262849414553027,0.03489857658818024,20,0,2,291.6666666666667,none
567,R_22eGXSpq5yT0mpb,-0.15425455186063547,-1.7150924378067085,-0.6684462311774034,0.9534500051674658,0.012688745036684258,0.2365670310168107,1.7492658319248395,1.4406906456535542,0.22914035802488958,69,1,1,2250,none
568,R_HfvTLZOuJCcWQzk,-0.24746014526385057,0.7169504277376239,-0.2563611542364437,1.0533716615712267,0.3191424128840473,0.1152189401665768,0.6771218166522808,1.0536100221371505,0.6496441443365891,37,0,2,4500,none
569,R_TB5TDxUlCqjoZiF,-0.8115271723442385,0.3051915622487657,-0.27870658684794336,-0.06818311645198487,0.21222323784935704,-1.1622858941532945,0.0444420856921329,-1.247342010625619,-0.9829393738094094,29,0,2,4500,none
570,R_FydABFPY7xqMRnw,-0.19839687550907345,0.19431620997621266,-0.037864273637499626,-0.2384345185620147,0.6108476082785962,-0.629599411771222,-0.21581317062231486,1.0798180277597644,-0.02528788694815093,60,0,2,2250,none
571,R_wZz8Ie442jzNsh3,1.3335408049250768,0.004042030503801374,0.1779498457071512,0.2615435353508715,0.8243978880416297,-0.11254847471705982,-1.8322651120247324,-0.6796172773418265,-0.3994021905617925,38,0,2,2750,none
572,R_aRaFzF2qjTvesO8,-0.36259834872499996,1.513187892236853,0.6345200340058117,-0.36781702321684745,1.5070805448747566,0.32766428445021406,-0.2680605147449471,-1.3880726057978299,-0.7047538265085473,54,1,1,6250,none
573,R_ZGcwigqoToWWTIS,1.7819503075328673,-1.1802422269162487,0.3091928499513749,-0.15891544461289542,1.5188519389213309,1.0907788858835654,-0.19640321213736678,-0.6539628264437796,0.14299920725397666,45,0,2,450,none
574,R_FpAJTNITa5Yh8kf,0.8466581397425648,-1.211515701487782,-1.2455476907639136,-1.1559044920183301,-1.7898318373251243,-0.6775541200154633,0.6588088202820823,2.136062322257585,-1.000728338091639,69,0,2,2187.5,none
575,R_75wNP5RtfaJD8ft,-1.0347218385665566,-0.12035147645893908,-0.12259447680161059,1.8331134020555626,-0.29799362615635555,1.2878507548728284,1.3446418332415093,0.811043320981142,1.5387038536396014,55,1,1,1375,none
576,R_d8bEPmaTsxAxH6M,-1.5532846116111756,-0.2322634689111359,1.214731926434586,2.429849087798287,-1.2591594886493702,-0.10883616753274328,-0.0054201607068604385,-0.5435876301337381,0.4528463697370372,64,1,1,1750,none
577,R_9QmrDeeWHCNA1OF,1.889163682396231,1.324095205539431,0.4045199636020328,0.2606653028788283,0.15086318369460008,-0.5249702521442796,-1.5981246754026492,0.869734928493314,0.39505974994783544,57,0,2,1125,none
578,R_SC3jL3fvtuwxhTS,-0.8338399074101239,2.156690616230227,1.3802489234692743,1.461566213998117,1.5582243171284194,0.99315906926487,-0.308296065628807,-0.34445976868571826,0.4249114018172261,49,0,2,625,none
579,R_XiPnrdI9l0amt4W,-0.4314910831847889,1.3294570354617523,-0.4008578861323735,-0.807731238614879,-0.18541459466681354,0.5131629382672175,1.3181933763417397,0.9677651992274265,-0.2154455494479575,53,1,1,291.6666666666667,none
580,R_As10AJ0NHoKfnVu,-0.2359794849617958,-0.7017092362435848,-1.476296643837477,-0.2628893166255496,0.1988991947331516,0.1667497138311611,1.6420920144983038,1.6469829657182218,-0.8225253611767902,22,0,2,2250,attention_2_failed
581,R_Hkwy7nfGvpibGZA,1.3584221750581655,-0.07300754710973166,0.005869459566098635,-1.7545277850181997,-0.7193111233336384,1.2487761511855524,0.3407892033137398,0.7305308525323242,0.3219477035204177,52,1,1,50,none
582,R_GJRTDThOk0U64YH,-2.3134110347564327,-1.1169860047963671,-1.057403163125576,0.5402870646653521,1.1280481322458147,-1.0890068192378228,-0.3951989755894919,-1.0240210781705343,-0.25132686934700676,69,0,2,1750,none
583,R_RFjG6RPpOVeu8xR,-0.24743929351362692,1.3523029707187983,-1.6910228552311484,-0.7541951175722594,-1.0983846406830682,1.8452635212993365,1.6881487086538263,0.21584048867341904,0.43806312090421606,18,0,2,2250,none
584,R_xML4as65CxQ8jjb,-0.8544995441938826,-0.8957053356059202,-1.196188495217357,0.30232677441589073,-1.0829426661356307,0.48842304769799805,-1.38816810637659,0.14053905901508934,0.7471857735630831,51,1,1,4500,none
585,R_6bZT7QneZBkEqPD,-0.3517005944320225,0.13286151176345767,0.5913043769429376,-2.0711629299491174,-0.15600708996253845,0.026224122815199036,1.1113848211275106,-0.008024743538970647,-0.7807577644062135,69,0,2,1166.6666666666667,none
586,R_XaEoemUnXSgFCb8,-1.4165190695998962,0.06185977603651775,-1.3159305675080761,0.4989402611427718,-1.2829260160263685,-0.0464384089763914,-0.1375162655444131,0.48057584177738727,0.3882841926374673,54,1,1,1375,attention_1_failed
587,R_BnXQTyxj2LZKpZt,0.6767351947710855,0.11968240648445112,0.13554315559540786,-0.00979534535001771,0.7949659965796154,0.7816694555422872,0.33746337382031333,-0.586374872213838,1.3311677746610835,40,1,1,6250,none
588,R_gTBmO0zSYjiaJh0,-1.961671149333406,-0.7114112003499751,-0.09580400469907623,0.93459246219825,-0.03368379729525434,0.355912227246113,-0.07765106854249218,-0.34664289637206885,1.654872399119697,69,1,1,687.5,none
589,R_q8p24XfTB7AKTvU,-0.14344095987440925,-1.5188922852976066,-0.8954017190636049,-1.4970794964293297,-0.7856394998302131,0.6719827314773685,0.5281056415289355,0.09342407991008639,-1.803727899587111,53,0,3,875,none
590,R_JLOK1Co3ihcyYYn,0.13989213714688642,-1.6205139865700564,0.37686072517375235,-0.40949785086435697,-0.18011001702893287,0.019138095457782,1.7146584224868946,1.4794909607422002,-0.723741828869911,49,0,2,2250,none
591,R_eFayjsilEEK4fRp,-1.8896739837924148,0.8471873750860459,-0.01873643195811362,-0.5349542517178151,-0.9613115409051447,-1.0449569400370409,-0.9987941523653737,0.12761933945593606,-0.014241157815743477,54,1,1,1375,none
592,R_cv4YixqygebSWt6,-1.0263366417908493,-1.7495337288826696,-0.504228482030588,-0.053138470943038696,-0.3726990124512291,0.07044344087702092,1.894925465164872,1.2264010061927721,-0.868533909704147,50,0,2,875,none
593,R_24UPJ888aUO4ipv,-0.7711760157029468,-0.36727931757020643,-0.7467567735554823,1.570131544149971,-0.6892229864060271,-1.8465797774466493,-0.5284947516285246,-1.366517193049278,-1.2476130716799951,60,0,2,1750,none
594,R_GM8yS2T7TiBDShC,-0.8639225938592345,-1.0184699512835185,-0.9080760728256937,-1.6570502689596562,0.14925055587453212,-1.3809184849885119,-0.11521048225879982,0.5667242804742106,-0.24188660415111518,55,0,2,2750,none
595,R_Q3EHBhzJYVC3snP,-1.1272241802260117,-0.0772700545440518,-0.8568997869309857,0.48373540400121606,-0.2829070005925683,0.3851880472969271,1.223339280350926,0.9764060591670698,0.7379164422346653,65,1,1,1750,none
596,R_zjX9Wrr3pH9V2l1,0.3486187818328735,0.01602723880434988,-1.2998560829149484,1.6593550854114092,1.268268869371801,1.4519667248978236,-0.967462226806913,-0.3660575186376053,0.18852932512090825,29,1,1,281.25,none
597,R_DuDU2N7FPAFsg9Y,-0.6000345965285822,-0.5764455341578282,0.6190482604709072,-1.9279442861356166,-2.3521334152221005,-1.500424518235933,-0.8799213716298021,0.1747804538166277,-1.4108901040361723,50,0,2,1375,none
598,R_Fk4LmOMIDANt1G8,0.003385116530679904,0.17443953166841078,-0.571761916634145,-0.19057227825876916,-0.7437160221588631,-0.5917287316127327,-0.5739741165207187,0.4321031712016093,4.075937725697143e-4,58,0,2,1125,none
599,R_7us76QY5iqRfW75,1.9398197894398,-0.009898487957870315,1.3349806603335326,-1.2892038046051997,0.7800696478202253,0.4243904118540951,-0.1496463242600358,1.3440083233849924,-0.12035577241298917,66,0,2,1750,none
600,R_THlmyYvakTD3cqc,-1.1356999352779253,-0.39676000675548184,-0.7172208680556378,-1.3625454769471892,-2.039914431928566,0.5102063693416449,-1.0500696271385892,-0.9981661433385096,-0.5679384301127355,43,1,1,916.6666666666666,quota_full
601,R_Rns5G3VxxXW7vG5,0.3589214384793061,1.7177720266803256,2.87038238188098,-0.13772092973397115,0.694607224092139,0.3593001077027634,-1.1353445176820605,-2.990770298538073,-0.029435403579371133,23,1,1,1375,none
602,R_93cgLRc2DJmcTSO,-1.6187667892614084,-0.707355245600315,0.006139297073966385,-0.2354876084557488,0.00697766368396049,-0.506120059682118,0.6390390119432152,-0.9947004114831524,-0.9958347634975572,34,0,2,1125,none
603,R_eBKp8VM0GiSnvpg,1.921124418002753,0.39668869996195416,1.3324891098093048,-0.9029785092613651,0.8092385352983662,-0.6600905566011572,1.6580863545400846,0.7520459612425322,0.7820841966009043,55,1,1,3125,none
604,R_YMNfMcZjFICbIP1,-1.6157091011483593,-0.4910942641729615,-1.0912866077983105,0.17049955274706924,-1.4907442944278388,0.9284746803806921,0.638952286912964,-0.20431310619532966,2.002840315511086,40,1,1,437.5,none
605,R_kwq0YFuzvrA1KmN,-0.009872920216644751,-0.4457080021385707,-0.28571159583584893,-1.7278815766636397,-2.2854613801581705,0.3110506787862818,1.5150432445009672,1.0081411676343683,-0.9798181618240756,45,0,2,1375,none
606,R_qstdtaUNQtkiN30,0.7367744976811359,0.03508516533932687,1.1975249745089938,-0.5258683901985971,0.5996148557351171,-0.42427901662814826,0.5979413601673403,0.6578891163625139,0.11973439406858308,24,1,1,312.5,none
607,R_JmBrssVMKvo2LYt,0.6234078824652949,0.9207915959973664,0.9383901421849283,1.1645918361427663,-0.4991535443811281,0.9720255854808005,-0.014041874993032,0.8917193034344221,1.8695430350430622,69,1,1,1375,none
608,R_rkzmhPDuylikqYf,1.0242746737385857,-1.6944212963957173,0.49435268781203917,-0.34531372851930286,-1.5145802353075306,0.8976756512323204,1.120995042062655,-0.15715160142396972,-0.40573790899180284,18,1,1,3500,attention_1_failed
609,R_p39LCsFS2y2rJEp,-1.5725574918928709,-0.4181789370713272,-2.901418299237274,-1.5644256395539384,-1.0339185675564169,-1.313651557597858,-0.5972101665362857,0.08668837104707966,0.653406702811521,33,0,2,687.5,none
610,R_MxQ80XNZOEQHzRC,0.7684023190117517,-1.4641284741117175,1.763231824477979,1.0675743826395097,0.7710701795906483,-0.37225073177164025,0.14181441106234516,-0.44658491711162784,0.8150591706889204,53,0,2,1750,none
611,R_3pTcqa6jyVowWIP,-0.6581393963869574,-0.3545745074922774,0.3970186621319824,1.429779611760081,-0.8023186343097227,0.4994189493219399,-0.17462598765079113,-0.334405065116264,1.6096759568353498,22,1,1,125,none
612,R_mAeO9xhFSq02931,0.4571126265068498,-0.912267299007494,-0.7030546286843485,-0.003717032470582689,0.6342513020072236,1.3302171002082994,0.8659080757001146,0.669211145644478,-0.07105530217196948,69,1,1,350,none
613,R_WEnbwcFcuDLJCkS,-0.3668261963357665,0.1167944575011147,-1.3341757907820402,-0.044103630158444894,-0.06202826388799258,0.012328368095729458,-0.03176083161990162,-0.4615803321334849,0.6846631083313198,55,1,1,875,none
614,R_ACQs9oib1okpAAC,0.5947832078774296,0.6241650111577872,-0.13344836922184253,0.4615235889802965,2.2131544864219324,-0.5974665277164338,-0.45424797696565783,-3.0512030247350994,-1.5620019677592045,50,0,2,1375,none
615,R_tFa2SMWxy4YVtCz,0.32578130987869963,0.48341414117553605,2.0228923617772963,0.4096661927881081,1.1854830706849038,-1.2503874735991938,0.4860526581328926,-1.083061974991326,1.5747539914926645,37,1,1,1750,none
616,R_tnLd9SpIt3u7aiy,-0.5692890124807835,-0.8777631863331428,1.6902138237157416,-0.20500167432678976,0.2333286687390308,0.6635785471306642,0.3521645045207386,-0.22539896967314652,0.4633934928667446,69,1,1,125,none
617,R_sLSpEDc9gQSVGGD,-0.04137638444017869,0.8598744037646759,-0.5833927398207549,-1.2272173577538779,-2.0659496261013905,-0.7516126265268721,-0.13537944579750938,0.24706003572596086,-0.5272024460632267,43,1,1,3500,none
618,R_JH4xwf9RjeDSQoi,-0.678184801540519,-1.142528476590819,0.35650755604934636,-1.5601165693099097,-1.0603058083226176,0.6784145593453826,2.819707566293847,0.9155685583803321,-1.2694854391981758,69,0,2,2750,none
619,R_mqYjvp412zGoJ9M,-0.19984220580059822,-0.26309254428590406,1.0304649247502833,0.4315089409188557,1.8129925233420652,-4.07535567820934,-1.9073718168339573,-1.2046174139866883,-0.719657441165147,36,0,2,1125,none
620,R_DqOnYYClE6qDby2,1.742013948952661,1.481778476936369,0.7564777246682157,0.640697391925942,0.9179509184005938,-0.03692413246623849,-2.1260392281484064,-0.8835527447409133,-0.33926057606778537,50,0,2,875,none
621,R_KTR8FrgKERDgCh0,-1.1488581085150251,-0.2804949462596852,0.05685266545854729,-1.6393353953452425,-0.7990369376949226,-0.6532588695307642,0.31995060345392473,-0.8139389942439084,-2.000831792812547,46,1,1,1375,attention_2_failed
622,R_WyNftmnFHVOkk8C,-0.2218716345504267,0.9366006667757436,1.9320860198034477,0.7885472361478659,-0.3556048523025062,-0.19885246483102786,-1.7098318585395225,-0.4084735767614324,-2.3310821512128017,27,0,2,1375,none
623,R_SGb4J3pz0EAC1I8,1.6008223988613735,-0.8528437747336386,0.582923323295745,0.522133647498998,-0.26714874521623483,1.0337987450489146,0.08544981881226855,0.9917552513503947,0.3966196105705854,37,1,1,437.5,none
624,R_u7smKgpmdakMKe6,-0.1289231053578117,-1.1763798834393475,1.2086880223508343,-0.7584224679143059,0.18931897852191584,0.13560745766899973,1.8168088946327823,1.4086638715956266,1.254118200002062,30,0,2,875,none
625,R_SuxlRemJdBdd66x,0.04493627993250558,0.8344123865628418,1.947319351515725,-0.24760746417113488,1.1250025057311668,-3.0917241589107882,-1.9642273418033436,-1.935880436899311,-0.6181886212773224,29,1,1,196.42857142857142,attention_2_failed
626,R_mXKXZMePggMcuqU,-0.47287165523930796,-0.004792821799493153,-0.8771052120199355,0.5639495540896473,-0.38651080543246313,-0.47127844368584615,0.897929962547841,0.8392738613484598,-1.0847619595770879,39,0,2,3500,none
627,R_mckeXAiBCI6V0Le,0.048772241525217655,-1.4553482481524715,-0.9357181354829224,-1.768957242194729,0.2564819478769631,-0.5201519936561834,-0.22042362626445222,-0.05060437201054069,-0.3446698086953653,31,0,2,2250,none
628,R_LPBdxRkaWzH0HLS,-0.5994205696086393,0.05463709490832859,-1.4921439991096372,-0.3827432230429179,0.35155177251208325,2.8278842791914682,2.450042387698446,1.4316009417335394,0.5237930403445943,60,0,2,8750,none
629,R_rUoj1XmlNZ9LSDz,0.4433954116685357,0.466940280910258,-0.1837802521662044,0.08291986493567552,-2.3041392429385374,-1.1873779072835315,-0.9987303916262187,0.804862117519123,0.062900211942162,18,0,2,3125,none
630,R_GIynb2bK0STT2DH,0.3415405927005953,-0.7072919288230723,-1.4193176704708779,0.1277378758211367,0.3881002636882793,0.7522574870879712,1.1144023254996558,0.8314288470148893,-0.10051097117192237,35,1,1,1750,none
631,R_i7o3BLYXrMkRAqR,1.001517726359813,-0.9976923814452806,0.9583160200735633,1.4919992449034027,0.27103533958323595,0.4890861879490643,-0.849246229655381,-0.5342634067757275,1.2549816900414856,52,1,1,250,none
632,R_KQUv0ymbW8GLW16,-0.17929037054341188,-0.08810002033846928,0.3179006304147447,-0.2921401394340897,-0.3339387177464593,0.8380745059195195,0.3434015314163526,0.051010657563105244,0.659365520761456,40,1,1,1375,none
633,R_TVQ8k2qqVPf9sSe,1.0935434528064567,-0.2107327288529855,0.6393695304394221,1.4519499433453584,0.6303418617157264,2.048464025886032,-0.18316049513383564,0.18364955267774877,1.399667062422614,45,1,1,875,none
634,R_t57oF6Wjbetjab0,0.5811799633677439,1.4613178838323246,0.9271482284145731,1.135002209122903,2.023135015420162,0.7353739214659515,-0.7143732258552067,-0.5153631668500989,1.8089700932767085,60,1,1,875,none
635,R_LHw3kHzPNDQeaqA,-1.6998600428658301,-0.14530770625554057,0.4393425019215361,0.29632751460613266,-0.6998481437473766,1.4693283496810132,0.8436905841623271,0.72949679734931006,0.14468366383575643,60,1,1,2250,none
636,R_IgUnyBMsQwVZMc2,-1.2096894909746465,-0.4668630435516557,0.34079018835226504,0.1149982758185516,-0.5184651628624488,0.28562039742486006,1.1590698768272132,1.2169099074497964,-0.7512996722409694,69,0,2,250,none
637,R_XHbuOGNYt33mvKa,0.543370890009887,0.2172468173696784,0.40217330802705303,0.24206140018171768,-0.6892169516429701,1.5122814861613803,2.189864226478751,0.4225888492467833,-0.026182279881722725,43,1,1,916.6666666666666,none
638,R_HKL9BWHpiY5Gjtb,-0.7642072814614614,1.0772129878966341,0.10061014856624446,1.423574535443466,0.7519774283411977,-1.2430830246721445,-1.3463001526352614,-0.41489153015077357,-0.26976225303654844,30,1,1,1562.5,none
639,R_G1wMvVHBmlkAh0E,-0.3079852692151749,0.6935362322044926,-0.09491390104792771,0.19784073431958868,0.4986029949350225,0.9396429419665873,-0.4660280670382583,-0.717468291824826,0.7712050646163487,43,1,1,1125,none
640,R_Q72NlVIYbSlBZe5,1.7104311773691638,0.724707696709067,-0.30209266982625016,-0.17102957558483498,0.7298016269352325,0.4454966141107125,0.28944663761000766,-0.9112792512237416,0.5682423999918522,30,1,1,875,none
641,R_z9e8DV43ibHmZi7,1.1273436600724636,-1.494718482942122,1.0812290530176445,-0.4689440183302424,-0.18164986108983222,0.39943644896565506,0.9832866708529171,1.629726556708345,-0.14445980481768744,64,1,1,1750,none
642,R_qkpA4DlwBh2SKA6,-0.013842034291387788,0.9852580831280148,0.7280646638794105,0.0751326914767317,-2.0099275221296486,0.504471011771104,-1.013905097044496,-1.8121556226156519,0.33225530195329755,26,1,1,4375,none
643,R_Knr9HnekBEiI8G6,-0.0931423244237612,-0.43933379306416936,0.007250514975679912,-0.05905984008385276,-0.6983864042314476,1.3196719868240445,0.11756941335824828,0.3693696278060564,-0.4771340092505556,18,1,1,1125,none
644,R_Wha77zS2xkx0rVK,1.074398718803262,0.9068151849553233,-0.5516810374684898,-0.23338317937134512,-0.287270819352831,0.1309117043475927,0.11379437821599822,-1.0308361902725685,0.17960607177335747,31,1,1,1750,none
645,R_q6uoreGtPLpV6FK,-1.8427816623079911,-1.8565537455463315,-1.2941463596675793,0.08284535101828902,-0.059826973064168794,0.6214789627234951,1.4728814840646436,0.2800023870124812,1.1880995030075256,43,0,2,2750,none
646,R_KBXWOyAU98jSk8l,0.3386493360849499,-1.0310275541056888,1.3058682660850678,1.9860253887137813,1.4160174094944202,0.19041430920927643,-2.522204245678968,-0.622756543339193,1.054809757438842,48,1,1,750,none
647,R_JETCnZeQWG6l6gN,0.46215174227461225,1.786672725265128,1.3056679834060412,0.41352347510252535,0.6532092536380888,-0.6756362122968508,-0.5110209704344885,-0.6583103117967175,-1.9387138869831095,52,0,2,1750,none
648,R_2wd7WihZ28Flfrd,-1.5415919131951468,-0.37878710309821906,0.6837240182397448,-0.2642382241478612,1.4047881640879947,0.8216112702756713,-1.6088375308142266,-0.8936131825811785,0.6939011016894859,49,1,1,3125,none
649,R_N0Fd0jaxM9wIWO3,0.8004603858302695,0.025262407138667044,0.5819874114212681,-0.3418776079452753,0.8036584317066503,-0.68978109284823,0.07089488608891352,-0.07314820229353233,-0.5740184049093191,57,0,2,916.6666666666666,none
650,R_1jretwjIpG0KKrS,0.332227086651714,-0.8919413728359868,-1.0273591326951712,-0.9085565641979819,0.15664525554778588,-1.571598528593264,0.4071879363970836,0.8395628948988316,-0.3007764598511973,45,0,2,2750,none
651,R_GBKTQ3OPA1XiZr3,0.20364948874740452,-0.8731618672823556,-1.047679286243571,-0.09525517747689091,-0.7823961313091331,0.03196424535229364,-0.47973521249289247,0.6576394714482645,1.1413346169955885,42,1,1,1125,none
652,R_sblyDd9BN7dB3PT,-0.06492859700047407,-2.744922634410258,-1.1418690181480633,0.7875031590245214,-0.4342283091151363,1.90837443833115,1.2208894738398084,0.9355345537544595,1.143779876599993,34,1,1,1375,none
653,R_8uOIEoqb66jEwEW,0.6521858695700452,-1.1509734943978038,-1.892893059536797,-1.7953599724947198,-1.9720008086125915,0.522285279749558,1.2287738583122274,3.1305051120146024,-0.3779281960301971,40,1,1,1750,none
654,R_Np2g6DB2EisDQMS,0.3019823513427789,0.2673397709926137,-0.5075699112185769,-0.7376551771802656,0.9028005830752032,0.26485445919791184,0.7516796283512677,0.5563713149576871,-1.1390340978386106,60,0,2,2750,none
655,R_RjzTKZelujVISi6,-0.23534476452511688,-0.6805573938723848,-0.351678526259371,0.3893822914856446,1.9427386829095052,-0.016869976452193715,-0.3873546291674745,-0.35469342955088745,0.5550086390777361,53,0,2,1750,none
656,R_hOBGRVBUwTAqnQr,0.07687937301984847,-1.4233877256885645,-0.5572676403423361,-0.2765086415386723,-0.07345319917203244,-1.3271918503177127,0.490522248972161,-0.20917508330565748,-0.23053361715778037,43,1,1,2250,none
657,R_P8tb3EE3W475Td4,0.3749163098538769,-0.4017079815224877,1.8254566967309596,0.8412056058587702,-0.018466327650503593,0.10089514642276597,-1.329350727718614,-0.6846540796665604,1.2439162903292225,49,1,1,1750,none
658,R_ZAUF6yUw6UJF7nb,-1.112267149286168,-1.0399069128762475,-2.4725236115625595,-1.4480181980315723,-1.726380626242091,-0.163973266207097,0.8641363793515087,-0.0990422720620947,-2.3066648393584073,21,0,2,3125,none
659,R_NKK3X9pvGrly30L,-0.6143816043742245,-0.2682222704557636,-1.126278044341873,-0.5124299786696151,-1.8003969160628899,0.958420721140809,-0.12975143544300843,1.1515752271117154,-1.0570910512998892,62,1,1,875,none
660,R_D67HYAv1kk70ZPa,0.9365461747355185,1.9995610620723834,-0.16170352637666238,0.48343418344546546,-0.9069502317727983,0.768662826277715,-0.8910363504094987,-0.7751500992693304,-0.7036112668076283,22,0,2,343.75,none
661,R_TT9IgZtV6wiDHDl,-1.9521146157894826,0.8772921348515721,-0.5231483433813704,-0.6614140593673734,-0.40590648000100404,0.43914502006791123,0.13758066753464165,1.183324618649541,0.7995287683208274,58,0,2,1166.6666666666667,none
662,R_zap8GjjrxbDRvpR,-0.4284134890811882,-0.40001541347767433,0.23675919142039584,-0.74983002904762,-0.6848094197651521,0.1992218661930673,-2.5394608962038543,-0.11483480175308258,-0.6308874484238526,37,0,2,458.3333333333333,none
663,R_UQR3KJqG9jeKYIt,0.4082239250682487,-0.054360896396430186,-0.19473363542442598,-0.2516137861871621,0.3586249630643486,-0.3347492119517929,-0.107290361881155,0.15008925074000887,0.7728778184611953,53,0,2,8750,none
664,R_RseNTkwggQgvXkP,0.3342445986819653,1.2815126794778755,2.6926859336820708,0.7714980206469719,2.1798329264107132,0.6043997723506399,-1.842456473126854,-1.7087150712646388,0.8335143954145813,55,1,1,2750,none
665,R_qgpL0qizuGgLX0y,1.1940734852688901,1.1001499023384176,-0.3250256889324068,-0.029337859520754423,-0.9249027798346304,-0.6254100722308604,-0.8454072070527938,-0.871314910834735,-0.5914566312838343,35,0,2,875,none
666,R_j1UpzhFi53jCipc,-1.0731756944751922,-0.9562105893935828,-0.5594621828454512,0.6303528386675741,0.8966778212527372,2.117956725202808,0.773019270743903,1.9961694855862273,0.6601680630826564,18,1,1,125,none
667,R_GthxwkiPclX1va7,1.0704658835951852,-0.09998389250367085,-1.1620065150511385,-1.159683745317289,-0.8837626087486079,-1.0105875056515108,-0.30184629241031274,1.4571570712048336,-2.3462152686634195,49,0,2,1125,none
668,R_9H5Qxn8NJahpiQu,1.5453974248600932,1.7025694160956848,-0.06263616311363508,-2.672753287640724,-0.8410259304199005,-0.23702438318654995,0.8668641256708218,0.8787284690656015,-2.9818965338810237,64,0,2,3500,none
669,R_HQHZNy0JHx8u6Fa,0.3237732454957991,0.8895570211863029,2.3334851691783878,0.931606924396151,1.3137715866421542,0.5633240713461987,1.4509645232761383,0.26315381040342,0.35586477774366504,52,0,2,583.3333333333334,none
670,R_Me1RxOTXo9S3y1j,-0.3158662861754278,-1.3002432020631223,-2.1387484332894955,-3.0605793257872747,-0.8556738425982291,-0.8316374772448949,-0.41749467607208735,-0.18076808018838153,-0.6283388533224623,44,0,2,2916.6666666666665,none
671,R_NMR47sfB8PczVp8,-1.0991165656064947,-0.1784204426930986,-0.900569631862161,-0.7868850666603368,-1.6533786658811394,4.236198327473726,1.335365124998643,2.4304015803411243,0.2507817723151309,39,0,2,437.5,none
672,R_neHqAv9yZv9F5LP,-1.311827696705799,0.669568149658325,-1.1688326577773087,0.16233748248913413,-0.8124826347184597,1.4007568826079637,0.3057252355715559,0.565022169716483,0.523628154043501,69,1,1,687.5,none
673,R_h8o4xawTrV6bkyA,-0.9651078517051345,1.1036245402764129,0.11074878918343804,0.25409913464834005,0.18697705327917583,0.5986211276944856,-1.1045619153831663,-1.111644743667822,-0.6620110901656939,54,0,2,6250,none
674,R_QbOccBHz0AHjx0Y,-0.323812305420976,0.16133618675925063,-0.07991500411532877,-0.7397434169970388,0.17250710970182578,0.8649585011156358,0.3636399549774518,-0.895828191616411,1.5683971740568863,18,1,1,1375,none
675,R_xgZ3H9SQsB4rSIM,0.9144581882367494,0.24946602552694394,-0.7090122407559415,0.2912963524460479,0.7602485108744496,0.544651287718331,1.3737683287574802,1.0189186928405467,0.7456210765343523,29,1,1,2750,none
676,R_4pBr5iquBnAAJsA,1.517691432297478,0.13949900276109306,0.7906352605409968,-0.357039974557408,-1.028420659947424,-0.38749164488510796,-1.0955233007042149,0.5733996717861691,-1.1492686204241238,67,0,2,3500,none
677,R_tmQ7huMMI1LOmsG,0.47584588674749867,0.5106009161690516,0.6448622712432747,0.9394910697033498,2.3711926987219543,-1.4385118546394717,0.08269645769850989,-1.5068872547093901,-0.5438496574328615,69,0,2,1750,none
678,R_W78ihQhWNlSSE7M,0.13167597434695233,1.328544951464508,0.2804098939696473,0.40116822022012305,-0.13164948593523423,-0.7477154991787,-1.2040278868042376,-2.588434828073344,-0.6551578595203273,61,1,1,321.42857142857144,none
679,R_Oci7har22n6vRaM,1.1596002495192899,-1.356372708227925,0.4103775783237,0.9847631135600028,-0.36186349134672846,-0.12521015485710923,0.9832844902897176,-0.7386749069877862,-0.8382097056238396,63,0,2,562.5,none
680,R_McItE9okopDTMRY,-1.2699556499896947,1.0043087416716907,-1.1852981622133587,-0.6376261273816696,-0.30339616307903283,0.7922098585969266,1.9246578265433123,-0.7149069530977724,-1.1835399513658071,24,0,2,1125,none
681,R_aIYYqnvWBJEdigF,1.2673265651006753,0.4592706403946667,0.6977780612645477,0.8077265183232621,1.7733588729415286,0.35430471077670445,-0.9812001379531252,-0.016988630292521754,0.7045057422716576,65,0,2,1125,incomplete
682,R_Rzvtfd6Dr5Xocob,-2.499172094876152,-0.6110919687985882,0.7320581196532233,0.13383707407545198,0.8965248953317237,1.1347613120670632,-1.6725756095192126,-0.5864382262838604,0.029749476103868355,55,1,1,2250,none
683,R_DNuRIA8lBpBp0Gq,-0.4085066930905055,-1.4783907113314945,-1.082482439524556,-0.13826779772214307,-0.8537086240441145,0.4150696054732522,-0.09934655274207832,1.3773498794463408,-1.0020937742699352,50,1,1,1125,none
684,R_SiAAbOUWHbrneMY,-0.8068226721645149,0.7776870495741085,0.10419964320013057,1.1531930220909201,-0.10139030536301495,1.2393016497183147,1.1487299067906755,-0.6927049597536092,1.4085419313360135,30,1,1,1125,none
685,R_Z4EErMT4rXkAwaf,0.48025334419950627,1.498015906533191,2.1132335547300016,3.250964791779893,0.9256104516707785,1.00472025258606,-1.5074483608800568,-1.2152635838058106,0.9092381760396706,34,1,1,437.5,none
686,R_Ufie21mEnI3GSuL,-1.1482360285782025,-1.7122815567480005,-1.8693645304905673,-1.223932803473812,-0.6144472524620502,-0.230931037670843,1.669796275805816,-0.3136135571916303,0.4037151562543345,54,0,2,1375,none
687,R_5UFiTs7GCXS2bPv,0.4567248962598312,-0.27289853266861064,1.0526864763538784,-0.32104583442947565,-0.8564959862695565,0.06227808273266616,1.8809861821186074,1.5738017244108045,-0.5366599946038434,64,0,2,1750,none
688,R_3qwTnfFYEookb2T,0.8986287155225129,0.9716128865486733,0.6306696366549893,0.024546175259860907,0.6793154322298113,-0.24574395738888213,-0.22395304244928488,0.7154755993390267,-0.15676986316030517,37,0,2,1750,none
689,R_bAi4CeBe8AiyQ2F,-0.19194723689369597,0.7063432618000706,0.1937175914493743,-0.41937480098085284,0.5156155834239731,0.48327218453487275,0.1377888893497697,-0.4640826476923078,0.48294070792426774,46,1,1,687.5,none
690,R_iraP0MrurGL5Kwo,-2.6320070878454755,0.2579967381835233,0.5989085879122251,0.21878354784222553,-1.4516844335852066,0.1357021540019356,-0.07071015109570063,-0.152947745189569,-0.9632617846763298,40,1,1,2750,attention_2_failed
691,R_hbA3p1bzk7GbpwG,-0.4317033929491677,-0.7599418834964191,1.0365938800366414,1.3812358404522596,0.13250384402516863,0.815935931481159,0.26111307839734255,0.597249323601694,0.5345478313568275,49,1,1,1125,none
692,R_cIOfLuK3wmAXO7N,-0.518416732956142,-0.38079661504182577,-0.9482580444377123,-2.0266478480525065,-1.0414178276056436,-1.414130713573412,-0.562505423565326,-0.6088486810238585,-0.5768445127498804,37,0,2,4375,none
693,R_CYqSbDIupy2Fsyu,-0.9536878069473813,-0.681618865472978,-0.5577807369363548,-0.8055070779581701,-0.3885251211359497,-1.0540388018642965,2.1499917565217896,1.553069258938444,0.0848825861742964,49,1,1,62.5,none
694,R_2ichaNuzZ0VcRev,-0.3030334193929842,0.9395845061555621,1.9103930849480475,0.14731412689343576,1.5126599751868972,-0.6262658079104091,-1.292887237343943,-1.205990784509563,-0.1606046726768669,69,0,2,1750,none
695,R_FoKSNAjr2qQLoWQ,-0.17441290587574904,0.8657104838490068,0.8215678449432634,1.0922356869170293,0.22051605057303517,1.2050392325756227,0.0900671542441614,-1.0363832227792875,1.1909383557204731,22,1,1,3125,none
696,R_8dXzBz3CZUMj7lk,-0.8219177767151495,1.1279158458161052,1.2189578594612187,0.8227889710507592,0.9948935055470494,-0.8220058442233322,-0.15057799394007526,-1.2658315673140954,0.9692527067429116,48,1,1,1375,none
697,R_hB72TxzYhEixBOI,0.06721611993879126,-0.23211801336646568,-0.026219360632398186,-0.6056733681235077,-0.8829369859370227,-3.689947938927989,-1.6747372512298704,-2.741997465422993,-0.9965662226990657,55,1,1,875,none
698,R_eFlaczuNO4Qfn0I,0.8598985104815443,1.447159494478066,0.7569326000095915,0.2775214650649745,1.1125906582143803,-0.013832417756242804,-2.487170902498531,-2.1736018932888514,-0.6547571461258923,40,0,2,1375,none
699,R_UiymXeym7pVOFxZ,0.3259628548077002,0.009936077685238688,0.013119879173623542,0.2609382022022301,0.2816187316821224,-0.4525283714116849,-0.05772548452891321,-0.03868267961118372,-0.8579068060181967,47,0,2,1375,none
700,R_51VCGQwzZFtsdFY,-0.7046003610903451,0.06155268749636729,2.087162715483249,0.4203258107384385,2.473385514527746,0.6065928413604036,0.565890472107969,-0.9791037470863081,0.7521775594468464,63,1,1,875,none
701,R_b8phuaCPOyM9gsz,0.6619848591718848,0.16343560666200407,-0.8971321505471663,0.526827547249652,0.9293413632581922,-0.07459508074165061,-0.6200167257471553,0.4091834327155836,0.28406919263530356,38,1,1,3125,none
702,R_oUvmRBN0l77hCFn,-1.0206086967943018,-1.4702654021965986,-0.6144881113213352,-0.7161958722660069,-0.31253541122647577,-0.5700500932067083,-1.1361053932894718,-0.08366096147989044,-0.8816508505551917,59,0,2,6250,none
703,R_UbIEYsJm7wWKmNA,-0.8775937528084307,0.15532915154625712,-0.24253747722163474,1.6511362218620262,-0.2258528452335683,0.7600765648258446,0.16692321193077292,-0.5757661356183909,-1.2847135255128723,69,1,1,187.5,none
704,R_DhxMDOru8ok6fcm,-0.09621441860002088,-0.7435717254853624,-0.01792956857258598,-1.280800734788231,-1.595617434265502,0.16260121191802657,1.0992805027464798,1.2722703662888546,-0.8833102884629912,52,1,1,4375,none
705,R_303klTXXpGk5b5G,-0.8861489641987507,-0.44142391875733666,-1.8408188189045542,-1.5324169138663888,-3.6210251175640735,-0.7634861219202976,0.23133424850794432,-0.7052281904179899,-2.5728037134063824,49,0,2,1750,none
706,R_a0TrEZcMhQZ9QyK,0.8111810781323753,-1.0107461962860718,0.7734514056470418,-0.15264056797278738,0.6077934129668293,-0.5791297560477944,-1.5971143070025262,-1.8081086435643345,-1.572037523599184,69,1,1,3125,none
707,R_LK3ygkW03NBfjPh,-0.315595890145827,0.5966869354166949,0.15647154005498554,-0.2557343309733794,0.2567390419020543,-0.2597636294900541,-0.6210556900337147,-0.3284214077572556,-0.34935413407996957,66,1,1,6250,none
708,R_B8891HaEDYqVbo6,1.6869311551712702,-1.1619072607768257,0.7898447108338268,-2.3274907011097175,-0.33185936429837326,-0.11072764381012457,0.40252801149759876,-2.0421173682137113,0.046178923268698324,38,0,2,2250,none
709,R_WKdjfpaUkIbsENc,-0.23421460527569413,-0.7322723791604944,0.8107213350049963,-0.5521511637143307,-0.34161105104764666,-0.2968168322382185,-1.5484425764478107,0.5219855269853675,0.7516430424413352,65,1,1,562.5,none
710,R_dayLSJAcOsIdPwq,0.29063717152861157,-0.3199439780464915,-0.0869023714643644,-0.9122154205824493,-1.173503798835588,8.996586455362301,3.7084971670622173,4.859906656977266,0.8952711935997917,40,0,2,6250,none
711,R_uTxuvcCASKhdJ5u,1.8327785682810065,1.2622881894897442,2.1226203133267996,1.0009659365479393,1.5412800040313526,0.5497900261475186,0.9438189202120854,-0.17128729397258674,1.3262889024313773,45,1,1,1166.6666666666667,none
712,R_JfekQ61hskyhH5G,1.1969787165078714,-0.48337328162809556,1.7603022429062372,-0.4066283780177997,-0.16518736239824908,-0.6524131462612035,-0.11284794477304828,0.6899203392032554,0.6808003212817872,46,0,2,4500,none
713,R_B6QwXn8mO0KUTKI,2.8116873483112754,0.9192683078240189,0.9598989543427456,-0.8884038587113625,0.763543307562836,-0.5400127852745448,-0.1733671525038101,-0.19087172233886193,-1.1255670449796114,49,0,2,312.5,none
714,R_ym12VyarSMD5gyM,-0.902974892719555,-0.14960296534240816,-1.9685209515813435,-0.14907925798309815,-0.7829711889286346,0.7414321858507797,0.24346122424249975,0.2692752479485437,0.02595767273638952,21,1,1,437.5,quota_full
715,R_7oD2pH5nneLvuHW,1.4449925035337512,0.23909674698572708,1.4969852697602155,1.85064801044132,1.471546123112011,0.23106555283324604,-1.2454486928271773,-1.1795128087193096,1.107442159232443,44,0,2,1125,none
716,R_oesPGzkqiBD924f,-0.17233618977740156,-2.1854956900600646,0.14148707060310795,-0.5089648784895892,-1.8551202925355523,-0.25780364724875915,0.8881781830901923,1.0278985102588498,-0.028916367449526637,31,0,2,875,none
717,R_7nb2y3vcd9PWHRv,-0.18170022894102653,-1.173007782109731,2.2136193406504407,0.7267757345861259,-0.8662343149103875,0.27631786729842484,-1.6433348636050948,-0.30977396214189035,0.19453982507932854,58,1,1,1375,attention_2_failed
718,R_gCCAJMpPbAE2P59,-0.4225604702465524,-0.5300987821612376,-0.3909087108411297,0.1808643119475291,-0.4277210019323588,-0.34536813409975886,-0.2848660275433288,0.18979529457135025,0.2234132777225813,45,1,1,2750,none
719,R_gw249Jz6y104TLm,0.3448036630796957,0.9111493697702382,-0.4490102068400366,-0.39207272697860823,-0.8240305054190228,-0.30294836742218123,-0.18420952184803568,0.8478431423938344,-0.5656254938603033,47,0,2,1375,none
720,R_hFCo6y9vYpiJfpo,0.19036179407397852,1.175118850909586,-0.6656886731264586,0.4021487535666952,-0.10512056532131779,0.9027356537898884,0.177907269245457,-0.5726188587364693,1.0115002250971976,18,0,2,687.5,none
721,R_cMZTvEth8PKHHZ8,2.561142729058308,2.5806721607229295,0.28997520698267054,0.06122963454833195,1.131921383577459,1.2506549500221988,1.9427989263093493,1.1649675376354878,0.6155293308602656,69,0,2,875,none
722,R_iU8ECBbMaVl0jdD,-0.8229441772774644,-1.0119258142966752,0.4278809701627012,-1.0776342648199808,-0.1250685173680512,-0.6294856905743713,0.1560008886706819,-0.12706848480093916,-0.9497776359916023,60,1,1,1125,none
723,R_HDRMm8ynulm1XPi,0.10690144931874727,-1.3976261962501901,0.48220134136835446,0.3604180442425657,-0.05459372588323221,0.24389179746956752,0.3602616495684925,-0.07441497994514146,-0.36057175313888107,49,1,1,1125,none
724,R_mC54KAvn9ASUaRp,0.3322255714518889,-0.0727755523952662,-0.08698812344986243,0.5172233224530823,-0.5285902704366994,-0.4788600564442106,-0.8710484213035727,-0.9735153116180981,-0.06381533361088074,35,0,2,583.3333333333334,none
725,R_sVYjVJ3BCUCCBkf,0.6854335627715546,-0.590665486864667,0.48939536876899925,-0.05235488178869114,0.8632817418217197,0.5105771990533347,1.636948758235589,1.2825733930596892,1.0208122889430922,31,0,2,1750,none
726,R_vQGNZvm97VVolAY,1.502585662687012,-1.7524797243787538,-0.9947017199056886,0.18760038231022058,-0.4550128135513908,1.3693708538547205,0.9678947070807242,-0.01031789587047438,0.6327786195436464,56,0,2,1750,none
727,R_D8eu0hykKIw3QG4,0.24350722813764877,-1.01092224046067,-0.6839730781168807,1.5911714600143163,-0.03466601025849606,0.1658623647797808,-0.5550303083420679,0.019566748864373318,-0.037729077503472805,53,0,2,3500,quota_full
728,R_sVXU1eZEueIqQ5N,-0.6883722245499001,0.18510453290137285,-2.2151362936655508,-1.4074394541528712,-1.1140321966723852,0.5265607620272524,-0.8806132263070383,1.8399542886427198,-0.6409790451437298,47,0,2,1750,none
729,R_U5rJTt4JFyRkdZz,0.9120688000604245,0.7120219098778211,0.012788167352813323,0.03278368353502564,0.09905172082148944,-1.7266122979402945,-1.534786438370121,-1.3031388342499732,-1.2473109307262065,19,0,2,1125,none
730,R_4pW3M0MrvEcJuJ3,-1.7884326851248453,0.6565884004938846,1.1542235318784457,-0.8926712851264342,0.7736787966906786,0.29350936277804307,-0.5269997437727191,-0.26953113226928016,-1.2363830243291343,39,0,2,437.5,none
731,R_IuGSUaz9eKQWToc,-0.7318559996072923,0.642919664600877,0.05691898804703702,1.4851295291508766,-0.45954206149970694,0.6292772656857997,0.7271194829134411,-0.8783133789864315,-0.024241958303300892,38,1,1,8750,none
732,R_X9MvqsL1anQzORm,-0.8756504873814956,0.20500568727573534,-0.8661626201769554,-2.079038112632101,-1.1302605030553956,-2.3244371338605645,-0.48022479882533753,-1.7947178186209474,-1.1971906395913963,52,0,2,4500,none
733,R_L7Vd32PVjh4h02I,-0.744131232603873,1.1322448808026486,-0.33524053612130134,0.24005855763786083,0.47409407152276434,-0.4368389500428589,-0.31142823930387475,-1.3790019928315957,1.065820046478016,29,0,2,1375,none
734,R_2De6gdOPHo2DYOS,-0.5883003654585209,0.11513448163880778,0.42828996429211313,0.534821960934541,-1.6536661506715382,-0.8593786430802295,0.24181527732836344,0.679449045032319,-0.7348940573849181,18,0,2,1750,none
735,R_f4PPF5aFCnMnaat,1.3639571367173426,0.13841347099892579,0.4336631272209734,1.2728270693275998,0.3982796134119823,-0.4242281325586962,-0.5616184987296009,-0.2771734781565519,-1.061066537906198,34,0,2,4500,none
736,R_3Gbd1kKvmvZbX0B,1.1014945205919773,1.8379353838465173,0.31855136382745525,1.028234002496267,1.0992058089854015,-0.9604805002600254,0.5307902240457187,-0.26146951780134725,-0.25347937821436545,63,0,2,750,none
737,R_wAIDMRJwWzGylz1,-0.7229192168748492,-0.2044859344214826,-1.2287293974903206,-0.17809159105840597,-0.9296632579491576,0.42121062300439066,0.7201330159643212,1.5768091950701892,1.9710476124032024,69,1,1,687.5,none
738,R_Hw54ioYe2oq5NVq,-0.2749562296419764,1.8931340769660008,0.7148721564552486,0.6796670671613776,1.139512193959161,-0.743219538842172,-2.4397228894229226,0.1080598201934233,0.7651876922020188,18,0,2,6250,none
739,R_0MvjOLWBKdOCdrR,-0.08926277404627224,0.0020832668672247714,-1.262563744784288,-0.8761999822281379,-0.5996170664866761,-0.6191395815941532,1.2995105191052188,0.4899381648856022,-0.21321852049957174,60,0,2,1562.5,none
740,R_0ia35pvRF0XJu3Y,-0.27027066475029005,-0.7848420563783554,-0.9588147946437817,1.0744767498712615,1.2756736413716794,1.5022145844172767,-1.3555363487367094,-0.38971428980451084,0.8861644010662498,36,1,1,4500,none
741,R_iG3YUMLG80kwVGi,0.9231649749916985,-0.9964325488406919,-0.8264687478440214,-1.8959170865527997,-1.7283842177518352,-0.8088515925654404,-0.6863881396999716,-0.07147031704652096,-0.6484431409206782,69,0,2,1125,none
742,R_Q109jmLgwqRow4i,-0.6157883810273385,-0.4047529945073973,1.0368264054379939,0.5395904354167099,-0.5547178849670017,-0.3468590924734648,-1.7961022094214678,-0.3327944455711533,-0.02383771091291126,55,1,1,562.5,none
743,R_OwYcQgFstFLvLwe,1.4093093631627944,-0.2642188318884483,0.9979082703645856,0.5005273383468842,-0.06176119593287296,1.2318089855039336,0.08754173102040766,0.943271103347044,1.2211975376912085,45,1,1,1750,none
744,R_WEw37j9XkOQ6DbI,0.9501678746734402,0.9656565858211884,1.1779818632683818,1.2874793470159867,0.3585696560434704,-0.477948224253912,-1.2443011840683158,-0.8638413783629345,0.30611248067394375,54,1,1,208.33333333333334,none
745,R_6aj4Xf4v93l7KTy,-0.3752397362539164,-0.6696182983766299,-1.1826984963205882,-1.0682113802610065,-0.2644129065231002,-0.9972401679988314,-0.41056866268050757,-2.0548059368448133,-1.2141664210847825,61,0,2,3500,incomplete
746,R_0eYeHZ5D6OrYhMB,-0.9911580805257723,0.22254835234529288,-1.5784411137814176,-0.19074844977926797,-2.2108273034369703,1.4045376652698873,0.4088526600906165,-0.07305918334951231,0.7194713928006765,38,1,1,1750,none
747,R_oPfjrWnEUhNJF2S,1.185297027809504,1.1141366620117252,1.9805884237605915,0.8274560546987448,1.5661605980949476,-0.6503420119664571,1.011311863046448,-0.11030010404509116,1.8434494633671836,35,0,2,2250,none
748,R_KVApI1YZZ0DsLoi,0.13600736339438252,-0.3485637595871508,-0.5507845602534319,-1.5879327750585162,-1.0205762093390223,-0.8290144186466728,0.793887389349883,1.9843728037017847,-0.31031892535292704,42,0,2,458.3333333333333,none
749,R_ip7T9iV7v50GvzS,1.722523407443147,1.016588749597873,0.27707991133634713,-1.2267919397589198,0.9668508772099392,-0.6760885266194114,-0.7446515326628824,0.7852185991961352,-1.3824916378101828,38,0,2,291.6666666666667,none
750,R_ZSs9F6Zd23HZyBE,1.055709803241568,0.11832119610211057,1.827298426114326,-1.157751495225381,-0.1645222947173972,-1.4197537646936893,1.0126803472952755,-0.6483067357090693,-1.1747815056654243,23,0,2,1500,none
751,R_rAuKMGehjwyCK9k,-2.0915652222632657,0.30562386269383407,-0.7891388254612737,0.4773232854973105,0.8407717698633331,0.7147386890449356,0.09705358749131218,-1.7998603021399133,0.3528946737786047,26,1,1,1500,quota_full
752,R_yXfyjPQgPzVuXK0,-0.8184690523869148,-1.5456062707197884,-1.8045380605634769,-1.134202152168929,-0.7952342445101124,-0.8005890220489008,1.5215164671232375,0.8599764551646024,-1.2325155278259163,45,0,2,687.5,none
753,R_eED7GNVfFZYZvVI,0.10292012356755785,-0.20976216048575033,-0.09320959181425417,-0.10557645527660832,-0.5266610874663804,0.012878612384170596,-0.5319331656030071,-1.1762195655427843,0.42977465300345175,34,0,2,125,none
754,R_wjBX4KFoZERYn09,0.1688472493437419,0.03229661921473138,0.3404660863774998,1.4718318452630237,-0.45834711059905114,0.9270475893893294,1.6875438234662439,2.3378466216088456,-0.6823447145516008,42,0,2,875,incomplete
755,R_Lb9oW2Lqfy0PfCY,0.7855484411729811,2.14827281613757,0.8066082946323389,0.09468514649715251,-0.6390032698377036,0.36237495434998046,0.042130383672432714,-0.3102505839404468,-0.08146607846006965,31,1,1,875,none
756,R_3HHvZIW7KxyUmUV,-0.6618819030969167,-1.8475779663112668,0.14253788349675034,1.511139835351053,1.4497961667199295,0.14383877508889764,-0.15050747709283546,-0.6143447989235379,0.6774419967854945,52,1,1,2250,quota_full
757,R_8dJFHIjuVDDvJNB,1.7999682382665294,0.44457003081525837,-0.658082068844749,-0.08668287886273991,-1.4688004192279063,0.3732757533369002,0.09215148732842979,-0.23034363263605356,0.40286523994860873,30,1,1,4500,none
758,R_HceRFrhjwUo5q9i,-1.4066951544261144,-0.24662678458868692,1.4617946360080964,0.17784776456555237,0.6906201543743808,-0.6825489801735782,-2.087321887195162,-0.6262386421962496,-1.5645675449196546,52,0,2,583.3333333333334,none
759,R_hQ0d2Ta6iK4PeMk,-0.5676661961462803,-2.628721840505109,-1.1666814653839974,-0.996952341888521,-0.5347611998316535,-1.2972605542213769,-0.07953424184252744,0.6405949840005731,-0.6895166153940563,68,0,2,4375,none
760,R_lQiHxr5kvOdgf92,1.1670672416355166,-0.464737219736889,1.2201499359972963,-1.0243367823402596,0.6716912598516297,-1.5686795892213135,-0.3269143802564159,-0.9398355980640873,-1.5307804990864033,67,0,2,875,none
761,R_cvSuFlEXxuoXyxp,0.22971223340389157,-0.5146953900525162,-0.1899253751715665,1.4353952524076363,0.8109870799765435,0.7807121052573487,0.2742053979476532,0.3534918904706421,1.4110737905936261,69,1,1,1375,none
762,R_b6L3oLQQEodalqg,0.44226225966562455,0.6115728983607694,-0.03392833628877425,-0.15451977123145647,0.13234480687313685,-0.04949717642395321,0.0350666652697649,-0.3960958523377212,-0.08554973214729761,37,0,2,1041.6666666666667,none
763,R_tYHB1oI64g39oUd,-2.2929043961124447,-1.3771842307821522,-1.4706060238242415,-0.44850372412710454,-0.5448142188244779,-0.43632271412821255,0.023175332201854915,0.4801242975066007,0.8989349699955066,55,0,2,2750,quota_full
764,R_frDF2Fo6h2y9z00,0.23138806117172628,-0.6030687654884291,0.08787099831301601,0.9357836774327918,-1.333801015670432,0.38254777070522394,0.26671806182126134,1.3472453888413929,0.48227934578963366,69,0,2,1500,none
765,R_4JcyltigrGQzqwq,-0.08379395606851181,1.6344690791192886,0.7034753723748262,1.1162712508666521,0.7854864881205637,0.20313705060126197,-0.39649144536235237,-0.00795328590752764,1.3796972822149411,48,1,1,875,none
766,R_oGjFAn9jN90LC5A,-0.4725710479855285,1.8909333601616736,0.58379145636026,0.6222138468294657,0.026963348402761822,0.5973488458407482,-0.11782006708973208,-0.38689312849266644,0.6006660936975303,53,1,1,1750,none
767,R_IYuFP9NY6CpM9dP,-0.917475191680991,-0.9152092013926466,1.0541416780520325,-0.9200463011633029,-0.721397132773183,-1.6572217808484875,-0.1744918707944278,-1.3577877656004294,-0.916202226433413,62,0,2,875,none
768,R_7s4V8HVGUIU4zbw,-0.7498283829652382,-0.3279404992684506,0.6019464559203673,0.9239671328620515,1.1757993475154318,0.21750779020412417,0.36497514533245984,-2.2188357183396406,1.959639051608593,20,1,1,437.5,none
769,R_IpcftBZTGS2zUzL,-1.2941399695027636,-0.8646324950546672,0.13911446692049623,1.1762009594652132,0.5941883048019216,1.1034480772935176,0.7171539438947903,1.5275194397415586,1.4059787181855423,48,0,2,875,none
770,R_RX2NXhfM3YDu8jf,-0.04569148198552467,2.224441310425019,1.5408999902016582,0.23638994019041742,-0.08039359322458663,0.7051913542105724,-1.4798069471171091,-0.4143622663741725,2.115508800204619,23,1,1,583.3333333333334,none
771,R_ycRih4biUTNPCVP,1.2542245504673828,-1.1192349563656225,0.2566672992003123,0.2677451959233698,-0.5155407857996903,0.2543990045955564,0.5283778813941685,1.0365827030958206,-1.5705764642230793,56,0,2,1750,none
772,R_eytrwxzSEASciYT,-0.3954672107763902,0.9291527863527219,-0.4708259535430928,0.5634729330424387,-0.858457705247957,0.16944561016381798,1.12331713140162,-0.46707122524699474,1.201573805174216,33,1,1,175,none
773,R_KQd5sXF4NJlLN0k,0.6905358767337977,0.24283107130287634,-1.2213035092713773,-0.874567158190841,0.9536733335809395,-0.755213590879071,-0.5059783553621735,-0.39042711985417833,-1.472748053907089,30,0,2,1750,none
774,R_RZaQ2rrjW3Ivao9,0.268097859812301,2.3811745806885583,0.2673227256061351,-0.7336889970603111,-1.37093161428489,0.159167752302378,-1.8337413890389254,-0.19535661701865423,-0.3071145100157947,52,0,2,562.5,none
775,R_PGJ0a87x4HuLtsQ,1.2436865560126673,2.3632674863803693,1.904228435399983,-1.1956560561301703,0.26626954058726704,-0.18190649488222854,-0.26107289158468777,-0.9359298670057818,0.28504422211397273,45,0,2,3500,none
776,R_aGSKGmICTzgac7N,0.21993726296052582,0.1643819795794823,0.1304714635589999,0.5268351299361341,-0.7115954058868681,0.2718155702028505,0.6078062027784135,1.9468059132688855,-1.7715966823541882,61,0,2,3500,none
