respondent_id,UMS_int_1,UMS_int_2,UMS_int_3,UMS_int_4,UMS_int_5,UMS_int_6,UNT_1_r,UNT_2,UNT_3,UNT_4_r,UNT_5,UNT_6,DOPL_dom_1,DOPL_dom_2,DOPL_dom_3,DOPL_dom_4,DOPL_dom_5,DOPL_dom_6,DOPL_pre_1,DOPL_pre_2,DOPL_pre_3,DOPL_pre_4,DOPL_pre_5,DOPL_pre_6,UMS_ach_1,UMS_ach_2,UMS_ach_3,UMS_ach_4,UMS_ach_5,UMS_ach_6,ASC_aag_1,ASC_aag_2,ASC_aag_3_r,ASC_aag_4_r,ASC_aag_5_r,ASC_aag_6,ASC_asu_1,ASC_asu_2,ASC_asu_3_r,ASC_asu_4,ASC_asu_5_r,ASC_asu_6_r,ASC_con_1_r,ASC_con_2,ASC_con_3,ASC_con_4,ASC_con_5_r,ASC_con_6_r,ASC_con_7,SDO_D_1,SDO_D_2,SDO_D_3,SDO_D_4,SDO_D_5_r,SDO_D_6_r,SDO_D_7_r,SDO_D_8_r,zm_security,zm_arousal,zm_power,zm_prestige,zm_achievement,asc_agg,asc_sub,asc_conv,sdo_dom,demo_gender,age_band,age_band_midpoint,income_band,income_band_value,quota_group,attentioncheck_1,attentioncheck_2,pol_symp_spd,pol_symp_cdu_csu,pol_symp_greens,pol_symp_fdp,pol_symp_afd,pol_symp_linke,pol_party_vote
677,5,5,5,6,4,5,4,5,6,4,4,3,4,3,3,3,5,4,4,5,4,4,4,4,4,2,4,3,4,3,3,3,3,2,3,2,4,2,4,3,4,3,2,4,4,4,5,3,4,1,3,2,3,3,3,3,3,5,4.333333333333333,3.6666666666666665,4.166666666666667,3.3333333333333335,2.6666666666666665,3.3333333333333335,3.7142857142857144,2.625,2,18–24,21,1050–<1400,1212.4355652982142,left_leaning,3,5,0,-1,1,-1,-3,-2,
513,5,5,6,4,5,3,3,3,3,4,5,5,2,1,2,3,1,2,1,3,3,2,3,3,2,1,1,3,3,3,3,3,3,1,3,4,3,5,4,6,4,5,5,5,6,5,5,5,4,2,1,1,1,2,1,1,2,4.666666666666667,3.8333333333333335,1.8333333333333333,2.5,2.1666666666666665,2.8333333333333335,4.5,5,1.375,2,30–34,32,2800+,5916.079783099616,mixed,3,5,-2,-1,-2,-3,0,-1,4
51,6,5,5,5,5,6,2,3,3,4,3,4,2,3,3,2,2,3,5,3,4,3,5,5,2,6,4,3,3,4,4,4,4,3,4,3,4,3,3,4,4,2,4,5,5,5,3,4,6,3,3,2,2,4,3,3,3,5.333333333333333,3.1666666666666665,2.5,4.166666666666667,3.6666666666666665,3.6666666666666665,3.3333333333333335,4.571428571428571,2.875,1,45–49,47,800–<1050,916.515138991168,mixed,3,5,3,1,0,0,-2,0,4
714,6,6,5,4,6,5,4,3,3,4,4,1,2,3,3,3,2,3,5,4,4,5,4,5,3,6,4,4,5,5,3,2,2,3,3,3,2,3,3,5,2,2,5,6,3,4,3,3,4,3,2,2,4,2,4,3,4,5.333333333333333,3.1666666666666665,2.6666666666666665,4.5,4.5,2.6666666666666665,2.8333333333333335,4,3,1,55–59,57,<500,422.49260348555214,mixed,3,5,-1,0,1,1,-3,0,5
493,6,4,4,6,5,5,4,4,3,4,5,4,2,1,2,2,1,2,4,5,5,5,3,5,4,4,5,6,4,4,3,3,3,2,4,3,4,3,2,3,5,3,4,4,5,2,4,2,5,3,2,3,3,3,2,3,2,5,4,1.6666666666666667,4.5,4.5,3,3.3333333333333335,3.7142857142857144,2.625,2,25–29,27,2800+,5916.079783099616,mixed,3,5,-3,-1,-2,-2,-1,-1,1
203,6,5,4,4,5,5,4,3,6,4,5,5,2,1,2,2,1,2,4,3,4,5,5,3,5,4,4,5,5,5,3,1,2,2,2,2,2,3,1,2,2,2,2,1,2,2,2,2,3,3,1,3,3,2,1,1,2,4.833333333333333,4.5,1.6666666666666667,4,4.666666666666667,2,2,2,2,2,35–39,37,<500,422.49260348555214,left_leaning,3,5,1,-1,-2,0,-2,-1,6
359,5,3,5,5,2,4,3,4,4,4,4,4,2,2,3,2,4,3,3,2,4,2,4,3,3,4,3,4,4,4,4,3,3,2,3,2,1,4,4,4,3,3,5,5,5,4,3,4,4,2,4,2,2,3,3,2,3,4,3.8333333333333335,2.6666666666666665,3,3.6666666666666665,2.8333333333333335,3.1666666666666665,4.285714285714286,2.625,2,50–54,52,<500,422.49260348555214,conservative_leaning,3,5,-1,2,-1,-3,0,-1,1
516,4,5,5,5,6,5,6,3,4,5,5,6,3,2,2,2,1,1,3,4,4,2,3,3,3,4,5,2,6,3,3,2,3,2,3,2,2,2,4,3,3,4,2,3,3,4,4,4,5,1,1,2,1,4,2,1,1,5,4.833333333333333,1.8333333333333333,3.1666666666666665,3.8333333333333335,2.5,3,3.5714285714285716,1.625,2,40–44,42,1050–<1400,1212.4355652982142,conservative_leaning,3,5,-1,1,0,1,-2,-3,1
73,5,6,6,5,6,6,4,5,6,4,5,5,4,2,3,4,4,4,5,6,5,4,4,3,5,5,5,3,4,4,4,3,4,4,3,3,2,2,3,3,2,2,3,4,2,3,4,4,5,3,4,4,3,2,2,4,3,5.666666666666667,4.833333333333333,3.5,4.5,4.333333333333333,3.5,2.3333333333333335,3.5714285714285716,3.125,1,40–44,42,1400–<2000,1673.320053068151,mixed,3,5,2,1,-2,-2,-1,-1,
207,5,5,5,5,4,3,5,3,3,2,5,3,3,2,3,2,3,3,3,2,3,4,2,3,5,4,5,5,5,6,3,3,3,4,3,3,2,4,3,3,3,2,5,5,5,5,3,4,5,2,3,1,2,1,2,1,3,4.5,3.5,2.6666666666666665,2.8333333333333335,5,3.1666666666666665,2.8333333333333335,4.571428571428571,1.875,2,65–69,67,<500,422.49260348555214,left_leaning,3,5,3,-1,1,0,-3,0,4
735,4,5,4,6,5,3,4,4,5,4,3,3,3,4,3,3,2,4,5,4,4,3,4,6,6,4,6,6,6,5,1,2,2,2,3,2,2,2,1,1,3,1,3,3,3,3,3,3,3,2,2,2,2,2,3,2,2,4.5,3.8333333333333335,3.1666666666666665,4.333333333333333,5.5,2,1.6666666666666667,3,2.125,1,45–49,47,2000–<2800,2366.4319132398464,conservative_leaning,3,5,0,1,0,1,-3,-2,1
352,4,2,3,5,2,3,3,3,3,3,4,4,3,4,5,4,2,3,4,3,4,5,4,3,5,4,4,3,4,5,3,2,3,3,1,2,3,4,3,4,2,4,4,6,4,4,4,4,4,3,3,2,3,3,4,4,3,3.1666666666666665,3.3333333333333335,3.5,3.8333333333333335,4.166666666666667,2.3333333333333335,3.3333333333333335,4.285714285714286,3.125,1,60–64,62,<500,422.49260348555214,left_leaning,3,5,0,-2,-1,-3,-3,1,6
690,5,6,6,6,6,5,4,4,4,4,2,5,3,3,2,2,2,3,4,4,4,4,5,3,2,4,4,4,5,4,3,2,3,2,2,3,4,4,2,3,4,5,5,5,5,5,4,6,4,2,4,2,3,3,3,4,3,5.666666666666667,3.8333333333333335,2.5,4,3.8333333333333335,2.5,3.6666666666666665,4.857142857142857,3,1,18–24,21,1400–<2000,1673.320053068151,mixed,3,5,-2,-1,1,2,-1,-1,4
579,5,4,4,5,4,3,4,3,5,3,3,3,3,2,4,3,3,3,3,4,3,3,2,2,4,3,4,3,4,4,4,3,4,3,5,4,3,4,4,3,3,3,3,4,5,4,4,5,4,3,1,5,4,5,4,4,3,4.166666666666667,3.5,3,2.8333333333333335,3.6666666666666665,3.8333333333333335,3.3333333333333335,4.142857142857143,3.625,1,30–34,32,500–<630,561.2486080160912,conservative_leaning,3,5,-3,-1,-1,1,-2,0,801
244,3,4,5,4,3,4,2,3,2,2,3,3,1,1,3,4,2,2,4,2,3,3,2,2,3,3,3,3,5,3,3,3,3,4,2,5,3,1,2,2,2,3,4,3,3,3,2,2,3,2,1,2,3,2,2,2,2,3.8333333333333335,2.5,2.1666666666666665,2.6666666666666665,3.3333333333333335,3.3333333333333335,2.1666666666666665,2.857142857142857,2,2,40–44,42,1400–<2000,1673.320053068151,left_leaning,3,5,-2,-1,3,-2,-3,0,7
206,4,5,5,5,5,5,4,5,4,3,5,3,1,1,1,1,1,1,3,4,3,2,2,3,3,4,4,4,3,5,3,2,3,1,2,3,1,2,1,2,4,2,4,6,5,4,5,5,5,2,2,1,2,1,1,2,1,4.833333333333333,4,1,2.8333333333333335,3.8333333333333335,2.3333333333333335,2,4.857142857142857,1.5,2,60–64,62,<500,422.49260348555214,left_leaning,3,5,-2,-3,-1,-2,-3,2,4
152,5,5,4,5,4,4,4,2,2,2,2,3,1,1,2,1,3,1,3,4,3,3,4,4,3,4,5,4,5,3,5,3,4,4,2,5,5,3,3,4,3,1,5,4,5,5,6,6,4,4,2,3,3,4,1,3,1,4.5,2.5,1.5,3.5,4,3.8333333333333335,3.1666666666666665,5,2.625,1,60–64,62,500–<630,561.2486080160912,conservative_leaning,3,5,-1,1,-3,-1,0,0,322
591,5,6,5,5,5,6,5,4,2,3,4,3,1,2,2,4,2,3,5,3,3,3,3,4,6,5,4,4,6,5,3,3,4,4,4,3,3,2,4,1,2,1,5,6,4,5,6,6,5,2,4,1,2,1,3,3,4,5.333333333333333,3.5,2.3333333333333335,3.5,5,3.5,2.1666666666666665,5.285714285714286,2.5,1,40–44,42,2800+,5916.079783099616,mixed,3,5,-1,0,-3,-3,-1,-2,6
75,4,3,5,4,4,3,2,5,5,4,5,4,4,1,2,3,2,3,3,4,3,3,3,3,4,4,3,4,4,5,2,3,5,3,4,4,3,2,3,1,4,4,4,2,3,3,3,3,4,4,4,4,5,3,4,3,5,3.8333333333333335,4.166666666666667,2.5,3.1666666666666665,4,3.5,2.8333333333333335,3.142857142857143,4,1,25–29,27,1050–<1400,1212.4355652982142,conservative_leaning,3,5,0,1,0,0,0,0,1
507,5,4,4,5,5,5,2,3,3,2,3,4,3,2,4,3,2,2,3,3,3,2,2,4,4,4,6,5,3,3,2,2,3,4,3,4,3,2,4,1,1,4,2,2,3,4,3,4,5,1,1,1,1,1,1,1,3,4.666666666666667,2.8333333333333335,2.6666666666666665,2.8333333333333335,4.166666666666667,3,2.5,3.2857142857142856,1.25,1,18–24,21,<500,422.49260348555214,mixed,3,5,0,-1,0,-3,0,0,6
567,5,5,5,5,4,4,3,3,3,4,4,3,1,4,4,1,1,1,3,3,2,3,3,4,3,4,3,3,3,2,4,4,2,3,3,2,2,3,4,1,1,2,4,4,4,4,3,4,3,2,1,3,3,3,3,2,3,4.666666666666667,3.3333333333333335,2,3,3,3,2.1666666666666665,3.7142857142857144,2.5,1,65–69,67,1050–<1400,1212.4355652982142,left_leaning,3,5,1,-1,0,-1,-2,-1,322
396,3,4,4,6,5,5,4,3,4,3,3,3,2,3,3,4,4,3,4,4,3,3,3,3,5,4,5,4,5,4,4,5,3,4,4,5,3,2,2,3,3,2,6,3,4,5,4,6,6,3,3,2,2,2,3,4,3,4.5,3.3333333333333335,3.1666666666666665,3.3333333333333335,4.5,4.166666666666667,2.5,4.857142857142857,2.75,2,50–54,52,1400–<2000,1673.320053068151,conservative_leaning,3,5,-1,0,-1,1,0,-1,1
576,4,6,4,6,5,6,5,4,4,4,4,5,2,3,2,1,2,3,2,2,4,3,3,3,4,3,3,3,3,3,1,2,2,3,4,3,2,4,3,3,3,3,5,5,4,3,5,5,4,3,2,2,1,3,2,2,2,5.166666666666667,4.333333333333333,2.1666666666666665,2.8333333333333335,3.1666666666666665,2.5,3,4.428571428571429,2.125,1,50–54,52,500–<630,561.2486080160912,mixed,3,5,0,-2,0,0,-3,-2,6
338,4,6,6,5,5,6,3,4,4,5,1,4,2,2,2,1,1,2,6,4,5,5,6,5,6,5,6,6,5,5,2,3,2,3,4,2,2,2,3,2,3,1,5,4,4,5,5,6,5,5,3,2,2,2,3,4,3,5.333333333333333,3.5,1.6666666666666667,5.166666666666667,5.5,2.6666666666666665,2.1666666666666665,4.857142857142857,3,1,60–64,62,2800+,5916.079783099616,mixed,3,5,-1,0,-3,-3,0,-3,1
652,6,5,6,5,5,6,5,4,5,5,5,3,4,3,3,3,2,3,4,4,3,2,4,4,3,6,6,5,5,5,4,4,3,4,3,2,1,3,4,3,3,2,4,4,3,5,4,3,4,2,3,2,2,2,3,2,2,5.5,4.5,3,3.5,5,3.3333333333333335,2.6666666666666665,3.857142857142857,2.25,2,65–69,67,<500,422.49260348555214,conservative_leaning,3,5,-1,2,0,1,1,-3,1
451,4,5,5,4,3,3,4,3,4,4,4,4,2,3,1,2,3,2,4,5,3,4,3,4,4,6,4,4,4,5,3,5,2,3,3,2,3,3,5,2,3,5,5,4,6,4,5,4,4,2,4,2,1,2,1,1,3,4,3.8333333333333335,2.1666666666666665,3.8333333333333335,4.5,3,3.5,4.571428571428571,2,2,65–69,67,1400–<2000,1673.320053068151,left_leaning,3,5,2,-3,1,0,-3,2,6
363,5,4,6,5,3,5,5,3,5,5,3,4,3,3,3,2,3,2,3,3,3,3,2,3,5,4,3,5,5,5,3,4,3,3,3,4,4,3,5,4,2,4,3,5,4,4,4,2,5,3,3,2,4,2,2,2,4,4.666666666666667,4.166666666666667,2.6666666666666665,2.8333333333333335,4.5,3.3333333333333335,3.6666666666666665,3.857142857142857,2.75,1,18–24,21,2800+,5916.079783099616,left_leaning,3,5,0,0,2,-2,0,0,4
349,5,5,6,3,4,4,3,4,5,4,4,3,1,4,3,3,3,2,5,3,4,3,4,4,5,5,5,6,6,4,2,2,3,2,3,2,4,2,2,2,2,2,3,2,3,2,2,5,4,2,3,3,2,3,3,3,2,4.5,3.8333333333333335,2.6666666666666665,3.8333333333333335,5.166666666666667,2.3333333333333335,2.3333333333333335,3,2.625,1,18–24,21,800–<1050,916.515138991168,left_leaning,3,5,-2,-1,-1,0,-3,3,4
603,4,3,3,2,2,3,4,4,4,4,4,2,4,2,2,2,4,2,4,4,3,4,3,3,4,3,3,3,5,3,4,3,4,4,3,3,4,3,3,4,3,4,3,5,3,3,5,4,3,1,3,4,3,3,4,2,3,2.8333333333333335,3.6666666666666665,2.6666666666666665,3.5,3.5,3.5,3.5,3.7142857142857144,2.875,1,55–59,57,800–<1050,916.515138991168,conservative_leaning,3,5,-3,1,-3,-1,2,-2,1
774,6,4,5,4,4,4,4,3,3,4,2,5,1,2,2,1,3,4,5,3,3,3,3,5,4,4,4,5,3,4,3,3,3,4,3,3,4,4,4,3,3,5,4,3,4,4,5,5,6,3,2,2,2,3,3,1,2,4.5,3.5,2.1666666666666665,3.6666666666666665,4,3.1666666666666665,3.8333333333333335,4.428571428571429,2.25,2,18–24,21,<500,422.49260348555214,mixed,3,5,0,-1,-2,-2,-2,-1,4
424,4,5,4,5,4,5,4,4,5,4,4,5,2,3,3,4,3,4,4,5,6,5,3,4,4,4,6,5,6,6,4,3,3,3,3,2,3,2,3,3,3,1,3,5,3,4,4,5,4,4,3,4,3,4,4,4,4,4.5,4.333333333333333,3.1666666666666665,4.5,5.166666666666667,3,2.5,4,3.75,1,40–44,42,2000–<2800,2366.4319132398464,conservative_leaning,3,5,0,1,-3,-1,1,-1,5
457,5,4,4,3,4,6,4,5,3,5,2,5,4,4,3,4,3,2,2,3,3,4,3,2,3,5,5,3,3,3,2,3,3,3,3,4,4,4,3,4,2,1,4,5,4,4,6,6,6,2,2,1,2,2,2,2,1,4.333333333333333,4,3.3333333333333335,2.8333333333333335,3.6666666666666665,3,3,5,1.75,2,65–69,67,<500,422.49260348555214,mixed,3,5,-1,1,-1,2,-2,1,7
134,4,4,4,5,4,4,4,5,5,5,3,4,2,3,3,2,3,3,4,3,3,4,2,2,4,3,3,3,4,4,3,3,3,2,3,4,3,1,1,2,3,3,3,3,4,3,4,3,3,1,3,2,3,2,2,1,2,4.166666666666667,4.333333333333333,2.6666666666666665,3,3.5,3,2.1666666666666665,3.2857142857142856,2,1,18–24,21,800–<1050,916.515138991168,mixed,3,5,-1,0,-3,-3,-2,-3,322
69,3,3,5,4,4,4,3,3,5,3,3,4,3,2,3,3,2,2,4,4,4,2,5,5,1,2,4,4,2,4,3,3,3,2,4,2,3,4,3,2,5,1,3,4,4,3,5,3,5,3,1,2,2,1,2,2,2,3.8333333333333335,3.5,2.5,4,2.8333333333333335,2.8333333333333335,3,3.857142857142857,1.875,2,35–39,37,2800+,5916.079783099616,mixed,3,5,-2,-1,0,-3,-3,0,
10,6,4,6,6,3,6,4,3,2,4,3,3,2,2,4,2,3,4,3,5,4,4,4,5,5,4,6,5,6,6,6,4,3,4,3,4,3,3,3,5,2,3,4,5,6,5,4,4,5,2,1,3,2,3,3,2,2,5.166666666666667,3.1666666666666665,2.8333333333333335,4.166666666666667,5.333333333333333,4,3.1666666666666665,4.714285714285714,2.25,1,40–44,42,2800+,5916.079783099616,mixed,3,5,-1,-1,0,1,-1,1,1
256,4,4,3,4,5,5,4,4,4,4,5,4,4,3,4,4,4,3,5,5,5,6,4,4,4,4,4,5,3,4,2,3,3,2,3,2,3,5,2,4,4,3,4,4,4,3,4,4,4,3,1,1,1,1,3,2,2,4.166666666666667,4.166666666666667,3.6666666666666665,4.833333333333333,4,2.5,3.5,3.857142857142857,1.75,2,30–34,32,<500,422.49260348555214,left_leaning,3,5,0,-3,1,-1,-3,1,
80,5,5,5,5,4,5,6,4,4,4,4,2,1,2,2,3,2,3,3,3,4,4,3,3,3,4,5,4,3,2,2,4,4,4,3,3,4,4,2,4,4,4,5,5,6,6,4,4,5,1,2,2,2,3,3,4,2,4.833333333333333,4,2.1666666666666665,3.3333333333333335,3.5,3.3333333333333335,3.6666666666666665,5,2.375,2,30–34,32,630–<800,709.9295739719539,mixed,3,5,0,-3,1,1,-3,2,4
394,3,2,2,4,3,4,4,3,3,3,2,4,3,3,4,1,2,2,2,3,2,4,3,3,5,4,5,3,4,3,4,3,2,1,2,3,5,4,4,5,4,3,4,6,4,5,4,4,5,2,1,3,3,2,3,2,1,3,3.1666666666666665,2.5,2.8333333333333335,4,2.5,4.166666666666667,4.571428571428571,2.125,2,50–54,52,<500,422.49260348555214,conservative_leaning,3,5,-3,2,-2,-1,2,-3,
29,6,6,5,4,4,5,3,3,3,4,1,4,1,2,2,3,3,3,4,4,4,3,5,4,5,3,4,3,3,4,2,2,1,2,2,3,4,3,3,2,3,3,4,4,5,4,5,5,5,1,2,2,2,4,1,3,1,5,3,2.3333333333333335,4,3.6666666666666665,2,3,4.571428571428571,2,2,40–44,42,2000–<2800,2366.4319132398464,mixed,3,5,-3,3,-3,2,-3,1,
675,3,4,6,5,5,5,6,6,6,5,4,5,2,4,2,4,3,3,5,4,5,5,4,4,4,4,3,6,4,4,4,3,3,3,3,4,3,2,2,2,2,1,4,2,3,4,3,3,4,1,1,1,3,1,2,1,1,4.666666666666667,5.333333333333333,3,4.5,4.166666666666667,3.3333333333333335,2,3.2857142857142856,1.375,2,18–24,21,2800+,5916.079783099616,left_leaning,3,5,-1,0,1,-1,-1,-3,1
616,4,5,3,4,4,5,5,5,5,4,3,4,2,2,3,1,2,2,3,3,2,4,3,3,5,4,5,5,5,4,1,2,3,2,2,2,2,2,2,3,4,2,3,4,4,6,3,3,2,2,2,3,3,3,3,3,2,4.166666666666667,4.333333333333333,2,3,4.666666666666667,2,2.5,3.5714285714285716,2.625,2,45–49,47,1050–<1400,1212.4355652982142,conservative_leaning,3,5,-2,-2,-3,1,-2,0,
478,4,5,5,4,5,5,3,3,5,4,4,3,2,2,2,3,2,4,3,4,4,3,5,4,6,4,5,4,4,5,3,3,3,3,2,3,3,3,2,3,3,2,6,4,6,6,5,6,5,2,4,2,2,3,3,5,2,4.666666666666667,3.6666666666666665,2.5,3.8333333333333335,4.666666666666667,2.8333333333333335,2.6666666666666665,5.428571428571429,2.875,1,65–69,67,1400–<2000,1673.320053068151,conservative_leaning,3,5,-2,0,-1,1,-3,-2,
90,6,5,4,5,4,4,2,3,3,4,4,3,3,5,5,5,4,5,3,5,3,4,3,3,4,4,5,4,4,4,4,3,4,2,3,3,2,5,3,4,3,5,4,4,5,5,6,5,5,3,1,1,1,2,1,1,1,4.666666666666667,3.1666666666666665,4.5,3.5,4.166666666666667,3.1666666666666665,3.6666666666666665,4.857142857142857,1.375,1,25–29,27,1050–<1400,1212.4355652982142,left_leaning,3,5,1,-1,2,-3,-3,1,4
277,4,5,3,6,6,6,4,5,5,5,5,3,5,3,4,4,4,3,4,4,4,4,4,5,3,4,4,5,4,4,4,2,4,5,5,4,4,2,3,4,3,3,6,5,6,4,5,5,5,3,3,6,3,4,4,4,4,5,4.5,3.8333333333333335,4.166666666666667,4,4,3.1666666666666665,5.142857142857143,3.875,1,18–24,21,1050–<1400,1212.4355652982142,mixed,3,5,-3,-1,0,-2,-3,-3,322
701,6,5,4,6,4,5,2,2,3,3,3,2,1,2,2,1,1,1,4,5,3,3,4,5,4,6,6,6,4,5,4,3,1,3,3,2,4,3,3,3,2,3,3,5,5,5,3,4,4,3,2,3,2,2,1,2,3,5,2.5,1.3333333333333333,4,5.166666666666667,2.6666666666666665,3,4.142857142857143,2.25,2,65–69,67,1400–<2000,1673.320053068151,left_leaning,3,5,1,-3,2,0,-3,0,1
727,5,5,6,5,5,5,4,4,3,3,5,4,3,2,4,5,3,5,3,4,5,3,4,4,5,5,5,5,4,5,3,4,4,4,4,4,4,3,3,2,3,3,5,4,5,6,5,5,6,2,4,2,4,5,3,2,3,5.166666666666667,3.8333333333333335,3.6666666666666665,3.8333333333333335,4.833333333333333,3.8333333333333335,3,5.142857142857143,3.125,2,65–69,67,1400–<2000,1673.320053068151,conservative_leaning,3,5,-2,1,-2,-1,2,0,1
623,3,3,3,3,5,3,4,2,4,4,4,4,4,5,4,4,4,2,3,3,3,4,4,3,4,3,4,4,4,4,3,4,3,3,1,3,2,2,2,3,3,4,4,4,2,3,3,2,2,3,3,3,3,2,2,3,2,3.3333333333333335,3.6666666666666665,3.8333333333333335,3.3333333333333335,3.8333333333333335,2.8333333333333335,2.6666666666666665,2.857142857142857,2.625,2,50–54,52,2000–<2800,2366.4319132398464,mixed,3,5,1,-1,-1,1,-3,0,4
736,4,4,5,4,5,4,3,4,5,3,5,3,3,3,2,3,4,3,4,3,4,4,3,4,5,3,5,3,4,5,3,3,3,2,3,3,3,3,2,3,2,3,5,6,4,4,3,5,3,1,1,1,3,1,2,1,3,4.333333333333333,3.8333333333333335,3,3.6666666666666665,4.166666666666667,2.8333333333333335,2.6666666666666665,4.285714285714286,1.625,2,50–54,52,<500,422.49260348555214,conservative_leaning,3,5,-3,3,0,0,-1,-3,392
611,5,4,5,6,6,4,5,5,4,4,4,2,2,3,3,3,4,2,6,3,3,3,3,3,4,4,4,5,6,6,3,2,4,3,3,2,3,3,3,1,3,2,3,4,5,5,5,4,2,1,2,1,1,1,2,2,1,5,4,2.8333333333333335,3.5,4.833333333333333,2.8333333333333335,2.5,4,1.375,2,35–39,37,2000–<2800,2366.4319132398464,left_leaning,3,5,1,0,-3,0,-3,0,6
248,4,4,6,5,5,3,2,3,2,3,3,3,2,2,1,1,3,3,4,3,3,4,3,1,2,5,5,5,4,4,4,4,4,2,2,2,3,2,3,3,2,4,5,5,6,4,6,5,5,3,3,2,2,3,3,3,5,4.5,2.6666666666666665,2,3,4.166666666666667,3,2.8333333333333335,5.142857142857143,3,2,40–44,42,1400–<2000,1673.320053068151,left_leaning,3,5,2,-1,1,-3,-1,0,4
582,3,3,3,4,3,4,3,3,2,3,3,4,4,2,4,4,4,4,3,1,3,3,3,4,4,4,3,5,4,4,2,4,4,3,4,3,5,3,4,4,5,3,4,5,4,5,4,3,3,2,2,2,3,1,3,2,2,3.3333333333333335,3,3.6666666666666665,2.8333333333333335,4,3.3333333333333335,4,4,2.125,2,30–34,32,2000–<2800,2366.4319132398464,conservative_leaning,3,5,-1,1,-1,1,-2,-3,392
713,3,6,3,3,6,4,1,2,2,3,1,3,3,3,3,2,2,4,4,2,4,2,4,2,4,4,3,4,3,2,3,3,3,2,3,3,1,3,2,4,4,3,6,4,5,5,4,6,4,3,1,1,2,2,1,3,3,4.166666666666667,2,2.8333333333333335,3,3.3333333333333335,2.8333333333333335,2.8333333333333335,4.857142857142857,2,2,45–49,47,1050–<1400,1212.4355652982142,conservative_leaning,3,5,-2,1,-2,-2,2,-2,
348,4,5,3,5,3,5,4,4,4,4,5,4,1,1,4,2,4,2,3,3,3,3,3,2,4,3,4,3,4,3,1,2,2,2,2,3,3,4,4,4,5,4,4,5,5,4,4,4,5,1,3,1,2,2,2,1,2,4.166666666666667,4.166666666666667,2.3333333333333335,2.8333333333333335,3.5,2,4,4.428571428571429,1.75,2,60–64,62,2800+,5916.079783099616,mixed,3,5,-1,1,1,-3,-1,0,392
283,5,5,5,6,6,5,4,4,3,3,3,2,2,4,2,3,3,2,3,3,4,3,2,3,5,4,5,4,5,4,1,2,2,1,3,2,2,1,2,1,1,2,4,4,3,3,3,4,4,1,1,1,2,2,3,1,1,5.333333333333333,3.1666666666666665,2.6666666666666665,3,4.5,1.8333333333333333,1.5,3.5714285714285716,1.5,2,40–44,42,2000–<2800,2366.4319132398464,mixed,3,5,0,0,2,1,-2,1,
31,5,5,4,5,6,4,4,4,3,4,5,4,3,4,3,3,1,3,5,3,5,5,5,4,4,6,5,5,5,5,2,4,4,2,2,3,3,3,1,3,3,3,5,4,4,3,3,4,4,2,3,2,2,2,4,3,1,4.833333333333333,4,2.8333333333333335,4.5,5,2.8333333333333335,2.6666666666666665,3.857142857142857,2.375,1,35–39,37,<500,422.49260348555214,left_leaning,3,5,1,-2,0,-1,-1,-2,
295,5,4,5,5,3,5,2,3,4,3,4,4,4,3,4,4,3,4,2,3,3,2,4,4,4,5,3,3,3,2,4,3,2,3,4,3,3,3,1,4,4,2,4,4,4,4,4,4,4,2,3,3,3,4,1,2,3,4.5,3.3333333333333335,3.6666666666666665,3,3.3333333333333335,3.1666666666666665,2.8333333333333335,4,2.625,2,18–24,21,<500,422.49260348555214,conservative_leaning,3,5,-1,-1,-3,0,1,-1,
196,4,3,5,4,5,4,5,4,4,3,6,5,4,3,2,3,4,3,5,4,4,5,5,5,5,5,5,4,5,5,4,3,2,4,4,5,5,4,4,4,5,5,4,4,5,5,4,4,4,3,1,3,2,2,4,5,3,4.166666666666667,4.5,3.1666666666666665,4.666666666666667,4.833333333333333,3.6666666666666665,4.5,4.285714285714286,2.875,1,50–54,52,630–<800,709.9295739719539,mixed,3,5,0,0,-2,-1,-1,-1,4
510,6,5,6,6,5,5,4,5,5,4,5,5,3,3,4,1,3,2,3,3,3,2,3,3,5,5,5,3,4,4,4,3,3,3,3,3,3,3,3,5,3,4,6,5,5,6,3,4,6,2,2,3,2,3,4,1,2,5.5,4.666666666666667,2.6666666666666665,2.8333333333333335,4.333333333333333,3.1666666666666665,3.5,5,2.375,2,40–44,42,2800+,5916.079783099616,mixed,3,5,0,-3,0,-1,-3,0,4
739,5,4,5,4,3,4,3,5,3,6,5,3,3,3,2,2,5,2,4,3,3,5,3,4,5,6,6,4,3,5,2,3,1,2,2,3,2,2,3,3,3,3,3,2,3,2,3,2,3,3,3,4,5,4,4,3,2,4.166666666666667,4.166666666666667,2.8333333333333335,3.6666666666666665,4.833333333333333,2.1666666666666665,2.6666666666666665,2.5714285714285716,3.5,1,30–34,32,2800+,5916.079783099616,mixed,3,5,0,-1,-2,0,-2,0,
153,6,5,5,4,5,5,5,5,4,5,3,3,2,2,3,2,3,3,5,5,4,3,3,4,5,5,5,6,6,5,1,2,3,1,1,1,3,4,3,3,3,3,5,5,4,4,5,2,5,2,3,2,2,1,1,2,1,5,4.166666666666667,2.5,4,5.333333333333333,1.5,3.1666666666666665,4.285714285714286,1.75,2,40–44,42,1400–<2000,1673.320053068151,left_leaning,3,5,-1,-2,1,0,-3,3,7
378,5,5,6,4,6,6,4,4,4,3,3,3,2,3,3,2,4,1,3,3,5,4,3,5,6,4,3,4,6,6,3,3,1,3,4,3,3,3,3,3,3,2,4,4,4,5,4,4,4,2,3,2,2,3,2,4,4,5.333333333333333,3.5,2.5,3.8333333333333335,4.833333333333333,2.8333333333333335,2.8333333333333335,4.142857142857143,2.75,1,65–69,67,<500,422.49260348555214,conservative_leaning,3,5,0,1,-1,0,-2,-2,
506,4,4,6,5,5,5,5,6,5,6,4,5,2,1,2,1,1,2,4,2,2,3,2,3,2,3,4,4,5,3,1,1,3,2,1,1,3,4,3,2,2,3,4,3,3,3,4,4,3,3,1,1,1,1,3,1,2,4.833333333333333,5.166666666666667,1.5,2.6666666666666665,3.5,1.5,2.8333333333333335,3.4285714285714284,1.625,2,60–64,62,2000–<2800,2366.4319132398464,mixed,3,5,-2,-1,-3,0,-1,-2,1
273,5,4,5,5,4,6,3,4,4,5,5,5,4,2,2,2,3,1,3,4,2,3,3,4,5,5,5,5,4,3,2,2,3,2,3,2,3,3,4,2,3,4,4,4,6,5,4,5,5,1,3,2,2,2,3,3,1,4.833333333333333,4.333333333333333,2.3333333333333335,3.1666666666666665,4.5,2.3333333333333335,3.1666666666666665,4.714285714285714,2.125,1,65–69,67,1050–<1400,1212.4355652982142,left_leaning,3,5,1,-2,0,-2,-1,-2,1
156,4,5,6,4,5,4,4,5,4,3,6,3,4,2,3,3,1,3,4,3,4,3,4,4,5,4,4,4,4,5,2,2,2,1,2,1,2,2,2,3,3,2,3,4,4,3,4,3,5,2,3,2,2,3,2,2,2,4.666666666666667,4.166666666666667,2.6666666666666665,3.6666666666666665,4.333333333333333,1.6666666666666667,2.3333333333333335,3.7142857142857144,2.25,1,25–29,27,1400–<2000,1673.320053068151,mixed,3,5,-1,-2,-1,-1,-3,-1,6
168,5,3,5,4,5,4,5,5,4,5,5,5,4,4,4,3,5,4,4,4,5,5,5,6,5,6,6,4,5,6,3,2,3,3,2,2,4,1,4,3,3,2,3,5,4,3,4,4,4,4,2,4,2,3,2,4,2,4.333333333333333,4.833333333333333,4,4.833333333333333,5.333333333333333,2.5,2.8333333333333335,3.857142857142857,2.875,1,45–49,47,2000–<2800,2366.4319132398464,left_leaning,3,5,1,0,0,-1,-3,0,
518,4,6,3,4,5,4,4,3,2,3,4,2,1,5,3,2,5,3,2,5,4,5,3,3,2,3,4,3,3,4,4,4,3,3,3,4,4,2,4,2,2,2,4,4,4,4,3,5,4,2,3,2,3,4,3,1,2,4.333333333333333,3,3.1666666666666665,3.6666666666666665,3.1666666666666665,3.5,2.6666666666666665,4,2.5,1,65–69,67,2000–<2800,2366.4319132398464,left_leaning,3,5,1,-2,3,0,-3,0,
731,4,5,5,5,5,6,4,4,4,4,5,4,2,2,2,3,2,1,3,4,4,6,5,5,4,5,6,4,5,4,3,2,4,4,4,3,2,2,3,2,1,2,3,5,4,5,5,4,4,3,2,2,1,4,3,2,4,5,4.166666666666667,2,4.5,4.666666666666667,3.3333333333333335,2,4.285714285714286,2.625,2,65–69,67,1400–<2000,1673.320053068151,left_leaning,3,5,1,-3,0,-3,-2,-2,4
259,4,4,5,3,5,4,4,5,4,5,3,6,3,4,3,3,4,3,4,4,6,5,6,5,4,4,4,4,4,6,1,2,2,3,2,2,2,2,4,3,3,1,2,3,4,3,4,1,3,1,2,2,1,2,1,2,2,4.166666666666667,4.5,3.3333333333333335,5,4.333333333333333,2,2.5,2.857142857142857,1.625,2,55–59,57,<500,422.49260348555214,mixed,3,5,-1,0,-1,-3,-2,-2,6
249,5,4,6,6,4,5,4,3,4,3,2,4,3,2,1,3,3,3,5,5,5,4,5,5,4,3,4,4,6,4,2,3,3,3,3,3,3,4,4,3,2,4,2,4,4,4,3,3,4,2,2,3,2,1,2,2,1,5,3.3333333333333335,2.5,4.833333333333333,4.166666666666667,2.8333333333333335,3.3333333333333335,3.4285714285714284,1.875,1,35–39,37,<500,422.49260348555214,mixed,3,5,-2,-1,-1,0,-2,-1,1
570,3,5,6,5,4,5,4,2,3,3,3,4,2,4,2,2,2,4,5,5,4,4,3,3,3,3,2,3,3,5,3,3,4,3,6,3,4,5,4,3,3,4,6,4,6,5,5,6,5,3,2,2,4,2,5,2,3,4.666666666666667,3.1666666666666665,2.6666666666666665,4,3.1666666666666665,3.6666666666666665,3.8333333333333335,5.285714285714286,2.875,1,50–54,52,<500,422.49260348555214,left_leaning,3,5,1,-3,3,-3,-3,3,7
76,4,4,4,4,4,4,2,3,3,3,4,3,1,1,3,2,1,2,2,2,2,2,2,2,5,2,5,3,5,5,2,2,2,2,1,1,3,2,2,2,2,3,4,5,3,5,3,2,4,2,1,2,1,2,2,2,1,4,3,1.6666666666666667,2,4.166666666666667,1.6666666666666667,2.3333333333333335,3.7142857142857144,1.625,1,45–49,47,800–<1050,916.515138991168,conservative_leaning,3,5,-1,2,0,-3,-3,0,4
766,6,4,6,6,5,5,6,5,6,5,6,6,5,4,4,6,4,5,5,4,2,5,3,3,5,5,4,5,5,5,4,4,5,5,4,5,4,2,3,2,3,2,6,5,5,4,5,5,5,4,4,3,3,4,4,3,4,5.333333333333333,5.666666666666667,4.666666666666667,3.6666666666666665,4.833333333333333,4.5,2.6666666666666665,5,3.625,1,25–29,27,<500,422.49260348555214,mixed,3,5,1,0,1,1,-1,-1,1
535,3,4,4,5,5,4,3,5,4,4,3,3,2,2,4,1,2,2,5,4,5,4,5,5,6,6,6,5,4,6,2,2,3,2,1,1,3,1,2,3,3,2,4,3,4,4,5,5,4,2,3,4,2,1,3,3,2,4.166666666666667,3.6666666666666665,2.1666666666666665,4.666666666666667,5.5,1.8333333333333333,2.3333333333333335,4.142857142857143,2.5,2,60–64,62,1050–<1400,1212.4355652982142,left_leaning,3,5,0,0,1,-2,-3,-3,6
192,5,5,4,6,4,6,4,4,3,5,4,4,3,4,2,2,1,2,4,3,2,5,4,4,4,2,3,4,5,4,4,2,3,1,2,3,2,4,3,3,3,4,3,5,3,4,4,4,5,2,3,1,1,2,3,2,2,5,4,2.3333333333333335,3.6666666666666665,3.6666666666666665,2.5,3.1666666666666665,4,2,2,55–59,57,1400–<2000,1673.320053068151,mixed,3,5,1,-1,-3,1,2,-2,5
560,6,6,5,5,5,5,3,3,4,5,4,4,3,4,3,3,3,3,4,4,3,4,3,4,5,4,5,4,4,3,5,4,2,4,4,2,3,1,2,4,3,3,5,4,5,6,6,5,5,4,5,2,3,3,3,2,4,5.333333333333333,3.8333333333333335,3.1666666666666665,3.6666666666666665,4.166666666666667,3.5,2.6666666666666665,5.142857142857143,3.25,1,60–64,62,500–<630,561.2486080160912,conservative_leaning,3,5,-3,2,-2,-1,1,-1,1
479,3,4,4,5,3,5,2,3,4,3,4,3,3,3,3,2,2,3,3,2,3,4,2,3,2,4,2,5,4,4,4,3,3,4,3,4,3,2,4,3,4,4,5,3,3,4,3,3,4,3,2,2,4,1,2,3,3,4,3.1666666666666665,2.6666666666666665,2.8333333333333335,3.5,3.5,3.3333333333333335,3.5714285714285716,2.5,1,30–34,32,<500,422.49260348555214,left_leaning,3,5,0,-2,1,-3,-3,1,6
54,6,6,5,4,4,5,2,2,2,3,3,4,1,3,2,2,1,2,3,1,4,4,4,4,5,4,3,5,5,6,3,3,3,3,3,3,4,2,2,3,4,2,2,4,5,3,4,3,3,1,1,2,2,1,2,1,2,5,2.6666666666666665,1.8333333333333333,3.3333333333333335,4.666666666666667,3,2.8333333333333335,3.4285714285714284,1.5,2,35–39,37,1050–<1400,1212.4355652982142,mixed,3,5,-2,1,-1,-3,-3,2,7
46,5,5,4,5,4,4,5,5,5,3,4,4,2,4,4,1,3,1,3,3,3,2,3,2,5,6,5,5,6,5,4,4,4,4,3,5,3,3,4,4,4,3,5,5,5,4,5,6,5,2,2,2,3,2,2,1,1,4.5,4.333333333333333,2.5,2.6666666666666665,5.333333333333333,4,3.5,5,1.875,1,35–39,37,<500,422.49260348555214,mixed,3,5,0,-1,0,-2,-2,-2,1
504,5,6,5,5,3,4,5,5,5,3,4,5,4,4,5,3,1,3,4,5,4,4,4,5,5,5,6,6,5,4,2,3,3,2,4,2,2,4,3,4,3,4,5,4,4,4,3,4,5,1,1,2,2,2,2,1,2,4.666666666666667,4.5,3.3333333333333335,4.333333333333333,5.166666666666667,2.6666666666666665,3.3333333333333335,4.142857142857143,1.625,2,35–39,37,<500,422.49260348555214,conservative_leaning,3,5,-1,0,0,2,-2,0,1
512,6,5,6,4,6,6,2,4,2,3,4,2,6,5,4,3,3,4,6,4,5,4,3,5,5,3,5,5,5,4,3,4,3,3,4,1,4,3,3,4,5,4,6,5,5,6,5,4,4,2,2,3,2,2,5,3,3,5.5,2.8333333333333335,4.166666666666667,4.5,4.5,3,3.8333333333333335,5,2.75,2,55–59,57,2800+,5916.079783099616,mixed,3,5,0,0,-1,-1,-1,-2,
83,4,6,4,4,5,6,5,6,5,6,5,5,4,5,3,5,4,5,3,4,3,3,4,3,4,6,6,6,5,4,3,1,2,1,2,3,4,2,2,5,4,3,3,3,4,3,3,4,3,2,1,2,1,3,1,3,1,4.833333333333333,5.333333333333333,4.333333333333333,3.3333333333333335,5.166666666666667,2,3.3333333333333335,3.2857142857142856,1.75,2,40–44,42,1400–<2000,1673.320053068151,left_leaning,3,5,1,-2,1,-1,-3,1,4
558,4,4,5,5,4,5,4,2,4,3,5,4,1,2,1,3,1,2,3,3,1,2,3,3,5,2,4,3,4,3,3,3,2,2,3,3,3,2,2,1,4,1,3,3,3,4,3,2,3,2,1,2,4,3,2,3,3,4.5,3.6666666666666665,1.6666666666666667,2.5,3.5,2.6666666666666665,2.1666666666666665,3,2.5,1,35–39,37,500–<630,561.2486080160912,left_leaning,3,5,1,-3,-2,-1,-2,1,7
213,6,6,4,5,5,5,4,4,4,5,4,4,3,3,4,3,4,3,5,5,4,5,5,6,4,4,4,4,5,5,3,3,3,4,3,3,4,3,4,4,3,4,4,4,4,3,5,5,4,3,1,3,2,2,2,3,2,5.166666666666667,4.166666666666667,3.3333333333333335,5,4.333333333333333,3.1666666666666665,3.6666666666666665,4.142857142857143,2.25,2,40–44,42,1400–<2000,1673.320053068151,conservative_leaning,3,5,-3,0,-2,2,-3,-1,7
420,4,5,4,3,3,4,3,4,4,4,5,4,4,4,4,3,2,2,4,5,4,4,4,3,6,6,5,6,5,6,3,3,3,3,3,2,3,3,3,2,2,1,3,4,3,4,3,3,3,2,2,2,3,3,2,4,1,3.8333333333333335,4,3.1666666666666665,4,5.666666666666667,2.8333333333333335,2.3333333333333335,3.2857142857142856,2.375,1,25–29,27,<500,422.49260348555214,mixed,3,5,1,-1,-2,1,1,-3,1
316,5,6,4,5,6,6,5,3,3,5,5,3,3,4,4,4,5,5,5,5,4,5,6,5,6,5,4,4,4,3,3,3,4,4,4,3,1,3,3,3,2,4,5,5,3,5,5,4,5,2,2,3,2,2,3,3,2,5.333333333333333,4,4.166666666666667,5,4.333333333333333,3.5,2.6666666666666665,4.571428571428571,2.375,1,40–44,42,2000–<2800,2366.4319132398464,left_leaning,3,5,1,-2,0,0,0,-1,5
185,5,5,4,3,3,4,3,3,3,3,2,3,1,2,1,2,1,2,4,4,4,3,4,4,5,3,3,5,4,5,4,2,2,2,3,4,4,1,2,1,3,3,4,5,4,4,6,4,4,4,2,2,2,3,3,2,3,4,2.8333333333333335,1.5,3.8333333333333335,4.166666666666667,2.8333333333333335,2.3333333333333335,4.428571428571429,2.625,2,65–69,67,630–<800,709.9295739719539,left_leaning,3,5,1,-1,-1,-1,-3,0,4
212,5,4,3,4,5,5,5,5,4,4,5,5,2,2,2,2,3,3,1,3,3,4,4,4,3,5,4,4,5,4,3,3,2,3,4,2,2,2,1,3,2,2,5,4,4,5,4,5,6,2,4,4,1,3,1,1,2,4.333333333333333,4.666666666666667,2.3333333333333335,3.1666666666666665,4.166666666666667,2.8333333333333335,2,4.714285714285714,2.25,2,50–54,52,2000–<2800,2366.4319132398464,mixed,3,5,0,-1,-1,-1,-1,0,7
99,4,5,6,6,6,6,3,3,3,3,3,4,3,5,4,1,2,3,4,6,6,4,4,6,4,6,3,4,4,5,4,3,5,2,4,4,3,3,3,2,3,4,4,5,4,5,3,4,4,3,4,3,3,2,3,4,3,5.5,3.1666666666666665,3,5,4.333333333333333,3.6666666666666665,3,4.142857142857143,3.125,1,60–64,62,2000–<2800,2366.4319132398464,left_leaning,3,5,0,0,0,-1,-2,2,1
302,5,4,5,5,5,6,5,5,4,6,5,5,4,3,3,2,2,2,3,3,5,3,5,4,6,4,3,4,4,6,2,3,1,2,4,3,2,2,3,4,2,1,1,4,3,3,4,5,2,4,3,3,2,3,3,3,3,5,5,2.6666666666666665,3.8333333333333335,4.5,2.5,2.3333333333333335,3.142857142857143,3,1,18–24,21,800–<1050,916.515138991168,conservative_leaning,3,5,-2,1,-1,2,1,-1,392
709,6,6,5,5,6,6,5,4,4,4,4,4,4,3,3,3,2,3,5,5,4,4,4,5,3,3,4,4,2,4,2,3,2,3,3,3,4,3,2,2,3,2,6,6,4,4,4,5,5,3,4,2,4,4,2,3,4,5.666666666666667,4.166666666666667,3,4.5,3.3333333333333335,2.6666666666666665,2.6666666666666665,4.857142857142857,3.25,1,60–64,62,1400–<2000,1673.320053068151,conservative_leaning,3,5,-2,1,0,-1,-1,-1,392
439,5,5,5,5,5,5,4,3,4,3,3,3,2,2,1,2,2,2,4,4,3,6,5,4,6,5,4,4,5,4,4,4,3,5,4,4,2,2,1,1,1,1,3,4,3,4,3,3,4,3,2,2,3,2,3,2,4,5,3.3333333333333335,1.8333333333333333,4.333333333333333,4.666666666666667,4,1.3333333333333333,3.4285714285714284,2.625,2,55–59,57,1400–<2000,1673.320053068151,mixed,3,5,-2,0,0,-1,0,-3,
211,4,4,5,6,5,4,5,5,2,5,4,4,4,4,3,3,4,3,3,5,4,3,3,4,3,5,5,4,6,5,3,4,3,5,5,4,5,3,3,4,4,5,5,4,5,5,3,5,5,3,3,2,3,3,5,4,3,4.666666666666667,4.166666666666667,3.5,3.6666666666666665,4.666666666666667,4,4,4.571428571428571,3.25,1,45–49,47,2000–<2800,2366.4319132398464,mixed,3,5,-1,0,0,-1,0,-2,5
598,4,2,5,5,5,3,5,5,5,3,5,6,3,4,3,4,1,2,5,3,5,5,5,5,4,5,5,5,5,5,3,3,4,5,4,3,3,4,5,4,3,3,4,2,4,4,3,3,5,4,5,3,5,3,4,4,4,4,4.833333333333333,2.8333333333333335,4.666666666666667,4.833333333333333,3.6666666666666665,3.6666666666666665,3.5714285714285716,4,1,50–54,52,2000–<2800,2366.4319132398464,mixed,3,5,0,-3,0,-2,-1,-3,322
141,5,4,6,6,6,6,5,3,4,5,4,5,3,3,3,2,3,3,4,4,4,4,5,5,4,4,4,4,3,4,4,3,2,4,3,3,2,2,2,2,2,1,4,4,2,3,4,4,4,3,4,4,3,5,3,4,3,5.5,4.333333333333333,2.8333333333333335,4.333333333333333,3.8333333333333335,3.1666666666666665,1.8333333333333333,3.5714285714285716,3.625,2,60–64,62,800–<1050,916.515138991168,conservative_leaning,3,5,0,0,-1,2,-2,-2,1
208,5,6,5,5,5,5,4,3,2,5,4,3,3,4,3,4,3,2,6,5,6,5,5,4,3,4,4,4,4,3,4,3,3,3,1,4,5,4,3,4,3,3,5,4,5,4,5,4,4,2,2,2,1,3,5,2,3,5.166666666666667,3.5,3.1666666666666665,5.166666666666667,3.6666666666666665,3,3.6666666666666665,4.428571428571429,2.5,2,18–24,21,2800+,5916.079783099616,left_leaning,3,5,2,0,0,-2,-2,-2,1
640,6,5,5,5,6,4,5,4,5,4,5,4,3,3,4,2,3,2,4,4,5,6,5,6,5,5,5,4,4,4,4,3,3,2,2,4,1,1,3,3,2,3,4,5,3,5,6,6,6,3,2,2,3,3,3,2,3,5.166666666666667,4.5,2.8333333333333335,5,4.5,3,2.1666666666666665,5,2.625,2,30–34,32,2000–<2800,2366.4319132398464,conservative_leaning,3,5,-2,2,0,1,-1,-1,1
98,3,3,5,3,3,3,5,6,5,4,5,6,4,3,3,5,3,2,4,3,4,3,3,3,6,4,5,3,4,3,2,3,3,3,3,3,2,2,4,3,3,3,4,4,4,5,5,6,4,4,4,5,3,3,3,5,3,3.3333333333333335,5.166666666666667,3.3333333333333335,3.3333333333333335,4.166666666666667,2.8333333333333335,2.8333333333333335,4.571428571428571,3.75,1,55–59,57,2000–<2800,2366.4319132398464,left_leaning,3,5,2,-1,-2,-2,-3,0,392
162,6,6,6,6,5,6,2,3,2,1,3,3,2,2,3,2,4,3,3,5,4,4,4,2,6,5,5,5,4,5,4,4,5,4,3,4,4,4,4,4,3,4,5,5,4,5,5,2,6,3,2,3,2,3,3,4,2,5.833333333333333,2.3333333333333335,2.6666666666666665,3.6666666666666665,5,4,3.8333333333333335,4.571428571428571,2.75,2,65–69,67,500–<630,561.2486080160912,mixed,3,5,1,-1,-1,1,1,-2,5
169,4,5,6,5,5,5,4,4,4,2,4,2,2,2,2,1,2,2,2,3,1,4,2,2,3,2,2,4,4,4,1,3,4,4,5,3,4,4,5,4,4,4,6,4,5,4,4,4,5,1,1,3,2,2,2,3,3,5,3.3333333333333335,1.8333333333333333,2.3333333333333335,3.1666666666666665,3.3333333333333335,4.166666666666667,4.571428571428571,2.125,2,40–44,42,800–<1050,916.515138991168,mixed,3,5,-1,0,-1,-1,-3,-2,
370,3,5,5,4,4,4,3,2,3,4,4,5,2,3,2,2,1,2,2,3,3,3,2,2,5,5,4,4,5,4,3,4,4,3,3,3,5,3,2,3,2,4,5,5,5,3,3,4,4,4,3,2,3,3,3,2,3,4.166666666666667,3.5,2,2.5,4.5,3.3333333333333335,3.1666666666666665,4.142857142857143,2.875,1,55–59,57,630–<800,709.9295739719539,mixed,3,5,-1,0,-1,0,-3,0,322
698,5,4,4,3,4,6,3,4,2,3,3,3,3,2,3,2,2,2,4,4,3,3,3,4,4,3,4,4,4,6,4,2,3,3,3,3,2,2,2,2,2,4,4,3,3,3,3,4,4,3,2,2,1,2,2,2,2,4.333333333333333,3,2.3333333333333335,3.5,4.166666666666667,3,2.3333333333333335,3.4285714285714284,2,1,25–29,27,630–<800,709.9295739719539,mixed,3,5,-1,0,1,0,1,-1,
619,3,4,4,5,4,4,5,5,6,5,6,6,3,3,4,4,2,3,2,4,4,4,3,4,3,3,5,3,5,3,2,3,3,3,5,2,4,3,3,3,2,4,5,4,3,5,3,4,4,2,2,4,1,2,3,2,1,4,5.5,3.1666666666666665,3.5,3.6666666666666665,3,3.1666666666666665,4,2.125,2,45–49,47,500–<630,561.2486080160912,left_leaning,3,5,-2,-2,1,-3,-2,-1,7
84,6,5,6,6,5,4,4,3,4,3,4,4,3,3,3,3,4,2,4,4,3,1,4,3,6,6,5,6,5,5,1,1,2,1,1,1,3,3,3,3,2,2,2,3,3,5,4,3,4,1,1,2,3,1,3,2,1,5.333333333333333,3.6666666666666665,3,3.1666666666666665,5.5,1.1666666666666667,2.6666666666666665,3.4285714285714284,1.75,2,30–34,32,1050–<1400,1212.4355652982142,left_leaning,3,5,0,0,-1,-1,-1,1,
122,5,4,3,5,3,5,6,3,6,4,5,6,4,2,3,3,4,3,3,3,3,4,3,3,2,2,3,1,4,2,3,2,3,3,3,4,1,1,2,3,1,1,3,3,2,3,4,4,3,5,4,3,2,3,3,3,3,4.166666666666667,5,3.1666666666666665,3.1666666666666665,2.3333333333333335,3,1.5,3.142857142857143,3.25,1,35–39,37,1400–<2000,1673.320053068151,mixed,3,5,2,0,-2,2,-3,1,4
587,5,5,4,5,4,5,5,5,5,6,5,4,3,1,2,2,1,2,6,3,5,4,4,5,4,4,4,3,3,5,3,4,3,4,3,4,3,5,3,3,4,4,3,4,4,4,5,4,5,3,3,5,3,3,4,2,2,4.666666666666667,5,1.8333333333333333,4.5,3.8333333333333335,3.5,3.6666666666666665,4.142857142857143,3.125,1,40–44,42,1400–<2000,1673.320053068151,mixed,3,5,1,1,0,2,-1,-1,322
251,6,6,6,4,5,4,5,6,4,5,6,4,2,3,4,4,3,2,3,5,5,4,5,4,6,6,5,4,6,5,5,3,4,5,4,4,2,3,4,4,4,5,5,4,5,5,6,5,4,3,2,2,3,3,3,3,3,5.166666666666667,5,3,4.333333333333333,5.333333333333333,4.166666666666667,3.6666666666666665,4.857142857142857,2.75,2,35–39,37,1050–<1400,1212.4355652982142,left_leaning,3,5,2,-2,-2,0,-1,-3,1
472,3,3,4,4,4,4,5,4,5,5,4,5,4,3,4,3,3,3,3,2,5,5,4,4,3,5,4,5,5,5,3,2,3,2,1,2,3,2,3,3,3,3,5,4,4,4,4,5,4,3,2,1,2,1,2,1,2,3.6666666666666665,4.666666666666667,3.3333333333333335,3.8333333333333335,4.5,2.1666666666666665,2.8333333333333335,4.285714285714286,1.75,2,25–29,27,1050–<1400,1212.4355652982142,mixed,3,5,2,2,2,0,-3,0,
279,3,3,4,4,4,3,4,3,4,3,4,3,4,4,3,3,3,3,4,3,2,2,3,3,3,6,4,6,6,4,4,3,3,4,3,4,3,2,4,3,3,2,6,5,4,5,5,5,6,4,4,5,3,5,4,5,5,3.5,3.5,3.3333333333333335,2.8333333333333335,4.833333333333333,3.5,2.8333333333333335,5.142857142857143,4.375,1,45–49,47,<500,422.49260348555214,conservative_leaning,3,5,-2,-2,-2,1,-1,-1,801
423,3,3,6,5,5,4,4,6,5,3,5,4,3,5,4,5,4,3,5,6,6,5,6,6,3,5,6,4,6,5,2,2,3,4,2,4,3,3,2,3,2,2,2,4,3,3,4,3,5,4,4,4,5,5,4,3,4,4.333333333333333,4.5,4,5.666666666666667,4.833333333333333,2.8333333333333335,2.5,3.4285714285714284,4.125,2,65–69,67,1400–<2000,1673.320053068151,mixed,3,5,-1,0,0,-2,-1,0,4
699,5,5,3,6,4,5,3,5,5,5,3,4,4,2,5,3,2,2,2,3,4,4,2,3,5,5,5,4,3,4,4,1,3,3,2,3,3,4,2,3,3,3,3,4,3,3,4,3,4,3,4,3,2,4,3,3,3,4.666666666666667,4.166666666666667,3,3,4.333333333333333,2.6666666666666665,3,3.4285714285714284,3.125,1,45–49,47,500–<630,561.2486080160912,mixed,3,5,2,-1,1,-1,1,-3,6
281,4,4,4,4,4,5,3,2,3,3,3,2,3,4,4,4,3,5,5,4,5,5,6,4,3,5,5,5,6,4,2,3,4,4,4,3,1,1,2,2,1,1,5,4,2,3,4,3,2,2,4,4,4,2,4,1,3,4.166666666666667,2.6666666666666665,3.8333333333333335,4.833333333333333,4.666666666666667,3.3333333333333335,1.3333333333333333,3.2857142857142856,3,1,65–69,67,2800+,5916.079783099616,mixed,3,5,-2,-1,-3,-1,-1,-1,
19,5,6,6,6,6,5,4,5,6,5,4,4,1,2,1,1,1,1,2,1,3,2,1,2,3,4,4,4,5,5,2,2,2,1,4,3,2,2,2,2,2,3,5,6,5,6,3,4,5,1,1,1,2,2,1,2,2,5.666666666666667,4.666666666666667,1.1666666666666667,1.8333333333333333,4.166666666666667,2.3333333333333335,2.1666666666666665,4.857142857142857,1.5,1,25–29,27,<500,422.49260348555214,left_leaning,3,5,-1,0,1,-1,-3,1,4
482,4,4,3,5,4,5,5,5,5,3,4,3,2,3,1,2,2,1,4,3,4,4,3,3,4,4,3,3,3,5,4,3,3,5,4,2,5,4,2,3,2,3,4,4,4,5,4,6,4,3,4,3,4,4,3,3,4,4.166666666666667,4.166666666666667,1.8333333333333333,3.5,3.6666666666666665,3.5,3.1666666666666665,4.428571428571429,3.5,1,50–54,52,2000–<2800,2366.4319132398464,conservative_leaning,3,5,-3,-1,-1,2,0,-1,4
528,5,5,5,6,6,6,4,3,5,5,4,6,4,3,3,3,4,3,3,4,3,4,3,4,4,5,4,4,6,4,2,3,2,3,2,2,3,2,3,3,4,2,2,2,2,3,3,3,3,2,1,1,2,3,2,2,2,5.5,4.5,3.3333333333333335,3.5,4.5,2.3333333333333335,2.8333333333333335,2.5714285714285716,1.875,2,18–24,21,1400–<2000,1673.320053068151,conservative_leaning,3,5,-3,1,0,0,0,-1,4
621,6,6,6,6,6,5,4,4,5,3,4,4,4,5,5,4,4,5,5,5,4,6,5,4,5,4,5,4,6,4,3,3,4,5,2,4,4,4,3,5,3,3,4,5,4,4,5,4,4,4,4,4,4,3,4,3,4,5.833333333333333,4,4.5,4.833333333333333,4.666666666666667,3.5,3.6666666666666665,4.285714285714286,3.75,1,40–44,42,<500,422.49260348555214,left_leaning,3,5,1,0,0,0,0,-2,1
529,4,5,4,4,6,5,2,2,1,2,3,1,3,3,3,4,3,2,3,5,3,3,3,3,3,4,4,4,5,3,2,4,3,4,5,4,5,4,3,3,3,4,5,6,6,6,6,6,5,3,3,3,3,5,3,3,2,4.666666666666667,1.8333333333333333,3,3.3333333333333335,3.8333333333333335,3.6666666666666665,3.6666666666666665,5.714285714285714,3.125,1,30–34,32,<500,422.49260348555214,mixed,3,5,-3,1,1,1,-1,-2,1
23,3,2,4,6,5,3,4,5,4,4,4,4,5,4,3,3,4,3,4,5,3,4,4,4,4,3,4,4,5,4,4,2,3,2,2,4,2,2,3,2,3,2,4,5,3,5,3,4,3,3,2,3,3,2,2,5,2,3.8333333333333335,4.166666666666667,3.6666666666666665,4,4,2.8333333333333335,2.3333333333333335,3.857142857142857,2.75,1,45–49,47,800–<1050,916.515138991168,mixed,3,5,1,-1,-2,0,1,-1,4
28,6,5,5,6,6,5,2,3,4,3,3,5,3,3,1,3,2,5,4,4,3,3,4,5,4,5,5,6,5,4,3,3,4,3,3,2,2,3,4,3,3,4,4,5,5,4,3,5,6,1,3,2,4,3,2,1,1,5.5,3.3333333333333335,2.8333333333333335,3.8333333333333335,4.833333333333333,3,3.1666666666666665,4.571428571428571,2.125,1,60–64,62,1050–<1400,1212.4355652982142,mixed,3,5,-1,0,-3,-2,-3,-1,392
15,3,3,4,3,4,1,4,5,4,4,3,4,3,3,1,3,3,3,3,2,2,3,5,5,4,4,4,4,5,4,2,1,3,2,3,2,3,3,5,3,4,3,5,5,4,4,4,5,4,2,2,1,3,1,2,2,2,3,4,2.6666666666666665,3.3333333333333335,4.166666666666667,2.1666666666666665,3.5,4.428571428571429,1.875,2,60–64,62,1050–<1400,1212.4355652982142,mixed,3,5,-1,-2,0,1,-3,1,4
404,6,5,5,5,4,3,4,4,5,4,4,4,2,2,2,1,3,1,4,4,4,4,3,3,4,4,3,4,2,5,5,5,4,5,4,5,4,5,5,5,4,4,3,5,5,3,4,5,3,3,2,3,3,2,3,3,4,4.666666666666667,4.166666666666667,1.8333333333333333,3.6666666666666665,3.6666666666666665,4.666666666666667,4.5,4,2.875,2,40–44,42,1050–<1400,1212.4355652982142,mixed,3,5,1,1,-1,-1,-2,0,801
628,4,5,4,5,3,5,5,3,4,3,3,5,4,4,5,3,3,3,3,4,4,4,4,4,4,4,5,4,5,5,2,4,4,3,4,3,4,3,3,4,4,4,4,4,5,3,3,6,4,3,2,4,1,3,2,4,2,4.333333333333333,3.8333333333333335,3.6666666666666665,3.8333333333333335,4.5,3.3333333333333335,3.6666666666666665,4.142857142857143,2.625,2,50–54,52,1050–<1400,1212.4355652982142,conservative_leaning,3,5,-3,-3,-1,3,-1,-1,1
411,5,6,5,5,5,5,2,4,4,5,5,5,3,3,3,4,3,3,2,4,5,4,4,4,3,4,3,4,4,4,3,4,3,4,3,2,5,4,3,3,3,4,5,6,5,6,4,5,6,3,4,1,2,3,1,3,3,5.166666666666667,4.166666666666667,3.1666666666666665,3.8333333333333335,3.6666666666666665,3.1666666666666665,3.6666666666666665,5.285714285714286,2.5,2,30–34,32,1050–<1400,1212.4355652982142,left_leaning,3,5,2,0,0,-2,-3,-1,4
88,5,3,4,5,4,5,4,5,4,5,5,4,3,3,3,2,3,2,5,4,5,4,5,4,4,3,5,3,2,2,3,2,2,1,2,1,4,2,3,1,1,2,3,5,4,4,4,5,3,1,3,3,2,2,3,2,1,4.333333333333333,4.5,2.6666666666666665,4.5,3.1666666666666665,1.8333333333333333,2.1666666666666665,4,2.125,1,65–69,67,1050–<1400,1212.4355652982142,left_leaning,3,5,-1,-1,2,-2,-3,2,6
269,6,5,5,6,4,5,4,5,4,4,3,3,3,2,4,2,3,2,5,3,4,4,5,4,6,6,5,5,5,5,3,2,1,3,3,1,2,4,3,3,1,2,5,3,4,5,4,5,5,3,2,2,2,3,3,3,3,5.166666666666667,3.8333333333333335,2.6666666666666665,4.166666666666667,5.333333333333333,2.1666666666666665,2.5,4.428571428571429,2.625,1,25–29,27,2800+,5916.079783099616,mixed,3,5,2,1,0,0,0,-2,322
682,4,3,3,4,4,3,5,4,5,4,4,5,4,4,3,2,4,3,2,3,3,3,3,4,5,4,4,5,5,5,1,3,2,1,1,3,2,1,1,3,2,2,4,4,2,3,2,2,3,2,2,3,2,1,2,2,3,3.5,4.5,3.3333333333333335,3,4.666666666666667,1.8333333333333333,1.8333333333333333,2.857142857142857,2.125,2,18–24,21,<500,422.49260348555214,mixed,3,5,0,0,-3,-1,-1,-3,1
11,4,3,3,5,3,5,3,3,4,3,3,4,2,4,3,2,2,4,4,5,5,2,4,5,5,5,5,4,5,4,3,3,4,3,3,3,5,2,3,5,3,4,5,5,5,4,5,4,3,2,2,1,2,3,3,3,1,3.8333333333333335,3.3333333333333335,2.8333333333333335,4.166666666666667,4.666666666666667,3.1666666666666665,3.6666666666666665,4.428571428571429,2.125,2,65–69,67,1050–<1400,1212.4355652982142,mixed,3,5,2,3,0,-1,0,-2,1
219,4,5,4,4,5,5,5,4,2,3,5,4,3,4,4,5,3,4,3,3,3,5,3,3,4,4,4,4,3,5,3,4,3,4,4,3,4,5,4,4,4,3,5,4,4,5,5,5,3,4,3,3,2,3,3,3,3,4.5,3.8333333333333335,3.8333333333333335,3.3333333333333335,4,3.5,4,4.428571428571429,3,1,45–49,47,800–<1050,916.515138991168,mixed,3,5,-2,0,-1,-2,-1,0,
67,4,4,4,6,6,4,3,3,3,4,4,6,2,1,2,1,3,3,4,5,3,3,4,4,4,5,5,5,5,4,3,2,3,2,2,2,3,4,4,3,4,5,4,3,4,2,3,4,3,3,4,2,1,2,2,2,3,4.666666666666667,3.8333333333333335,2,3.8333333333333335,4.666666666666667,2.3333333333333335,3.8333333333333335,3.2857142857142856,2.375,2,45–49,47,2800+,5916.079783099616,left_leaning,3,5,1,-2,1,-3,-1,-1,1
585,4,6,6,6,5,6,2,4,2,4,2,3,3,2,4,3,2,3,3,3,3,3,3,3,6,4,5,4,3,5,5,3,3,3,2,2,5,5,3,5,4,4,4,5,5,2,6,5,3,1,2,1,2,3,2,2,3,5.5,2.8333333333333335,2.8333333333333335,3,4.5,3,4.333333333333333,4.285714285714286,2,1,45–49,47,1050–<1400,1212.4355652982142,left_leaning,3,5,-2,0,3,-1,-3,-1,1
366,5,5,5,3,3,6,6,6,6,6,6,5,4,3,3,4,3,4,3,3,2,3,2,3,4,5,4,4,6,4,2,2,3,3,2,3,1,2,3,2,1,2,4,3,4,2,5,2,2,1,2,3,2,3,1,1,3,4.5,5.833333333333333,3.5,2.6666666666666665,4.5,2.5,1.8333333333333333,3.142857142857143,2,2,50–54,52,630–<800,709.9295739719539,left_leaning,3,5,1,-1,0,-1,-3,0,802
324,2,6,3,4,3,4,3,3,3,5,4,3,4,4,4,5,5,5,3,4,4,4,3,4,6,6,6,6,4,5,4,2,4,3,3,3,4,2,2,3,3,4,4,2,3,4,3,4,5,3,4,4,2,3,3,1,3,3.6666666666666665,3.5,4.5,3.6666666666666665,5.5,3.1666666666666665,3,3.5714285714285716,2.875,1,45–49,47,500–<630,561.2486080160912,conservative_leaning,3,5,-1,1,-3,2,1,-2,1
14,6,4,5,6,5,4,2,3,3,3,3,2,2,3,3,2,3,3,5,2,4,3,3,3,6,6,4,5,6,6,4,3,3,3,4,3,5,3,3,2,5,3,6,6,5,5,6,4,5,3,4,2,3,3,2,2,2,5,2.6666666666666665,2.6666666666666665,3.3333333333333335,5.5,3.3333333333333335,3.5,5.285714285714286,2.625,1,45–49,47,630–<800,709.9295739719539,mixed,3,5,-1,0,-2,0,-1,-1,322
463,6,6,6,6,6,6,4,4,3,6,5,5,1,3,2,3,3,3,6,5,4,4,4,5,6,6,5,4,6,6,3,2,3,1,3,1,3,3,1,2,2,2,5,4,3,1,5,2,4,3,2,3,4,3,3,3,3,6,4.5,2.5,4.666666666666667,5.5,2.1666666666666665,2.1666666666666665,3.4285714285714284,3,1,40–44,42,800–<1050,916.515138991168,conservative_leaning,3,5,-1,1,0,0,0,0,1
629,4,3,5,4,6,4,2,3,4,4,4,2,4,2,3,2,2,2,3,3,3,2,5,4,3,5,4,4,5,5,3,2,3,2,2,1,4,3,3,4,3,3,2,4,5,3,4,3,3,2,2,2,2,3,2,2,1,4.333333333333333,3.1666666666666665,2.5,3.3333333333333335,4.333333333333333,2.1666666666666665,3.3333333333333335,3.4285714285714284,2,2,50–54,52,800–<1050,916.515138991168,mixed,3,5,-2,-2,-3,-2,-1,0,1
285,5,4,5,3,5,4,4,5,4,4,3,6,2,2,4,3,3,4,4,3,4,3,5,5,4,5,4,3,4,3,4,4,4,4,4,4,5,4,5,5,4,4,5,5,4,5,4,4,5,4,4,3,3,6,4,3,3,4.333333333333333,4.333333333333333,3,4,3.8333333333333335,4,4.5,4.571428571428571,3.75,1,35–39,37,<500,422.49260348555214,left_leaning,3,5,1,0,1,-2,0,-1,4
618,5,6,5,6,6,6,5,5,5,5,4,5,3,3,4,3,3,4,3,5,3,5,4,4,5,4,4,3,5,5,4,4,3,5,3,5,1,2,3,4,3,2,5,6,4,5,4,4,4,4,2,3,4,3,3,3,4,5.666666666666667,4.833333333333333,3.3333333333333335,4,4.333333333333333,4,2.5,4.571428571428571,3.25,1,18–24,21,1400–<2000,1673.320053068151,conservative_leaning,3,5,-2,2,0,-1,-1,0,4
253,3,5,5,4,4,5,4,4,5,3,4,4,2,2,3,2,2,2,4,3,3,4,3,3,5,5,6,3,3,5,2,1,1,4,1,1,1,1,2,1,4,3,3,5,3,2,2,4,4,4,4,3,3,3,2,3,2,4.333333333333333,4,2.1666666666666665,3.3333333333333335,4.5,1.6666666666666667,2,3.2857142857142856,3,1,60–64,62,2800+,5916.079783099616,mixed,3,5,2,1,0,-3,-2,0,
574,6,5,5,6,5,6,4,3,4,6,5,6,1,1,2,3,1,2,3,2,2,3,4,2,3,4,2,3,4,2,2,2,3,4,3,4,1,1,2,2,2,1,4,4,2,4,4,3,3,1,2,1,1,1,1,3,1,5.5,4.666666666666667,1.6666666666666667,2.6666666666666665,3,3,1.5,3.4285714285714284,1.375,1,45–49,47,2800+,5916.079783099616,left_leaning,3,5,-1,-1,1,-1,-3,0,4
770,3,4,3,2,4,3,2,3,2,4,3,3,2,4,4,3,2,2,1,5,3,3,3,4,3,3,2,6,4,3,2,4,3,3,4,3,2,1,3,2,2,2,3,4,4,3,3,4,4,2,2,3,3,1,3,2,1,3.1666666666666665,2.8333333333333335,2.8333333333333335,3.1666666666666665,3.5,3.1666666666666665,2,3.5714285714285716,2.125,2,35–39,37,<500,422.49260348555214,mixed,3,5,-1,-1,0,-1,-1,-1,
395,6,6,6,5,5,5,3,3,4,3,2,3,4,3,3,4,3,2,5,4,4,5,5,4,4,5,3,3,5,5,3,2,2,4,4,3,5,4,3,3,3,1,4,4,5,4,4,5,4,3,3,4,2,4,2,2,3,5.5,3,3.1666666666666665,4.5,4.166666666666667,3,3.1666666666666665,4.285714285714286,2.875,1,65–69,67,2000–<2800,2366.4319132398464,conservative_leaning,3,5,-2,1,-1,2,0,-3,1
191,5,3,4,2,4,4,4,5,4,4,4,5,3,3,2,3,2,1,5,4,4,4,4,3,4,3,3,3,3,3,4,4,4,4,3,3,4,3,3,2,3,3,4,4,4,3,4,4,4,3,3,3,3,4,4,3,4,3.6666666666666665,4.333333333333333,2.3333333333333335,4,3.1666666666666665,3.6666666666666665,3,3.857142857142857,3.375,1,50–54,52,2000–<2800,2366.4319132398464,left_leaning,3,5,1,-2,-1,-3,-2,0,6
758,2,3,3,4,3,3,3,3,3,3,4,3,2,3,3,3,3,4,3,5,2,3,2,4,3,3,3,2,3,3,2,3,2,1,3,1,3,3,2,5,2,3,3,3,4,3,4,5,4,2,1,1,2,2,1,3,2,3,3.1666666666666665,3,3.1666666666666665,2.8333333333333335,2,3,3.7142857142857144,1.75,1,45–49,47,<500,422.49260348555214,mixed,3,5,-2,-1,-3,-3,-1,-1,4
382,5,4,4,5,3,5,5,4,5,4,5,5,2,1,1,1,1,2,3,1,3,2,2,2,3,4,4,3,3,5,1,2,2,2,2,3,1,3,1,2,3,1,4,5,3,6,5,3,4,3,1,1,3,1,2,1,1,4.333333333333333,4.666666666666667,1.3333333333333333,2.1666666666666665,3.6666666666666665,2,1.8333333333333333,4.285714285714286,1.625,2,65–69,67,1050–<1400,1212.4355652982142,left_leaning,3,5,-2,0,0,-1,-1,1,6
719,6,4,4,4,4,5,4,4,4,4,4,3,5,3,5,3,4,3,6,4,4,3,5,3,4,3,5,5,3,3,2.830436756240139,2,3,3,4,2,2,3,2,3,3,3,2,4,2,2,1,4,3,4,3,3,2,3,3,3,3,4.5,3.8333333333333335,3.8333333333333335,4.166666666666667,3.8333333333333335,2.80507279270669,2.6666666666666665,2.5714285714285716,3,2,45–49,47,2800+,5916.079783099616,mixed,3,5,3,1,1,-3,-3,-2,4
403,4,6,3,4,5,5,4,5,3,4,4,4,3,3,2,2,3,1,2,4,4,3,4,4,4,4,6,5,3,5,2,2,2,3,3,4,3,4,4,2,3,4,3,5,4,4,4,4,3,4,3,2,2,2,3,2,3,4.5,4,2.3333333333333335,3.5,4.5,2.6666666666666665,3.3333333333333335,3.857142857142857,2.625,2,40–44,42,2800+,5916.079783099616,conservative_leaning,3,5,-3,-1,-1,1,0,-2,801
680,5,4,6,4,6,4,2,4,2,2,4,3,3,5,2,3,2,4,3,3,2,3,3,3,3,4,5,3,4,4,2,3,4,3,4,4,2,3,3,2,2,3,4,4,4,4,4,2,4,3,3,3,2,3,2,3,3,4.833333333333333,2.8333333333333335,3.1666666666666665,2.8333333333333335,3.8333333333333335,3.3333333333333335,2.5,3.7142857142857144,2.75,1,35–39,37,1050–<1400,1212.4355652982142,conservative_leaning,3,5,0,1,-3,1,-1,-2,1
755,3,4,3,4,5,4,4,5,3,3,4,2,2,3,2,2,2,3,3,3,3,4,5,5,4,4,3,5,5,3,3,4,3,3,3,2,4,4,5,3,3,4,5,3,5,4,6,5,4,3,3,3,3,2,2,3,4,3.8333333333333335,3.5,2.3333333333333335,3.8333333333333335,4,3,3.8333333333333335,4.571428571428571,2.875,2,40–44,42,1050–<1400,1212.4355652982142,conservative_leaning,3,5,-3,3,-2,-2,2,-3,1
519,6,5,3,4,5,6,2,3,4,3,3,2,1,1,1,2,2,2,4,2,4,2,3,4,4,4,4,3,3,4,3,3,4,3,4,4,3,4,5,5,3,4,4,4,5,5,3,4,5,2,4,3,2,2,3,4,3,4.833333333333333,2.8333333333333335,1.5,3.1666666666666665,3.6666666666666665,3.5,4,4.285714285714286,2.875,1,55–59,57,<500,422.49260348555214,mixed,3,5,0,-1,0,-2,-3,0,6
262,4,4,4,6,4,5,5,4,3,4,3,4,4,2,3,3,3,4,4,4,4,4,3,4,5,5,4,3,5,5,1,4,5,3,2,2,2,3,2,2,3,2,4,5,3,4,5,5,5,1,2,2,1,3,1,2,1,4.5,3.8333333333333335,3.1666666666666665,3.8333333333333335,4.5,2.8333333333333335,2.3333333333333335,4.428571428571429,1.625,2,50–54,52,630–<800,709.9295739719539,conservative_leaning,3,5,-2,3,-1,2,-2,0,1
546,5,5,5,5,5,4,4,5,5,4,4,4,3,4,4,4,3,4,5,3,5,4,4,5,4,4,4,5,5,5,2,4,4,2,2,2,3,2,3,3,4,4,2,2,2,4,2,4,5,3,2,3,3,3,2,4,4,4.833333333333333,4.333333333333333,3.6666666666666665,4.333333333333333,4.5,2.6666666666666665,3.1666666666666665,3,3,1,55–59,57,630–<800,709.9295739719539,left_leaning,3,5,3,0,0,-1,-3,1,7
684,3,5,3,2,3,2,3,5,4,5,4,3,2,1,2,2,3,2,3,3,3,3,2,2,3,4,3,3,4,5,3,4,4,4,4,5,2,3,3,2,3,3,4,5,4,5,6,5,4,3,3,3,4,2,3,1,4,3,4,2,2.6666666666666665,3.6666666666666665,4,2.6666666666666665,4.714285714285714,2.875,1,65–69,67,1050–<1400,1212.4355652982142,mixed,3,5,2,0,-1,1,-1,-1,1
272,3,4,5,5,4,4,4,3,4,3,4,3,1,2,3,2,1,2,3,3,4,1,3,4,4,4,3,4,5,5,4,2,3,2,3,4,4,3,3,3,3,3,1,4,4,2,3,2,3,2,3,3,2,4,5,3,2,4.166666666666667,3.5,1.8333333333333333,3,4.166666666666667,3,3.1666666666666665,2.7142857142857144,3,2,30–34,32,1050–<1400,1212.4355652982142,mixed,3,5,-2,1,0,3,0,1,392
653,5,6,4,4,4,5,4,5,3,4,4,3,4,3,3,2,1,2,4,2,3,2,3,4,3,3,4,3,3,2,3,4,3,3,2,1,3,3,1,4,4,3,3,4,6,4,6,5,5,4,2,1,2,3,2,1,3,4.666666666666667,3.8333333333333335,2.5,3,3,2.6666666666666665,3,4.714285714285714,2.25,1,50–54,52,<500,422.49260348555214,mixed,3,5,3,2,-2,-1,-2,-3,1
384,6,4,4,4,4,5,2,4,2,3,4,3,2,1,1,2,1,1,4,3,3,3,4,4,4,6,6,4,4,5,1,3,2,1,2,2,4,4,4,4,4,2,6,6,4,5,6,6,5,1,1,2,1,3,3,1,2,4.5,3,1.3333333333333333,3.5,4.833333333333333,1.8333333333333333,3.6666666666666665,5.428571428571429,1.75,2,35–39,37,2800+,5916.079783099616,mixed,3,5,2,-1,1,1,-2,1,322
303,4,4,2,1,5,4,4,3,5,4,6,5,2,2,4,3,4,3,5,2,4,3,3,3,2,4,3,3,2,4,3,4,4,3,2,3,3,1,2,2,2,3,5,2,3,3,4,4,4,2,2,3,3,2,2,1,2,3.3333333333333335,4.5,3,3.3333333333333335,3,3.1666666666666665,2.1666666666666665,3.5714285714285716,2.125,2,40–44,42,2800+,5916.079783099616,conservative_leaning,3,5,-2,1,-3,-2,-1,-3,322
155,6,6,4,5,6,4,4,4,3,4,2,5,1,1,3,2,1,1,3,2,3,1,4,3,5,3,4,5,3,4,2,3,3,2,2,1,3,5,4,3,3,4,3,4,4,3,4,5,4,2,2,2,3,3,2,2,3,5.166666666666667,3.6666666666666665,1.5,2.6666666666666665,4,2.1666666666666665,3.6666666666666665,3.857142857142857,2.375,2,65–69,67,2800+,5916.079783099616,left_leaning,3,5,1,-3,-2,-2,-2,1,1
344,6,4,5,6,5,4,2,3,4,4,4,4,4,3,3,4,3,3,3,4,3,4,3,3,4,6,5,5,4,5,4,3,3,3,3,4,3,2,3,4,2,1,4,3,4,5,3,5,4,2,2,2,3,2,2,1,2,5,3.5,3.3333333333333335,3.3333333333333335,4.833333333333333,3.3333333333333335,2.5,4,2,1,45–49,47,1400–<2000,1673.320053068151,left_leaning,3,5,2,-1,-1,-1,-1,0,392
255,6,5,5,4,3,4,5,4,5,6,3,4,3,4,3,3,3,3,3,4,3,3,3,4,5,4,3,5,5,5,4,2,2,2,4,2,2,1,3,2,2,3,5,3,5,5,4,5,5,3,1,2,2,3,1,1,3,4.5,4.5,3.1666666666666665,3.3333333333333335,4.5,2.6666666666666665,2.1666666666666665,4.571428571428571,2,2,50–54,52,2800+,5916.079783099616,left_leaning,3,5,-1,0,0,0,-2,1,392
274,4,6,5,5,5,5,4,6,6,5,6,3,1,1,1,2,3,2,4,1,4,3,4,4,4,4,4,4,3,4,3,2,3,2,3,2,4,6,4,4,4,4,6,5,6,5,6,6,6,1,3,1,2,1,1,3,1,5,5,1.6666666666666667,3.3333333333333335,3.8333333333333335,2.5,4.333333333333333,5.714285714285714,1.625,2,35–39,37,800–<1050,916.515138991168,left_leaning,3,5,0,-2,1,-3,-2,-1,6
746,5,3,1,2,4,2,4,5,3,4,3,4,2,3,2,1,3,3,5,4,3,3,3,3,3,3,2,3,4,3,3,3,3,3,4,4,3,3,3,4,4,4,4,3,4,2,2,3,4,3,1,2,3,4,3,4,3,2.8333333333333335,3.8333333333333335,2.3333333333333335,3.5,3,3.3333333333333335,3.5,3.142857142857143,2.875,1,25–29,27,2000–<2800,2366.4319132398464,mixed,3,5,-2,-3,0,-2,0,-3,1
163,5,5,6,6,6,6,5,4,5,3,4,4,4,2,1,4,4,3,4,3,3,3,2,2,4,3,5,4,5,5,4,3,3,3,3,4,4,2,1,3,2,1,5,5,4,2,5,3,3,2,1,2,1,2,2,1,1,5.666666666666667,4.166666666666667,3,2.8333333333333335,4.333333333333333,3.3333333333333335,2.1666666666666665,3.857142857142857,1.5,2,35–39,37,2000–<2800,2366.4319132398464,mixed,3,5,1,-2,-1,1,-2,-2,1
578,6,6,5,5,6,5,4,4,4,4,5,4,2,3,3,3,3,3,5,3,5,3,4,5,5,5,6,3,5,4,4,4,3,2,5,2,2,3,2,3,1,3,4,4,3,4,5,5,5,4,3,3,3,2,3,2,3,5.5,4.166666666666667,2.8333333333333335,4.166666666666667,4.666666666666667,3.3333333333333335,2.3333333333333335,4.285714285714286,2.875,2,35–39,37,1400–<2000,1673.320053068151,left_leaning,3,5,1,-2,1,0,-3,1,6
333,5,5,6,6,5,4,2,4,4,4,4,5,1,2,2,2,2,1,4,5,5,3,4,5,5,6,3,5,3,5,5,4,4,3,4,3,2,3,3,4,4,4,5,5,5,5,5,5,5,1,2,1,1,1,2,2,2,5.166666666666667,3.8333333333333335,1.6666666666666667,4.333333333333333,4.5,3.8333333333333335,3.3333333333333335,5,1.5,2,60–64,62,<500,422.49260348555214,mixed,3,5,-3,0,-2,-2,-2,-1,1
646,5,4,5,2,6,2,4,4,3,3,3,4,4,2,5,3,5,3,4,5,3,5,4,2,4,4,4,5,3,3,2,2,2,3,5,4,3,2,3,4,4,3,4,4,4,4,5,5,5,1,2,3,4,3,2,1,2,4,3.5,3.6666666666666665,3.8333333333333335,3.8333333333333335,3,3.1666666666666665,4.428571428571429,2.25,1,40–44,42,800–<1050,916.515138991168,left_leaning,3,5,2,-1,0,-3,-3,2,4
732,4,6,3,5,4,5,3,5,3,2,4,3,2,2,2,4,2,3,4,4,4,3,3,5,3,5,5,4,4,5,4,4,3,2,3,3,3,2,3,2,3,2,5,4,4,3,4,5,4,4,4,3,4,3,3,3,3,4.5,3.3333333333333335,2.5,3.8333333333333335,4.333333333333333,3.1666666666666665,2.5,4.142857142857143,3.375,1,40–44,42,500–<630,561.2486080160912,mixed,3,5,1,2,-2,0,-1,2,
85,4,3,4,3,5,4,3,4,3,4,4,2,3,2,2,3,2,1,2,3,2,1,3,3,4,4,5,4,3,4,3,3,4,3,4,4,3,4,3,4,4,4,5,4,6,4,4,4,6,3,2,3,2,2,5,3,2,3.8333333333333335,3.3333333333333335,2.1666666666666665,2.3333333333333335,4,3.5,3.6666666666666665,4.714285714285714,2.75,1,30–34,32,2000–<2800,2366.4319132398464,mixed,3,5,0,-2,-3,-1,-1,-2,
464,5,6,4,5,6,5,4,3,4,5,3,3,2,4,3,4,1,2,2,3,2,3,2,2,5,5,5,5,4,4,2,3,2,3,3,3,2,3,4,3,3,3,5,5,5,5,6,6,6,1,1,2,1,1,2,2,2,5.166666666666667,3.6666666666666665,2.6666666666666665,2.3333333333333335,4.666666666666667,2.6666666666666665,3,5.428571428571429,1.5,2,50–54,52,1050–<1400,1212.4355652982142,conservative_leaning,3,5,-2,1,-2,0,1,-2,
459,4,5,4,5,4,4,1,2,3,3,1,2,2,3,3,3,1,2,2,2,2,3,4,1,3,3,4,2,2,3,4,3,2,3,2,3,4,4,5,5,4,4,6,4,6,4,5,3,5,3,4,4,4,4,3,3,3,4.333333333333333,2,2.3333333333333335,2.3333333333333335,2.8333333333333335,2.8333333333333335,4.333333333333333,4.714285714285714,3.5,1,40–44,42,500–<630,561.2486080160912,mixed,3,5,-1,-1,-2,0,-1,-1,6
293,4,4,3,4,4,4,2,3,3,1,4,1,3,3,3,5,4,5,4,4,4,5,3,3,4,3,3,4,3,2,3,3,4,4,4,4,2,3,2,3,3,3,4,4,4,4,3,5,4,3,4,3,4,5,4,3,4,3.8333333333333335,2.3333333333333335,3.8333333333333335,3.8333333333333335,3.1666666666666665,3.6666666666666665,2.6666666666666665,4,3.75,1,40–44,42,2800+,5916.079783099616,conservative_leaning,3,5,-3,1,-2,0,0,-2,801
171,4,4,5,5,5,6,5,3,3,3,4,4,2,3,2,1,2,2,5,4,3,5,3,4,5,3,3,5,5,3,3,4,3,4,3,5,3,1,3,2,4,3,6,5,4,4,3,5,5,2,2,2,2,2,3,2,1,4.833333333333333,3.6666666666666665,2,4,4,3.6666666666666665,2.6666666666666665,4.571428571428571,2,2,60–64,62,500–<630,561.2486080160912,left_leaning,3,5,2,-2,2,-3,-3,1,392
327,4,5,4,5,4,6,3,2,4,3,4,4,2,3,4,3,3,4,2,2,3,2,5,4,5,4,4,5,5,5,4,3,4,3,3,3,2,3,3,1,2,2,4,5,2,4,3,4,3,3,2,4,4,3,2,1,4,4.666666666666667,3.3333333333333335,3.1666666666666665,3,4.666666666666667,3.3333333333333335,2.1666666666666665,3.5714285714285716,2.875,2,40–44,42,<500,422.49260348555214,conservative_leaning,3,5,-2,-1,-1,1,1,-3,
261,5,3,3,3,4,3,3,4,3,3,3,4,3,4,4,3,3,4,3,4,4,4,2,4,5,4,4,5,4,4,2,2,1,2,3,3,3,3,3,2,2,3,3,5,3,3,3,4,2,1,4,2,3,3,4,3,3,3.5,3.3333333333333335,3.5,3.5,4.333333333333333,2.1666666666666665,2.6666666666666665,3.2857142857142856,2.875,2,18–24,21,500–<630,561.2486080160912,conservative_leaning,3,5,-1,3,-1,1,-2,-1,322
328,5,4,4,4,3,2,4,4,4,4,5,4,3,3,4,2,3,4,2,4,3,3,4,3,4,6,4,5,5,6,2,3,3,3,4,5,1,4,2,2,3,1,3,3,3,3,3,2,4,2,2,3,3,3,2,2,2,3.6666666666666665,4.166666666666667,3.1666666666666665,3.1666666666666665,5,3.3333333333333335,2.1666666666666665,3,2.375,1,40–44,42,2800+,5916.079783099616,left_leaning,3,5,3,-1,0,-3,-3,0,7
683,4,4,2,4,3,6,3,5,6,4,3,4,3,3,4,4,2,4,4,3,2,3,3,3,4,5,4,3,2,4,2,3,2,3,4,2,2,3,3,4,3,2,3,5,3,3,4,4,3,2,4,2,3,3,3,3,4,3.8333333333333335,4.166666666666667,3.3333333333333335,3,3.6666666666666665,2.6666666666666665,2.8333333333333335,3.5714285714285716,3,2,45–49,47,<500,422.49260348555214,mixed,3,5,1,1,-3,-1,-3,-3,322
624,6,6,6,6,6,5,3,4,4,4,3,2,4,4,3,3,3,3,4,5,4,5,4,4,5,4,5,5,6,5,5,4,2,3,4,3,5,4,4,4,4,5,6,5,6,5,5,5,5,3,3,2,1,2,3,3,3,5.833333333333333,3.3333333333333335,3.3333333333333335,4.333333333333333,5,3.5,4.333333333333333,5.285714285714286,2.5,2,50–54,52,1050–<1400,1212.4355652982142,left_leaning,3,5,1,-2,-3,0,-2,0,1
564,4,4,4,5,4,5,4,5,5,4,5,3,2,3,1,2,1,1,4,4,3,4,6,4,5,5,4,4,5,6,3,2,3,2,3,3,3,3,4,2,3,3,4,5,3,4,3,5,4,3,2,1,4,3,3,3,2,4.333333333333333,4.333333333333333,1.6666666666666667,4.166666666666667,4.833333333333333,2.6666666666666665,3,4,2.625,1,18–24,21,1050–<1400,1212.4355652982142,mixed,3,5,2,2,0,1,-1,-3,1
111,6,5,5,5,5,5,3,4,4,4,3,4,1,3,3,4,2,3,3,3,2,2,3,3,6,5,3,3,5,5,3,5,5,4,5,5,4,5,4,5,5,3,5,4,6,5,5,4,6,4,4,3,4,3,3,2,3,5.166666666666667,3.6666666666666665,2.6666666666666665,2.6666666666666665,4.5,4.5,4.333333333333333,5,3.25,1,25–29,27,<500,422.49260348555214,mixed,3,5,-1,1,1,-3,-2,-1,
658,4,5,4,5,6,5,4,5,5,4,5,5,4,4,3,3,5,3,6,5,6,5,6,5,5,5,5,6,5,6,2,1,4,1,3,2,2,2,2,2,1,2,4,2,2,3,3,3,3,2,2,3,3,4,4,3,2,4.833333333333333,4.666666666666667,3.6666666666666665,5.5,5.333333333333333,2.1666666666666665,1.8333333333333333,2.857142857142857,2.875,2,40–44,42,2800+,5916.079783099616,left_leaning,3,5,2,-2,-2,-3,-3,2,6
257,4,3,4,3,3,3,5,4,5,4,4,4,2,3,3,2,3,3,4,3,4,3,4,5,4,4,3,1,5,5,3,3,3,3,3,3,3,3,3,2,2,1,3,3,3,4,5,3,4,4,4,2,2,1,2,3,3,3.3333333333333335,4.333333333333333,2.6666666666666665,3.8333333333333335,3.6666666666666665,3,2.3333333333333335,3.5714285714285716,2.625,1,30–34,32,<500,422.49260348555214,mixed,3,5,2,1,1,-1,-2,1,
468,5,5,4,4,4,4,3,5,5,5,4,4,3,1,5,2,2,4,4,4,5,3,5,4,4,5,4,5,4,4,2,2,1,2,3,3,2,4,3,2,3,3,4,4,4,4,5,3,4,2,3,2,4,4,3,2,3,4.333333333333333,4.333333333333333,2.8333333333333335,4.166666666666667,4.333333333333333,2.1666666666666665,2.8333333333333335,4,2.875,1,65–69,67,2800+,5916.079783099616,mixed,3,5,-1,1,1,0,0,-2,1
697,4,5,5,4,4,3,2,3,4,5,4,4,2,3,4,3,2,4,4,5,5,4,4,4,6,4,4,6,6,6,2,4,3,3,2,2,3,3,3,2,3,3,3,3,4,4,4,4,4,3,2,2,3,3,2,1,1,4.166666666666667,3.6666666666666665,3,4.333333333333333,5.333333333333333,2.6666666666666665,2.8333333333333335,3.7142857142857144,2.125,1,50–54,52,2800+,5916.079783099616,conservative_leaning,3,5,-1,1,-2,2,-1,-3,322
91,5,6,2,5,6,6,5,6,4,4,5,4,3,3,3,2,3,3,2,4,3,2,3,4,3,4,4,5,3,3,3,3,4,3,3,5,2,3,1,4,2,2,5,4,4,3,4,4,4,4,6,5,4,4,4,2,3,5,4.666666666666667,2.8333333333333335,3,3.6666666666666665,3.5,2.3333333333333335,4,4,1,55–59,57,<500,422.49260348555214,conservative_leaning,3,5,-1,3,0,2,0,-3,
282,6,6,6,5,6,5,6,4,4,4,4,4,3,3,3,2,4,3,5,5,4,6,4,5,5,5,6,6,5,6,3,5,4,2,3,4,3,4,2,4,2,4,5,4,5,5,4,4,5,3,4,4,3,3,3,4,4,5.666666666666667,4.333333333333333,3,4.833333333333333,5.5,3.5,3.1666666666666665,4.571428571428571,3.5,2,55–59,57,1400–<2000,1673.320053068151,left_leaning,3,5,-2,0,1,-3,-3,0,6
112,6,6,6,5,5,6,4,5,3,4,4,3,1,2,2,2,3,2,3,3,4,4,3,5,4,4,4,4,5,5,4,4,3,4,3,2,2,3,1,2,3,2,4,3,3,2,5,3,3,3,2,3,1,2,3,3,2,5.666666666666667,3.8333333333333335,2,3.6666666666666665,4.333333333333333,3.3333333333333335,2.1666666666666665,3.2857142857142856,2.375,1,40–44,42,<500,422.49260348555214,mixed,3,5,1,2,-1,0,0,-3,1
306,6,6,5,6,3,6,3,4,3,2,2,3,2,2,1,4,2,1,4,2,3,3,4,3,4,4,5,3,5,4,2,1,1,3,1,1,4,2,3,2,3,3,5,6,4,6,5,6,6,1,2,1,1,1,3,1,1,5.333333333333333,2.8333333333333335,2,3.1666666666666665,4.166666666666667,1.5,2.8333333333333335,5.428571428571429,1.375,2,40–44,42,2800+,5916.079783099616,left_leaning,3,5,0,-3,2,-2,-3,0,
355,5,4,5,4,4,5,4,5,4,4,3,3,3,1,1,1,1,2,2,3,2,2,4,4,5,4,5,4,4,6,2,2,2,3,3,2,2,2,3,2,2,3,5,4,5,3,5,4,4,2,1,2,2,1,1,1,2,4.5,3.8333333333333335,1.5,2.8333333333333335,4.666666666666667,2.3333333333333335,2.3333333333333335,4.285714285714286,1.5,2,30–34,32,1400–<2000,1673.320053068151,conservative_leaning,3,5,-1,2,-3,-1,0,-1,1
240,5,4,4,6,4,3,3,1,2,1,3,1,2,3,2,3,2,2,2,3,3,3,3,4,3,4,4,4,5,3,2,3,2,3,2,3,3,4,3,3,2,4,6,4,5,4,5,4,4,3,4,3,3,3,3,2,4,4.333333333333333,1.8333333333333333,2.3333333333333335,3,3.8333333333333335,2.5,3.1666666666666665,4.571428571428571,3.125,1,40–44,42,2000–<2800,2366.4319132398464,mixed,3,5,-1,-1,0,-2,0,-2,1
227,6,4,3,5,5,5,5,4,4,4,5,4,2,1,2,2,3,2,4,3,3,4,2,4,3,4,3,4,3,4,3,2,2,4,3,3,1,2,3,4,2,2,5,1,3,4,3,4,3,3,5,4,3,3,5,3,3,4.666666666666667,4.333333333333333,2,3.3333333333333335,3.5,2.8333333333333335,2.3333333333333335,3.2857142857142856,3.625,2,35–39,37,2800+,5916.079783099616,left_leaning,3,5,3,-2,1,-3,-2,-1,
113,6,6,5,5,5,4,2,1,1,2,3,2,1,2,2,2,2,2,5,6,3,5,6,4,4,6,6,4,5,4,2,4,4,3,3,4,3,3,3,1,2,4,5,5,5,5,4,5,4,2,3,3,3,3,2,2,2,5.166666666666667,1.8333333333333333,1.8333333333333333,4.833333333333333,4.833333333333333,3.3333333333333335,2.6666666666666665,4.714285714285714,2.5,2,65–69,67,800–<1050,916.515138991168,left_leaning,3,5,1,0,-2,-2,-1,-1,6
101,6,6,6,4,5,5,5,4,4,3,4,4,4,2,1,3,2,1,3,2,3,2,2,4,5,5,4,5,5,6,4,3,3,3,2,3,3,2,3,4,4,3,6,4,4,2,4,5,5,2,2,2,2,2,2,2,2,5.333333333333333,4,2.1666666666666665,2.6666666666666665,5,3,3.1666666666666665,4.285714285714286,2,1,50–54,52,1400–<2000,1673.320053068151,conservative_leaning,3,5,-3,2,-1,2,-3,-1,322
765,6,6,6,6,5,6,4,3,3,3,4,4,2,2,1,2,2,3,5,5,4,5,4,4,6,5,6,6,6,6,2,2,3,3,3,2,2,3,4,3,2,2,5,6,4,4,3,4,3,4,3,2,2,3,3,3,1,5.833333333333333,3.5,2,4.5,5.833333333333333,2.5,2.6666666666666665,4.142857142857143,2.625,1,35–39,37,1400–<2000,1673.320053068151,left_leaning,3,5,-1,-1,0,-2,-1,1,4
443,4,5,4,4,4,3,4,3,3,4,4,3,1,1,3,2,4,2,3,3,5,3,3,4,3,5,4,4,4,4,4,3,4,5,5,4,2,3,3,3,3,4,3,4,4,4,3,5,4,2,4,2,3,3,2,2,1,4,3.5,2.1666666666666665,3.5,4,4.166666666666667,3,3.857142857142857,2.375,2,25–29,27,2000–<2800,2366.4319132398464,conservative_leaning,3,5,-2,2,0,-1,0,-3,1
488,4,5,4,5,3,4,5,4,4,2,4,4,3,3,3,4,4,3,4,5,5,4,4,4,6,5,3,3,5,5,3,4,4,2,3,1,3,1,1,1,1,2,4,4,4,4,3,3,4,5,4,4,5,4,2,5,4,4.166666666666667,3.8333333333333335,3.3333333333333335,4.333333333333333,4.5,2.8333333333333335,1.5,3.7142857142857144,4.125,1,30–34,32,630–<800,709.9295739719539,conservative_leaning,3,5,0,2,-3,0,-2,-3,4
737,4,4,4,2,3,5,3,4,4,4,4,4,2,2,4,3,1,3,4,1,3,2,2,1,3,2,2,2,3,3,3,5,4,2,4,3,4,4,4,4,3,4,4,5,4,5,3,4,4,2,3,2,1,1,1,1,2,3.6666666666666665,3.8333333333333335,2.5,2.1666666666666665,2.5,3.5,3.8333333333333335,4.142857142857143,1.625,2,40–44,42,500–<630,561.2486080160912,left_leaning,3,5,-3,-1,-1,-2,-3,1,1
70,5,4,5,3,4,3,3,4,4,3,4,3,3,3,3,2,3,3,5,5,4,3,4,4,4,3,3,3,4,1,3,5,5,4,4,4,4,4,3,3,4,3,5,5,5,5,5,6,5,3,2,2,3,3,2,2,1,4,3.5,2.8333333333333335,4.166666666666667,3,4.166666666666667,3.5,5.142857142857143,2.25,1,50–54,52,1050–<1400,1212.4355652982142,mixed,3,5,1,1,-2,1,-1,-1,
773,5,2,4,5,5,5,2,3,3,3,5,1,1,2,2,2,2,1,4,5,4,2,3,3,4,5,5,4,3,4,2,3,2,2,2,2,4,4,4,3,3,5,5,5,5,5,4,4,4,4,3,2,1,1,1,2,3,4.333333333333333,2.8333333333333335,1.6666666666666667,3.5,4.166666666666667,2.1666666666666665,3.8333333333333335,4.571428571428571,2.125,2,65–69,67,2800+,5916.079783099616,mixed,3,5,-1,-1,-1,-3,-2,-2,1
756,3,3,5,4,3,3,4,3,4,4,4,3,1,3,1,1,3,2,4,3,2,4,3,4,3,4,3,2,2,3,3,4,4,5,4,4,1,2,3,3,4,2,4,3,5,6,3,5,3,2,4,2,3,4,3,2,4,3.5,3.6666666666666665,1.8333333333333333,3.3333333333333335,2.8333333333333335,4,2.5,4.142857142857143,3,1,55–59,57,1050–<1400,1212.4355652982142,conservative_leaning,3,5,0,3,-2,0,0,-2,322
526,4,3,3,3,6,5,2,3,4,4,2,3,5,4,4,4,5,4,3,4,2,4,4,4,4,5,6,5,4,6,4,4,3,4,3,5,3,2,3,2,3,3,4,5,5,4,4,4,3,3,1,2,1,3,2,1,2,4,3,4.333333333333333,3.5,5,3.8333333333333335,2.6666666666666665,4.142857142857143,1.875,2,30–34,32,2000–<2800,2366.4319132398464,conservative_leaning,3,5,-2,-1,-3,2,-3,-1,322
764,5,4,6,3,5,5,4,4,3,5,4,5,3,4,5,5,3,2,5,4,5,5,5,4,5,5,4,4,6,6,2,3,3,2,5,3,3,4,4,5,4,4,5,4,5,5,5,3,4,1,4,4,3,4,3,3,3,4.666666666666667,4.166666666666667,3.6666666666666665,4.666666666666667,5,3,4,4.428571428571429,3.125,2,40–44,42,500–<630,561.2486080160912,left_leaning,3,5,-1,-1,-3,0,-3,1,6
476,6,6,6,5,4,6,2,3,3,5,6,3,3,3,3,4,3,4,4,3,3,5,3,4,4,4,3,5,3,4,4,4,5,4,6,5,2,3,5,1,2,3,5,4,5,3,5,5,4,4,3,4,4,3,4,2,3,5.5,3.6666666666666665,3.3333333333333335,3.6666666666666665,3.8333333333333335,4.666666666666667,2.6666666666666665,4.428571428571429,3.375,2,45–49,47,800–<1050,916.515138991168,mixed,3,5,-2,0,0,0,-1,-2,1
16,5,4,4,5,4,4,3,3,3,3,3,3,2,2,3,3,1,3,3,4,2,4,3,3,5,4,5,4,6,6,2,3,4,2,4,4,3,3,2,1,2,3,3,5,3,5,3,4,5,1,3,3,3,3,3,3,2,4.333333333333333,3,2.3333333333333335,3.1666666666666665,5,3.1666666666666665,2.3333333333333335,4,2.625,1,35–39,37,2800+,5916.079783099616,left_leaning,3,5,1,-1,-3,0,-2,-2,4
544,4,3,4,3,5,4,4,4,4,4,2,2,1,3,2,3,1,2,3,4,2,3,4,3,5,6,5,4,5,5,2,1,3,2,2,1,2,5,3,4,3,4,5,4,4,4,3,4,4,2,1,2,1,2,1,2,1,3.8333333333333335,3.3333333333333335,2,3.1666666666666665,5,1.8333333333333333,3.5,4,1.5,2,65–69,67,630–<800,709.9295739719539,conservative_leaning,3,5,-2,2,-1,-3,-3,0,4
55,5,5,6,5,4,6,5,3,4,3,5,4,4,3,4,3,4,3,5,4,3,6,5,5,5,5,6,5,5,6,3,1,2,3,2,2,2,3,1,2,3,1,3,3,3,4,3,4,3,2,1,2,3,3,1,4,4,5.166666666666667,4,3.5,4.666666666666667,5.333333333333333,2.1666666666666665,2,3.2857142857142856,2.5,2,30–34,32,1050–<1400,1212.4355652982142,mixed,3,5,1,1,-1,-1,0,0,4
32,6,6,6,6,6,6,5,6,5,5,5,5,3,4,3,2,2,3,3,5,5,4,5,3,5,5,4,5,5,5,4,5,4,4,4,3,4,4,3,4,4,3,5,4,4,4,5,4,6,1,2,2,2,2,3,2,1,6,5.166666666666667,2.8333333333333335,4.166666666666667,4.833333333333333,4,3.6666666666666665,4.571428571428571,1.875,2,35–39,37,630–<800,709.9295739719539,mixed,3,5,-1,-1,0,-2,-1,-1,392
617,5,6,6,5,6,6,4,4,4,5,3,3,2,2,2,3,2,3,3,2,4,3,5,4,6,5,6,6,6,5,3,4,3,3,4,1,3,4,4,3,3,3,5,5,6,5,6,5,5,4,3,1,3,4,1,4,3,5.666666666666667,3.8333333333333335,2.3333333333333335,3.5,5.666666666666667,3,3.3333333333333335,5.285714285714286,2.875,2,50–54,52,500–<630,561.2486080160912,conservative_leaning,3,5,-1,1,-3,0,-2,-3,
250,5,6,6,5,6,6,4,3,2,3,4,3,3,3,3,5,5,3,4,3,3,2,3,3,4,6,5,5,5,4,4,1,1,2,2,2,4,3,4,4,3,4,4,5,6,4,4,4,5,3,3,2,4,3,3,3,3,5.666666666666667,3.1666666666666665,3.6666666666666665,3,4.833333333333333,2,3.6666666666666665,4.571428571428571,3,1,35–39,37,1050–<1400,1212.4355652982142,mixed,3,5,3,0,-1,1,-1,-1,5
760,6,6,6,4,6,5,4,2,4,2,3,2,3,2,2,3,2,2,3,3,3,3,2,4,4,6,4,5,4,4,2,3,2,3,2,3,2,2,1,2,2,1,5,2,3,4,4,5,6,3,2,2,2,3,3,4,3,5.5,2.8333333333333335,2.3333333333333335,3,4.5,2.5,1.6666666666666667,4.142857142857143,2.75,1,65–69,67,<500,422.49260348555214,left_leaning,3,5,-3,-1,1,-1,-3,-1,322
499,3,6,3,4,4,6,4,6,4,4,6,6,1,3,4,3,3,3,5,3,5,4,5,3,3,4,3,4,3,2,4,6,4,4,3,4,2,2,3,4,2,3,3,6,5,5,5,5,5,6,4,5,5,6,6,4,5,4.333333333333333,5,2.8333333333333335,4.166666666666667,3.1666666666666665,4.166666666666667,2.6666666666666665,4.857142857142857,5.125,1,50–54,52,1400–<2000,1673.320053068151,conservative_leaning,3,5,-1,1,-1,1,0,-3,322
3,5,6,5,5,5,5,5,5,5,4,5,5,4,5,4,5,3,4,4,5,6,5,5,5,6,4,6,5,5,4,4,3,4,4,5,2,3,1,4,2,2,2,2,2,3,4,4,4,4,3,2,2,3,2,3,3,2,5.166666666666667,4.833333333333333,4.166666666666667,5,5,3.6666666666666665,2.3333333333333335,3.2857142857142856,2.5,2,65–69,67,1050–<1400,1212.4355652982142,mixed,3,5,1,1,-1,0,0,-1,1
133,3,4,5,6,5,5,4,4,4,3,4,3,3,2,3,2,4,3,3,3,3,5,3,5,4,4,3,4,3,5,4,5,5,4,4,4,3,3,4,4,4,5,4,4,4,5,4,4,4,4,4,4,3,2,4,3,4,4.666666666666667,3.6666666666666665,2.8333333333333335,3.6666666666666665,3.8333333333333335,4.333333333333333,3.8333333333333335,4.142857142857143,3.5,1,30–34,32,<500,422.49260348555214,mixed,3,5,-2,3,-1,3,3,1,1
308,5,6,5,5,4,5,5,6,5,4,5,5,3,4,4,2,5,5,4,4,6,4,4,3,5,4,3,4,4,5,3,4,4,3,4,3,2,3,3,3,3,3,2,3,3,5,2,4,4,2,4,2,1,2,2,2,3,5,5,3.8333333333333335,4.166666666666667,4.166666666666667,3.5,2.8333333333333335,3.2857142857142856,2.25,2,65–69,67,1400–<2000,1673.320053068151,left_leaning,3,5,-1,-3,1,-1,-3,0,1
688,6,6,5,5,5,4,4,4,4,5,4,5,3,5,3,3,3,3,3,3,3,3,4,3,6,3,4,5,5,5,3,3,4,5,3,2,4,2,3,2,3,2,4,4,2,4,2,4,3,1,1,3,2,2,3,2,2,5.166666666666667,4.333333333333333,3.3333333333333335,3.1666666666666665,4.666666666666667,3.3333333333333335,2.6666666666666665,3.2857142857142856,2,1,65–69,67,2000–<2800,2366.4319132398464,conservative_leaning,3,5,0,3,-2,0,1,-2,6
672,4,3,4,4,6,5,3,5,4,4,4,4,3,3,1,2,2,3,4,3,3,5,3,3,3,3,3,2,4,3,2,4,4,3,4,3,4,3,4,3,4,2,6,4,6,4,5,5,4,4,2,2,2,2,3,3,3,4.333333333333333,4,2.3333333333333335,3.5,3,3.3333333333333335,3.3333333333333335,4.857142857142857,2.625,1,35–39,37,1050–<1400,1212.4355652982142,left_leaning,3,5,0,-2,1,-3,-3,1,7
494,4,6,4,4,4,4,5,5,5,5,4,5,3,3,3,3,2,2,2,3,3,4,3,4,4,5,4,4,5,4,3,2,2,1,2,3,3,2,3,4,2,3,5,6,5,4,6,4,5,2,4,3,3,3,2,3,3,4.333333333333333,4.833333333333333,2.6666666666666665,3.1666666666666665,4.333333333333333,2.1666666666666665,2.8333333333333335,5,2.875,2,35–39,37,500–<630,561.2486080160912,conservative_leaning,3,5,-1,2,0,0,-1,-3,5
276,3,5,4,3,4,3,5,3,4,4,3,4,5,3,3,4,4,4,4,4,3,5,5,3,4,3,4,3,3,3,5,2,4,3,4,3,2,2,2,2,3,4,3,4,4,5,4,4,5,2,2,3,3,2,3,3,2,3.6666666666666665,3.8333333333333335,3.8333333333333335,4,3.3333333333333335,3.5,2.5,4.142857142857143,2.5,1,18–24,21,1400–<2000,1673.320053068151,conservative_leaning,3,5,-1,2,-2,1,-3,-1,
131,6,5,6,5,5,5,4,4,3,5,2,3,3,4,3,4,4,3,4,4,4,3,4,2,3,3,2,4,3,3,3,2,2,3,4,3,4,3,2,2,4,3,5,4,3,6,5,4,4,3,1,3,1,3,3,1,2,5.333333333333333,3.5,3.5,3.5,3,2.8333333333333335,3,4.428571428571429,2.125,2,45–49,47,2000–<2800,2366.4319132398464,mixed,3,5,-1,-2,0,-1,-1,-1,4
36,6,6,5,5,6,5,4,4,4,3,5,3,3,4,3,4,2,2,2,3,3,3,3,3,4,5,5,3,4,4,2,4,2,2,3,3,4,3,2,3,2,2,5,4,5,3,5,5,5,3,2,2,2,2,1,2,1,5.5,3.8333333333333335,3,2.8333333333333335,4.166666666666667,2.6666666666666665,2.6666666666666665,4.571428571428571,1.875,2,50–54,52,1050–<1400,1212.4355652982142,left_leaning,3,5,2,0,-1,-2,-3,-2,4
473,5,6,4,5,6,5,4,3,5,5,5,4,2,3,2,4,3,3,5,4,5,4,3,4,3,4,6,3,4,5,3,2,4,4,4,3,3,3,4,4,3,2,5,5,6,5,5,6,5,1,2,4,2,1,1,3,2,5.166666666666667,4.333333333333333,2.8333333333333335,4.166666666666667,4.166666666666667,3.3333333333333335,3.1666666666666665,5.285714285714286,2,2,25–29,27,2000–<2800,2366.4319132398464,mixed,3,5,1,1,-1,-3,-1,2,
106,5,5,6,5,5,4,4,4,4,3,2,3,2,5,4,3,4,3,4,3,3,4,3,6,3,5,4,3,4,3,4,4,3,3,2,2,3,4,3,3,2,2,3,3,4,3,3,4,4,2,2,3,2,3,4,2,2,5,3.3333333333333335,3.5,3.8333333333333335,3.6666666666666665,3,2.8333333333333335,3.4285714285714284,2.5,2,35–39,37,1050–<1400,1212.4355652982142,mixed,3,5,-3,-1,-2,-1,-1,-3,1
483,3,4,3,4,3,4,3,4,4,3,3,3,2,1,1,2,1,2,3,4,3,5,4,4,4,4,3,4,5,3,2,2,4,3,3,4,3,3,2,3,2,2,4,3,3,4,2,2,5,2,2,2,4,2,3,4,3,3.5,3.3333333333333335,1.5,3.8333333333333335,3.8333333333333335,3,2.5,3.2857142857142856,2.75,1,60–64,62,<500,422.49260348555214,conservative_leaning,3,5,0,3,-3,0,-1,-1,
2,4,5,4,5,6,4,5,4,5,4,4,4,4,3,4,3,3,3,6,6,5,6,4,5,3,5,4,5,6,4,2,4,4,4,2,1,3,1,3,2,3,3,4,5,4,4,5,4,4,3,4,3,3,2,4,3,5,4.666666666666667,4.333333333333333,3.3333333333333335,5.333333333333333,4.5,2.8333333333333335,2.5,4.285714285714286,3.375,1,60–64,62,630–<800,709.9295739719539,mixed,3,5,0,-1,-1,-3,-2,-1,322
193,4,3,4,3,4,3,3,3,2,3,3,3,3,1,3,4,3,3,2,5,4,2,4,3,4,4,4,5,4,4,4,4,3,4,4,3,3,3,4,5,6,4,4,3,5,4,4,3,4,2,3,3,2,2,2,4,2,3.5,2.8333333333333335,2.8333333333333335,3.3333333333333335,4.166666666666667,3.6666666666666665,4.166666666666667,3.857142857142857,2.5,1,40–44,42,1050–<1400,1212.4355652982142,mixed,3,5,-1,0,-2,0,-2,0,6
551,5,4,4,6,5,4,3,3,4,5,4,5,3,4,2,4,2,3,4,4,4,4,3,4,3,3,3,5,3,5,3,4,2,3,3,2,3,3,2,3,1,1,5,5,3,5,5,4,3,1,1,1,2,1,3,1,1,4.666666666666667,4,3,3.8333333333333335,3.6666666666666665,2.8333333333333335,2.1666666666666665,4.285714285714286,1.375,2,25–29,27,2000–<2800,2366.4319132398464,left_leaning,3,5,1,-3,1,-1,-3,1,
120,6,6,5,5,5,5,5,4,3,2,3,2,1,3,3,1,1,2,3,4,4,3,3,4,4,4,4,5,4,4,6,6,6,5,6,6,3,3,5,3,5,4,6,5,6,5,5,3,5,3,2,2,3,3,4,4,3,5.333333333333333,3.1666666666666665,1.8333333333333333,3.5,4.166666666666667,5.833333333333333,3.8333333333333335,5,3,2,45–49,47,800–<1050,916.515138991168,mixed,3,5,0,0,1,1,-3,0,4
5,4,3,3,3,4,3,4,4,3,4,1,3,4,2,2,4,3,3,3,4,4,4,4,4,3,4,4,4,4,5,2,4,3,5,4,3,2,6,3,4,3,5,6,6,5,5,4,5,6,3,2,3,2,2,2,2,3,3.3333333333333335,3.1666666666666665,3,3.8333333333333335,4,3.5,3.8333333333333335,5.285714285714286,2.375,1,50–54,52,500–<630,561.2486080160912,mixed,3,5,-3,-1,-3,-3,0,-2,
354,5,5,5,6,5,6,4,5,4,5,6,6,2,4,3,2,4,3,3,4,3,3,3,2,5,6,6,6,5,6,4,4,2,2,4,4,3,3,3,1,3,3,2,3,2,2,1,3,1,2,1,1,2,1,1,2,1,5.333333333333333,5,3,3,5.666666666666667,3.3333333333333335,2.6666666666666665,2,1.375,2,18–24,21,2800+,5916.079783099616,left_leaning,3,5,2,-2,3,0,-3,0,6
678,4,3,3,5,3,2,3,3,3,4,4,3,3,3,2,2,3,2,4,6,4,4,5,4,6,4,4,5,4,5,2,4,3,2,2,3,3,4,4,2,2,4,3,5,5,3,4,5,5,2,3,3,4,3,3,2,3,3.3333333333333335,3.3333333333333335,2.5,4.5,4.666666666666667,2.6666666666666665,3.1666666666666665,4.285714285714286,2.875,1,50–54,52,800–<1050,916.515138991168,mixed,3,5,-1,0,-2,-1,0,-2,
750,3,5,4,4,3,3,3,2,3,2,2,3,4,3,3,2,1,3,5,4,4,4,4,4,3,5,4,3,4,4,3,3,2,4,3,2,6,3,6,5,5,4,5,4,5,3,6,6,4,3,3,2,3,1,2,2,3,3.6666666666666665,2.5,2.6666666666666665,4.166666666666667,3.8333333333333335,2.8333333333333335,4.833333333333333,4.714285714285714,2.375,2,18–24,21,1050–<1400,1212.4355652982142,left_leaning,3,5,-1,-3,2,-2,-3,0,
62,4,3,3,3,5,4,4,4,4,4,4,4,2,4,1,2,3,1,4,4,4,5,4,4,5,4,4,5,4,4,4,3,2,5,3,2,2,4,2,3,2,3,4,4,3,5,5,3,4,3,1,1,4,3,2,2,2,3.6666666666666665,4,2.1666666666666665,4.166666666666667,4.333333333333333,3.1666666666666665,2.6666666666666665,4,2.25,2,45–49,47,<500,422.49260348555214,mixed,3,5,-1,-1,-1,-3,-2,0,1
124,5,5,4,5,4,5,5,5,4,4,4,5,3,2,3,4,3,1,4,4,3,4,5,6,4,3,5,4,4,4,4,2,3,4,3,3,3,3,3,5,3,5,4,3,5,4,5,4,4,3,4,4,4,2,3,5,5,4.666666666666667,4.5,2.6666666666666665,4.333333333333333,4,3.1666666666666665,3.6666666666666665,4.142857142857143,3.75,2,30–34,32,630–<800,709.9295739719539,mixed,3,5,-3,-2,0,0,0,-3,
644,6,6,5,5,5,5,4,4,3,3,4,4,3,3,2,2,3,1,3,4,4,3,4,4,4,3,6,2,4,4,2,4,4,3,6,4,2,4,4,3,3,3,5,5,5,4,5,5,6,2,3,3,4,3,3,2,3,5.333333333333333,3.6666666666666665,2.3333333333333335,3.6666666666666665,3.8333333333333335,3.8333333333333335,3.1666666666666665,5,2.875,2,30–34,32,1050–<1400,1212.4355652982142,conservative_leaning,3,5,-2,1,-3,2,-1,-1,4
725,6,4,6,5,4,6,4,4,3,3,4,3,4,4,3,3,4,2,5,4,4,5,4,4,5,4,5,4,6,5,4,3,4,4,4,4,1,3,4,1,1,1,3,5,1,2,5,3,3,1,2,1,2,3,2,1,2,5.166666666666667,3.5,3.3333333333333335,4.333333333333333,4.833333333333333,3.8333333333333335,1.8333333333333333,3.142857142857143,1.75,2,35–39,37,1400–<2000,1673.320053068151,left_leaning,3,5,-2,-1,0,0,-1,1,7
432,3,4,5,4,6,4,4,3,4,3,4,3,4,4,4,2,5,5,4,5,4,4,5,3,5,5,5,2,4,4,5,6,4,3,4,4,1,1,1,1,1,1,2,4,2,5,3,3,4,1,3,3,3,2,1,2,1,4.333333333333333,3.5,4,4.166666666666667,4.166666666666667,4.333333333333333,1,3.2857142857142856,2,2,25–29,27,<500,422.49260348555214,mixed,3,5,2,1,-2,0,-1,-2,392
34,4,4,6,5,4,5,4,4,4,3,4,4,4,4,5,4,4,3,5,4,4,6,5,4,4,4,5,4,2,6,3,3,2,1,1,3,3,2,4,3,3,4,3,5,5,6,5,6,5,3,3,2,3,3,3,4,2,4.666666666666667,3.8333333333333335,4,4.666666666666667,4.166666666666667,2.1666666666666665,3.1666666666666665,5,2.875,2,45–49,47,800–<1050,916.515138991168,mixed,3,5,-1,2,2,-1,-1,1,4
666,5,4,6,6,4,4,4,4,3,4,2,3,3,2,3,2,4,2,4,6,4,6,5,4,4,5,5,5,3,5,4,5,4,2,3,3,2,2,3,3,3,2,4,4,4,4,4,5,3,1,1,2,3,2,2,4,2,4.833333333333333,3.3333333333333335,2.6666666666666665,4.833333333333333,4.5,3.5,2.5,4,2.125,2,65–69,67,<500,422.49260348555214,left_leaning,3,5,-2,-2,1,0,-3,-3,6
484,5,5,3,5,4,5,2,2,2,2,2,3,1,1,2,2,1,1,5,2,3,3,3,3,2,5,4,2,4,4,2,2,3,1,2,2,4,3,3,3,5,4,4,5,6,3,5,4,6,1,2,2,1,1,1,2,1,4.5,2.1666666666666665,1.3333333333333333,3.1666666666666665,3.5,2,3.6666666666666665,4.714285714285714,1.375,2,50–54,52,1050–<1400,1212.4355652982142,mixed,3,5,-1,0,1,1,-3,-2,6
189,6,5,6,5,6,6,4,5,6,4,4,4,4,3,3,2,1,2,4,5,2,3,4,4,5,5,5,5,3,2,4,3,3,4,3,5,3,2,3,1,2,4,4,5,3,4,5,4,4,1,2,3,3,2,4,3,2,5.666666666666667,4.5,2.5,3.6666666666666665,4.166666666666667,3.6666666666666665,2.5,4.142857142857143,2.5,2,30–34,32,1050–<1400,1212.4355652982142,left_leaning,3,5,-1,-3,0,-3,-3,2,1
325,4,6,5,4,3,6,4,4,4,3,2,3,2,1,2,3,3,3,3,3,4,3,4,4,4,5,5,3,5,3,4,3,3,4,4,3,3,2,2,1,2,1,4,4,4,4,3,3,3,3,3,4,2,3,3,2,2,4.666666666666667,3.3333333333333335,2.3333333333333335,3.5,4.166666666666667,3.5,1.8333333333333333,3.5714285714285716,2.75,1,65–69,67,1400–<2000,1673.320053068151,conservative_leaning,3,5,-3,1,0,-1,-1,-3,322
72,6,6,6,6,6,6,6,6,5,4,4,5,5,3,3,5,4,2,6,4,5,5,3,5,4,6,5,6,6,4,2,1,2,1,1,1,2,1,1,3,1,1,3,2,2,2,3,3,2,3,4,3,3,4,2,2,4,6,5,3.6666666666666665,4.666666666666667,5.166666666666667,1.3333333333333333,1.5,2.4285714285714284,3.125,1,40–44,42,1050–<1400,1212.4355652982142,mixed,3,5,2,1,-1,0,-1,-3,1
445,5,3,3,4,5,5,3,4,3,5,3,4,2,2,1,2,1,2,4,2,2,2,2,4,2,4,4,3,4,2,2,5,4,4,3,4,1,5,5,2,3,3,4,4,5,5,4,5,4,1,2,3,2,1,2,2,1,4.166666666666667,3.6666666666666665,1.6666666666666667,2.6666666666666665,3.1666666666666665,3.6666666666666665,3.1666666666666665,4.428571428571429,1.75,2,55–59,57,2800+,5916.079783099616,mixed,3,5,2,1,-3,0,0,-2,1
531,3,4,5,6,6,5,4,4,4,4,6,3,3,4,2,2,3,1,3,5,3,5,4,5,4,6,4,4,3,5,1,2,4,3,4,2,2,2,2,2,2,2,4,4,4,4,3,3,5,3,2,3,2,2,3,2,1,4.833333333333333,4.166666666666667,2.5,4.166666666666667,4.333333333333333,2.6666666666666665,2,3.857142857142857,2.25,2,25–29,27,1400–<2000,1673.320053068151,mixed,3,5,-1,0,-3,-3,-1,0,4
127,6,4,5,5,5,4,6,5,5,5,5,4,2,3,4,4,4,2,4,3,3,5,3,4,5,6,4,5,6,3,4,2,3,5,4,3,2,3,3,4,2,3,3,4,4,4,4,3,4,3,2,3,2,4,3,2,2,4.833333333333333,5,3.1666666666666665,3.6666666666666665,4.833333333333333,3.5,2.8333333333333335,3.7142857142857144,2.625,2,30–34,32,<500,422.49260348555214,left_leaning,3,5,1,-1,-2,0,-2,-2,1
406,6,4,3,5,5,5,5,4,3,3,4,5,1,1,2,3,1,2,5,5,5,6,4,3,5,4,4,5,5,3,2,1,3,1,3,2,4,5,4,4,4,4,5,6,6,4,6,5,4,1,1,1,2,2,2,3,1,4.666666666666667,4,1.6666666666666667,4.666666666666667,4.333333333333333,2,4.166666666666667,5.142857142857143,1.625,2,65–69,67,2000–<2800,2366.4319132398464,left_leaning,3,5,3,-1,-1,-1,-2,-2,1
449,5,5,6,6,5,5,4,4,4,4,4,3,3,3,3,2,4,4,4,3,4,4,6,5,5,6,2,5,3,5,3,2,4,3,3,3,3,4,2,4,3,3,5,4,5,3,5,3,4,3,3,4,3,4,3,2,3,5.333333333333333,3.8333333333333335,3.1666666666666665,4.333333333333333,4.333333333333333,3,3.1666666666666665,4.142857142857143,3.125,1,45–49,47,1050–<1400,1212.4355652982142,left_leaning,3,5,1,0,0,-2,-1,1,7
8,6,6,5,5,5,3,6,6,5,4,5,6,2,2,3,2,3,4,4,5,5,6,6,6,5,4,4,5,5,5,3,2,4,4,2,2,1,1,3,2,3,3,3,3,2,4,2,3,1,2,2,2,3,2,1,2,2,5,5.333333333333333,2.6666666666666665,5.333333333333333,4.666666666666667,2.8333333333333335,2.1666666666666665,2.5714285714285716,2,2,45–49,47,800–<1050,916.515138991168,conservative_leaning,3,5,-3,1,-3,1,-1,-3,322
563,5,3,5,4,4,4,4,4,3,3,4,3,2,3,2,4,3,4,4,2,3,3,4,4,4,4,3,3,4,3,3,3,4,5,4,3,3,4,3,4,3,2,5,5,5,5,3,4,3,3,4,3,4,4,2,3,4,4.166666666666667,3.5,3,3.3333333333333335,3.5,3.6666666666666665,3.1666666666666665,4.285714285714286,3.375,1,60–64,62,1400–<2000,1673.320053068151,left_leaning,3,5,-1,-2,2,-3,-2,2,801
702,5,6,6,3,5,6,6,3,5,5,5,6,2,4,3,4,2,3,3,4,4,3,3,4,5,5,3,4,3,4,3,2,2,3,2,2,2,1,2,2,3,3,3,3,3,5,3,4,2,3,4,2,2,3,3,2,3,5.166666666666667,5,3,3.5,4,2.3333333333333335,2.1666666666666665,3.2857142857142856,2.75,1,35–39,37,<500,422.49260348555214,mixed,3,5,-3,-1,-2,-2,0,-3,1
615,6,3,5,5,6,6,5,3,5,6,4,4,3,3,3,3,3,3,5,5,5,5,5,5,6,5,5,6,5,5,2,3,4,3,3,2,2,2,2,3,2,3,2,4,5,4,3,4,3,2,2,2,2,2,3,3,1,5.166666666666667,4.5,3,5,5.333333333333333,2.8333333333333335,2.3333333333333335,3.5714285714285716,2.125,2,65–69,67,630–<800,709.9295739719539,mixed,3,5,0,-2,-1,-1,-3,-1,4
176,6,5,5,4,3,5,5,3,4,3,4,4,2,3,3,3,3,3,4,3,4,3,3,4,6,4,4,3,4,5,3,2,3,3,5,4,2,2,2,3,4,4,3,4,4,5,4,4,4,3,4,3,3,3,4,3,2,4.666666666666667,3.8333333333333335,2.8333333333333335,3.5,4.333333333333333,3.3333333333333335,2.8333333333333335,4,3.125,2,65–69,67,<500,422.49260348555214,left_leaning,3,5,0,0,0,-2,-2,2,6
745,6,6,5,5,4,6,4,3,5,3,4,4,3,3,3,3,2,2,5,3,4,5,3,3,4,6,6,6,6,5,5,4,2,3,3,4,4,3,3,4,4,4,4,4,3,3,3,3,4,2,1,3,3,5,2,3,3,5.333333333333333,3.8333333333333335,2.6666666666666665,3.8333333333333335,5.5,3.5,3.6666666666666665,3.4285714285714284,2.75,1,25–29,27,<500,422.49260348555214,mixed,3,5,-1,0,-1,0,0,0,1
607,4,4,4,4,3,5,3,4,5,6,5,5,2,3,2,4,2,3,2,2,3,5,3,3,4,4,4,3,3,4,3,5,4,5,2,5,2,2,3,4,4,3,3,4,4,4,4,5,3,4,3,3,2,4,3,2,3,4,4.666666666666667,2.6666666666666665,3,3.6666666666666665,4,3,3.857142857142857,3,1,60–64,62,2800+,5916.079783099616,conservative_leaning,3,5,-1,0,0,1,-2,-1,4
521,5,3,5,5,4,6,3,3,4,4,4,2,2,1,1,1,2,1,4,3,3,4,3,3,4,4,6,3,3,4,3,3,3,3,2,2,2,3,3,3,3,2,2,5,4,3,4,3,4,2,2,2,2,2,3,2,2,4.666666666666667,3.3333333333333335,1.3333333333333333,3.3333333333333335,4,2.6666666666666665,2.6666666666666665,3.5714285714285716,2.125,1,50–54,52,800–<1050,916.515138991168,mixed,3,5,-3,0,0,-2,-2,-1,802
397,5,6,6,5,4,4,3,2,3,4,5,2,1,4,4,3,2,4,3,4,5,2,4,4,4,4,3,5,4,5,4,3,3,3,4,4,3,3,2,3,3,3,4,6,5,2,4,5,5,3,4,2,5,2,4,2,5,5,3.1666666666666665,3,3.6666666666666665,4.166666666666667,3.5,2.8333333333333335,4.428571428571429,3.375,2,18–24,21,2800+,5916.079783099616,conservative_leaning,3,5,0,2,-2,0,-3,-3,7
492,6,5,4,5,5,6,3,3,2,4,4,1,3,2,1,2,3,2,2,5,3,3,2,3,4,4,2,4,3,3,4,3,4,2,3,3,3,2,3,3,3,2,4,3,6,5,5,4,4,1,3,3,3,2,3,2,3,5.166666666666667,2.8333333333333335,2.1666666666666665,3,3.3333333333333335,3.1666666666666665,2.6666666666666665,4.428571428571429,2.5,2,65–69,67,2000–<2800,2366.4319132398464,conservative_leaning,3,5,-2,1,-2,-1,-1,-2,1
142,5,5,3,5,4,4,3,3,4,4,4,6,4,3,4,2,4,3,3,4,4,3,4,4,6,4,4,5,6,5,4,3,4,4,2,4,4,3,3,1,1,2,5,3,3,5,2,5,4,3,1,3,3,3,2,2,3,4.333333333333333,4,3.3333333333333335,3.6666666666666665,5,3.5,2.3333333333333335,3.857142857142857,2.5,2,30–34,32,1400–<2000,1673.320053068151,mixed,3,5,1,1,0,3,-3,0,801
742,4,4,5,5,3,4,4,3,3,4,4,3,2,2,1,3,1,2,5,3,2,3,4,4,4,5,3,4,2,4,2,3,4,2,2,4,4,3,4,3,2,3,3,4,6,4,4,5,4,3,3,4,4,3,4,1,1,4.166666666666667,3.5,1.8333333333333333,3.5,3.6666666666666665,2.8333333333333335,3.1666666666666665,4.285714285714286,2.875,1,55–59,57,500–<630,561.2486080160912,mixed,3,5,2,1,-1,0,-2,-1,392
222,4,3,5,4,5,5,3,4,5,4,4,5,2,3,2,3,3,3,3,4,4,2,3,4,5,5,6,6,5,5,3,1,2,3,3,2,2,3,2,1,1,4,4,5,4,3,4,5,4,3,2,2,2,2,2,2,2,4.333333333333333,4.166666666666667,2.6666666666666665,3.3333333333333335,5.333333333333333,2.3333333333333335,2.1666666666666665,4.142857142857143,2.125,2,55–59,57,1400–<2000,1673.320053068151,mixed,3,5,2,2,1,0,-1,-1,392
599,4,3,4,3,5,4,4,2,3,3,4,4,4,4,4,4,2,2,3,3,3,4,4,3,6,5,6,3,4,3,3,2,4,4,3,2,1,2,3,3,3,3,4,3,5,4,5,3,4,3,3,1,3,4,3,2,3,3.8333333333333335,3.3333333333333335,3.3333333333333335,3.3333333333333335,4.5,3,2.5,4,2.75,1,30–34,32,1050–<1400,1212.4355652982142,mixed,3,5,1,1,-1,-1,-1,-1,
284,6,6,5,6,5,6,4,4,3,3,3,3,3,2,3,3,2,1,3,3,3,2,4,3,3,4,4,5,3,5,1,2,3,3,3,2,5,4,4,4,2,3,3,3,6,4,4,3,5,2,2,1,3,1,3,3,2,5.666666666666667,3.3333333333333335,2.3333333333333335,3,4,2.3333333333333335,3.6666666666666665,4,2.125,2,55–59,57,<500,422.49260348555214,left_leaning,3,5,-1,-2,3,0,-3,2,6
50,4,3,5,4,5,4,4,3,3,3,5,4,3,4,3,4,4,4,3,3,4,4,4,5,5,6,5,6,6,6,4,4,4,4,3,3,4,4,3,3,4,3,4,4,5,5,5,4,5,5,5,4,5,5,4,3,5,4.166666666666667,3.6666666666666665,3.6666666666666665,3.8333333333333335,5.666666666666667,3.6666666666666665,3.5,4.571428571428571,4.5,1,45–49,47,1400–<2000,1673.320053068151,mixed,3,5,3,-1,-1,-2,1,-1,6
71,4,4,4,3,5,3,3,2,5,5,3,4,1,4,3,3,2,2,3,4,3,3,3,3,3,4,3,4,5,5,3,4,4,3,3,3,4,4,3,2,5,2,4,3,4,3,2,4,3,2,4,3,3,3,2,5,4,3.8333333333333335,3.6666666666666665,2.5,3.1666666666666665,4,3.3333333333333335,3.3333333333333335,3.2857142857142856,3.25,1,60–64,62,2800+,5916.079783099616,conservative_leaning,3,5,-2,3,-1,-1,-2,-1,
180,5,3,5,5,5,4,3,4,3,4,4,3,3,3,3,3,2,4,3,3,3,3,3,3,4,4,6,4,4,4,2,2,3,1,1,2,3,3,4,1,4,3,5,5,5,5,5,5,5,3,2,2,3,1,2,2,1,4.5,3.5,3,3,4.333333333333333,1.8333333333333333,3,5,2,1,50–54,52,630–<800,709.9295739719539,left_leaning,3,5,2,0,0,0,-1,0,
104,5,5,4,4,6,6,5,4,2,3,4,4,4,2,4,3,4,4,4,3,4,3,5,3,5,4,3,6,4,4,6,3,5,5,4,4,3,4,3,2,2,4,4,4,5,4,4,4,4,4,4,4,5,3,4,5,4,5,3.6666666666666665,3.5,3.6666666666666665,4.333333333333333,4.5,3,4.142857142857143,4.125,1,40–44,42,<500,422.49260348555214,mixed,3,5,1,1,-1,-3,-2,0,1
386,4,5,5,5,5,4,3,5,4,5,3,4,2,3,4,3,2,3,5,5,4,5,6,5,4,4,4,6,5,6,1,2,3,2,1,1,2,3,2,3,4,2,4,3,4,4,3,4,2,4,4,3,3,2,4,3,3,4.666666666666667,4,2.8333333333333335,5,4.833333333333333,1.6666666666666667,2.6666666666666665,3.4285714285714284,3.25,2,18–24,21,2800+,5916.079783099616,conservative_leaning,3,5,0,0,-3,1,0,-2,1
639,5,6,5,5,5,5,3,4,4,2,2,5,4,3,4,4,5,3,5,6,4,4,6,3,5,5,4,4,5,5,2,3,3,3,3,3,4,4,4,2,4,2,3,5,3,3,4,3,3,2,3,2,3,3,3,2,3,5.166666666666667,3.3333333333333335,3.8333333333333335,4.666666666666667,4.666666666666667,2.8333333333333335,3.3333333333333335,3.4285714285714284,2.625,1,40–44,42,800–<1050,916.515138991168,mixed,3,5,-2,-1,-2,0,0,-2,1
319,5,6,5,4,5,4,3,3,3,3,3,3,3,3,3,2,2,2,3,5,3,3,5,6,4,5,4,4,5,5,3,3,2,4,3,3,2,3,3,2,1,3,5,4,4,4,5,4,3,2,3,3,2,2,3,2,2,4.833333333333333,3,2.5,4.166666666666667,4.5,3,2.3333333333333335,4.142857142857143,2.375,2,30–34,32,2000–<2800,2366.4319132398464,left_leaning,3,5,2,0,-1,0,-2,-2,
517,4,3,5,5,4,3,3,3,4,4,2,2,4,4,3,5,3,4,5,6,3,5,3,4,4,4,5,4,4,4,5,5,5,3,3,3,4,5,4,4,5,4,2,4,5,4,4,4,4,3,1,3,1,2,4,1,3,4,3,3.8333333333333335,4.333333333333333,4.166666666666667,4,4.333333333333333,3.857142857142857,2.25,1,45–49,47,2000–<2800,2366.4319132398464,left_leaning,3,5,-2,-1,-1,-1,-1,1,5
204,4,4,4,5,4,3,1,2,2,2,1,4,1,1,2,1,1,1,4,4,2,2,4,4,5,4,4,3,4,4,2,1,2,3,4,2,3,2,2,3,2,3,4,4,4,4,5,6,4,3,2,4,5,4,3,3,4,4,2,1.1666666666666667,3.3333333333333335,4,2.3333333333333335,2.5,4.428571428571429,3.5,1,35–39,37,1400–<2000,1673.320053068151,left_leaning,3,5,0,-1,1,-2,-2,-1,4
286,4,5,6,5,5,5,3,3,2,3,5,4,4,2,2,2,3,2,3,3,2,2,3,4,4,4,6,6,5,5,2,2,1,1,2,1,2,4,4,2,3,2,4,6,4,5,4,4,6,3,3,4,3,4,3,2,2,5,3.3333333333333335,2.5,2.8333333333333335,5,1.5,2.8333333333333335,4.714285714285714,3,1,50–54,52,2000–<2800,2366.4319132398464,left_leaning,3,5,0,-1,1,-3,-3,0,4
715,5,6,5,6,5,5,3,2,4,3,3,1,3,3,3,3,4,4,4,4,5,4,3,3,4,4,5,3,3,4,5,4,5,5,5,5,5,5,3,5,5,4,6,5,6,5,6,6,5,4,5,3,3,5,5,4,5,5.333333333333333,2.6666666666666665,3.3333333333333335,3.8333333333333335,3.8333333333333335,4.833333333333333,4.5,5.571428571428571,4.25,1,45–49,47,2000–<2800,2366.4319132398464,left_leaning,3,5,1,-1,0,-3,-2,0,1
604,6,6,5,6,6,6,5,4,6,6,6,5,2,2,1,1,3,1,6,4,4,4,4,4,4,4,4,4,4,4,2,2,1,3,3,3,2,3,3,2,3,2,3,4,3,4,3,2,3,2,3,3,3,3,4,3,3,5.833333333333333,5.333333333333333,1.6666666666666667,4.333333333333333,4,2.3333333333333335,2.5,3.142857142857143,3,1,45–49,47,2800+,5916.079783099616,left_leaning,3,5,0,0,1,-2,-2,0,801
442,5,6,4,5,4,6,4,6,4,4,4,5,4,2,4,4,3,4,5,4,5,5,6,4,4,5,3,4,4,6,3,4,4,5,4,3,2,2,1,3,2,2,4,2,3,4,4,3,4,4,3,4,3,3,3,2,2,5,4.5,3.5,4.833333333333333,4.333333333333333,3.8333333333333335,2,3.4285714285714284,3,2,55–59,57,<500,422.49260348555214,left_leaning,3,5,2,0,-1,-1,-3,1,
433,4,5,4,3,3,3,1,3,4,4,4,2,2,2,3,1,3,2,3,3,2,3,4,2,4,4,4,2,3,2,4,3,2,3,2,3,3,2,3,3,3,2,5,4,5,3,6,5,5,4,3,2,2,3,3,2,2,3.6666666666666665,3,2.1666666666666665,2.8333333333333335,3.1666666666666665,2.8333333333333335,2.6666666666666665,4.714285714285714,2.625,1,65–69,67,800–<1050,916.515138991168,left_leaning,3,5,-1,-1,1,-1,-1,-2,1
669,2,3,4,4,2,2,5,4,3,2,3,4,3,2,4,2,2,3,3,4,4,5,3,3,3,4,2,3,5,4,3,4,2,2,3,2,3,4,2,4,3,4,4,5,4,3,3,5,2,2,3,3,3,2,3,2,1,2.8333333333333335,3.5,2.6666666666666665,3.6666666666666665,3.5,2.6666666666666665,3.3333333333333335,3.7142857142857144,2.375,1,45–49,47,1050–<1400,1212.4355652982142,conservative_leaning,3,5,-2,1,-2,0,-2,-2,801
109,3,5,3,3,2,2,4,4,2,3,4,2,3,4,3,2,3,3,2,5,5,5,3,4,5,4,3,2,4,2,3,2,3,4,3,3,4,1,5,6,2,2,3,4,4,3,4,4,5,1,3,1,1,3,2,2,2,3,3.1666666666666665,3,4,3.3333333333333335,3,3.3333333333333335,3.857142857142857,1.875,1,65–69,67,2800+,5916.079783099616,left_leaning,3,5,-1,-2,-1,-2,-3,2,4
63,6,6,6,6,6,6,6,4,5,6,4,3,3,3,3,3,1,4,2,3,3,3,3,4,5,5,3,5,4,6,2,2,2,3,3,3,2,2,2,3,2,1,5,3,4,4,3,4,5,4,3,2,2,3,2,3,2,6,4.666666666666667,2.8333333333333335,3,4.666666666666667,2.5,2,4,2.625,2,30–34,32,<500,422.49260348555214,mixed,3,5,2,1,-1,-1,-2,0,1
663,4,4,5,4,5,5,4,4,3,2,3,3,1,3,2,3,1,2,3,5,4,6,4,5,5,4,4,5,4,4,1,2,2,3,3,2,3,2,2,3,4,1,6,3,3,5,4,5,5,1,1,2,3,2,1,1,1,4.5,3.1666666666666665,2,4.5,4.333333333333333,2.1666666666666665,2.5,4.428571428571429,1.5,2,18–24,21,1050–<1400,1212.4355652982142,mixed,3,5,-1,-2,-1,-1,-2,-2,392
728,5,6,6,5,6,5,5,5,4,4,4,4,4,4,5,5,6,4,3,3,4,2,3,4,5,4,5,5,5,3,4,4,4,3,3,5,4,5,3,4,3,3,3,5,5,4,6,4,5,4,2,3,5,4,2,3,2,5.5,4.333333333333333,4.666666666666667,3.1666666666666665,4.5,3.8333333333333335,3.6666666666666665,4.571428571428571,3.125,1,55–59,57,2000–<2800,2366.4319132398464,left_leaning,3,5,3,-3,3,-3,-3,2,1
622,6,5,4,5,5,6,4,4,2,4,5,3,1,2,2,1,1,3,5,4,3,4,3,3,4,5,2,4,5,5,3,3,2,4,3,2,3,5,3,4,3,5,3,5,5,4,4,3,3,3,4,2,3,1,3,3,3,5.166666666666667,3.6666666666666665,1.6666666666666667,3.6666666666666665,4.166666666666667,2.8333333333333335,3.8333333333333335,3.857142857142857,2.75,2,45–49,47,<500,422.49260348555214,mixed,3,5,0,1,1,-2,0,-2,801
612,5,4,5,5,5,4,6,5,6,6,5,5,4,5,6,4,6,6,5,4,5,4,4,3,5,5,5,5,6,4,3,4,3,5,4,3,1,3,3,3,1,2,3,4,3,3,4,4,4,3,5,4,5,5,4,3,5,4.666666666666667,5.5,5.166666666666667,4.166666666666667,5,3.6666666666666665,2.1666666666666665,3.5714285714285716,4.25,1,45–49,47,1400–<2000,1673.320053068151,conservative_leaning,3,5,-1,2,-2,0,0,-1,5
263,4,5,5,4,5,4,4,3,3,4,4,3,3,2,2,1,3,3,3,2,3,4,2,4,5,4,5,6,5,5,3,2,1,2,2,3,3,2,3,2,4,2,2,2,3,3,3,3,3,2,3,4,2,2,4,3,4,4.5,3.5,2.3333333333333335,3,5,2.1666666666666665,2.6666666666666665,2.7142857142857144,3,1,55–59,57,1050–<1400,1212.4355652982142,conservative_leaning,3,5,-1,2,-1,-3,-3,-2,1
35,4,3,6,4,5,6,4,6,5,5,6,4,4,1,3,3,2,1,3,4,4,5,4,5,4,6,4,5,5,6,4,3,3,3,3,2,4,2,2,3,3,3,5,4,4,4,4,3,3,1,2,3,3,4,3,2,2,4.666666666666667,5,2.3333333333333335,4.166666666666667,5,3,2.8333333333333335,3.857142857142857,2.5,1,40–44,42,<500,422.49260348555214,conservative_leaning,3,5,-1,0,-1,1,-1,-3,1
379,5,3,4,4,3,5,2,3,2,3,2,2,3,4,3,3,3,2,2,3,4,4,3,2,3,5,5,3,5,4,4,3,4,4,3,1,2,3,3,4,2,4,5,5,5,4,5,5,5,2,3,3,3,4,3,3,3,4,2.3333333333333335,3,3,4.166666666666667,3.1666666666666665,3,4.857142857142857,3,1,30–34,32,1400–<2000,1673.320053068151,left_leaning,3,5,1,-1,0,-1,-2,-1,392
139,5,5,3,4,3,5,4,4,4,4,3,4,2,3,2,4,3,4,2,2,4,3,3,6,5,5,6,4,4,4,3,4,3,4,4,4,1,3,2,2,2,3,4,4,3,3,4,4,4,3,2,3,2,2,2,2,2,4.166666666666667,3.8333333333333335,3,3.3333333333333335,4.666666666666667,3.6666666666666665,2.1666666666666665,3.7142857142857144,2.25,1,55–59,57,1050–<1400,1212.4355652982142,conservative_leaning,3,5,-1,1,-1,-1,-2,0,1
608,5,5,6,4,5,4,6,5,6,6,6,6,3,4,3,2,2,3,4,4,3,4,3,5,4,4,3,6,4,4,4,5,4,4,5,3,2,1,3,3,2,3,3,4,3,3,4,4,3,3,3,3,2,2,3,2,3,4.833333333333333,5.833333333333333,2.8333333333333335,3.8333333333333335,4.166666666666667,4.166666666666667,2.3333333333333335,3.4285714285714284,2.625,1,40–44,42,800–<1050,916.515138991168,conservative_leaning,3,5,0,0,0,1,0,-3,
539,5,6,5,5,6,5,3,5,4,4,5,4,3,2,1,3,2,4,3,3,3,3,5,4,4,6,6,6,6,4,3,3,4,4,2,3,4,3,2,4,4,3,4,4,5,3,4,5,4,1,1,1,2,2,2,1,3,5.333333333333333,4.166666666666667,2.5,3.5,5.333333333333333,3.1666666666666665,3.3333333333333335,4.142857142857143,1.625,2,55–59,57,800–<1050,916.515138991168,conservative_leaning,3,5,-1,2,-3,0,2,-3,322
268,5,6,6,6,4,5,4,2,4,4,2,4,2,3,3,3,4,4,5,5,5,4,5,4,5,4,6,5,3,5,3,4,3,4,4,1,3,3,4,3,2,4,4,4,3,4,4,4,3,3,4,4,3,4,5,4,3,5.333333333333333,3.3333333333333335,3.1666666666666665,4.666666666666667,4.666666666666667,3.1666666666666665,3.1666666666666665,3.7142857142857144,3.75,1,55–59,57,2800+,5916.079783099616,conservative_leaning,3,5,-2,-1,-2,1,-1,-1,322
380,6,6,6,5,6,6,4,4,5,4,5,4,1,3,2,3,3,3,5,3,6,5,4,5,4,5,5,5,6,5,3,3,3,2,3,3,2,2,1,2,3,3,4,4,3,3,5,3,3,3,1,1,3,4,3,3,3,5.833333333333333,4.333333333333333,2.5,4.666666666666667,5,2.8333333333333335,2.1666666666666665,3.5714285714285716,2.625,2,45–49,47,1050–<1400,1212.4355652982142,left_leaning,3,5,-2,-3,1,-2,-2,-2,
401,5,4,5,4,5,4,4,4,6,5,4,4,2,2,2,1,2,2,3,3,4,3,5,4,4,5,6,4,5,4,2,3,3,2,3,2,1,2,3,3,1,1,4,5,3,5,4,4,4,2,2,3,2,2,3,2,3,4.5,4.5,1.8333333333333333,3.6666666666666665,4.666666666666667,2.5,1.8333333333333333,4.142857142857143,2.375,2,30–34,32,500–<630,561.2486080160912,conservative_leaning,3,5,0,-1,-1,1,-3,-2,1
655,3,1,5,4,2,3,3,4,3,4,3,3,4,5,3,4,3,3,4,5,4,2,2,3,3,5,4,2,3,4,4,3,3,1,3,3,4,4,2,2,4,4,3,4,4,3,5,3,3,2,1,1,2,4,2,1,1,3,3.3333333333333335,3.6666666666666665,3.3333333333333335,3.5,2.8333333333333335,3.3333333333333335,3.5714285714285716,1.75,2,18–24,21,1050–<1400,1212.4355652982142,mixed,3,5,0,0,0,-2,-1,0,7
771,6,4,6,4,4,5,3,3,3,3,3,3,3,3,3,1,3,2,4,4,4,4,5,3,4,5,5,4,5,3,3,1,3,2,3,2,3,3,2,3,3,4,4,5,5,3,5,4,3,2,1,3,3,3,2,2,2,4.833333333333333,3,2.5,4,4.333333333333333,2.3333333333333335,3,4.142857142857143,2.25,2,50–54,52,1050–<1400,1212.4355652982142,conservative_leaning,3,5,-1,1,-2,0,0,-2,1
525,3,4,4,3,5,4,4,4,5,5,5,4,1,1,3,2,1,1,3,4,3,2,3,3,2,3,2,4,2,3,2,1,1,3,3,2,2,2,1,3,3,1,3,6,4,5,6,6,4,1,1,2,1,1,1,2,1,3.8333333333333335,4.5,1.5,3,2.6666666666666665,2,2,4.857142857142857,1.25,2,25–29,27,630–<800,709.9295739719539,mixed,3,5,-2,0,-1,-1,-3,-2,4
511,6,5,4,6,6,4,4,4,4,4,5,3,3,3,1,2,3,3,3,3,2,2,2,3,4,5,3,4,3,5,3,2,2,4,3,3,4,2,2,4,3,5,3,4,3,3,3,3,2,3,2,4,4,4,5,3,3,5.166666666666667,4,2.5,2.5,4,2.8333333333333335,3.3333333333333335,3,3.5,1,18–24,21,500–<630,561.2486080160912,conservative_leaning,3,5,-3,3,-2,-1,0,-3,322
415,5,6,6,6,6,5,4,4,3,3,4,2,2,2,3,2,3,2,3,1,3,3,2,4,5,5,4,5,5,6,3,2,1,1,2,1,4,3,3,2,4,1,4,5,3,5,4,5,4,1,3,1,3,2,2,2,3,5.666666666666667,3.3333333333333335,2.3333333333333335,2.6666666666666665,5,1.6666666666666667,2.8333333333333335,4.285714285714286,2.125,2,65–69,67,2000–<2800,2366.4319132398464,conservative_leaning,3,5,0,1,0,-1,-3,-1,1
533,6,5,4,4,4,5,4,5,5,5,4,4,2,2,4,3,3,3,4,3,3,4,5,4,4,5,5,4,4,4,2,4,3,2,3,3,3,1,3,1,4,3,4,5,4,3,3,4,3,5,2,3,3,2,4,1,2,4.666666666666667,4.5,2.8333333333333335,3.8333333333333335,4.333333333333333,2.8333333333333335,2.5,3.7142857142857144,2.75,2,60–64,62,1050–<1400,1212.4355652982142,mixed,3,5,2,0,-1,3,-3,2,4
254,4,5,4,4,3,5,3,3,3,4,4,3,3,3,3,3,3,3,4,4,3,4,4,4,5,3,6,4,5,4,3,2,3,3,3,3,4,4,4,3,3,2,4,4,5,4,4,3,3,2,2,3,3,3,2,2,2,4.166666666666667,3.3333333333333335,3,3.8333333333333335,4.5,2.8333333333333335,3.3333333333333335,3.857142857142857,2.375,2,60–64,62,2800+,5916.079783099616,left_leaning,3,5,1,-1,1,0,-2,-1,7
292,4,5,4,4,4,3,3,2,2,3,2,3,5,3,3,3,4,3,2,3,3,2,3,2,5,6,4,4,3,3,2,4,2,3,4,2,4,2,4,4,3,3,5,6,6,5,6,6,6,2,3,3,2,3,2,2,3,4,2.5,3.5,2.5,4.166666666666667,2.8333333333333335,3.3333333333333335,5.714285714285714,2.5,2,55–59,57,1050–<1400,1212.4355652982142,conservative_leaning,3,5,-1,0,-1,1,-2,-2,1
229,5,6,5,6,6,6,6,5,4,6,6,6,3,3,2,3,3,3,4,5,5,5,5,4,4,6,6,5,5,6,3,3,3,1,2,3,1,2,1,3,1,2,1,3,2,3,3,3,3,1,1,2,1,1,1,1,1,5.666666666666667,5.5,2.8333333333333335,4.666666666666667,5.333333333333333,2.5,1.6666666666666667,2.5714285714285716,1.125,2,45–49,47,1050–<1400,1212.4355652982142,left_leaning,3,5,0,0,-1,-1,-3,1,4
469,6,4,5,4,5,4,5,5,5,4,5,4,2,4,5,3,2,4,3,5,3,2,3,4,6,4,3,5,4,4,4,2,3,4,4,3,3,4,3,2,2,1,4,5,5,6,5,5,5,4,2,3,3,4,4,4,2,4.666666666666667,4.666666666666667,3.3333333333333335,3.3333333333333335,4.333333333333333,3.3333333333333335,2.5,5,3.25,1,50–54,52,2800+,5916.079783099616,left_leaning,3,5,3,-2,-1,0,-2,-1,801
347,4,4,6,4,4,4,4,5,6,3,3,6,2,2,4,3,3,3,5,4,5,3,4,4,4,6,4,4,3,4,2,2,2,3,4,2,3,2,2,2,3,2,4,5,3,4,5,3,3,3,2,3,2,3,1,2,2,4.333333333333333,4.5,2.8333333333333335,4.166666666666667,4.166666666666667,2.5,2.3333333333333335,3.857142857142857,2.25,1,35–39,37,800–<1050,916.515138991168,mixed,3,5,0,0,0,-3,-2,-1,4
668,5,4,5,5,6,5,4,3,3,2,2,4,3,4,5,4,4,4,4,4,4,3,5,3,5,5,3,4,4,4,6,5,4,5,6,5,3,4,4,5,3,5,6,5,6,6,5,5,4,3,4,3,4,3,3,5,4,5,3,4,3.8333333333333335,4.166666666666667,5.166666666666667,4,5.285714285714286,3.625,2,30–34,32,1400–<2000,1673.320053068151,conservative_leaning,3,5,0,2,-3,-1,1,-3,322
389,6,5,4,6,6,6,4,4,3,3,3,3,1,1,2,1,1,1,2,2,3,4,4,3,5,4,5,4,4,4,2,3,2,1,1,1,5,2,1,3,4,3,5,4,5,4,4,4,4,1,3,2,1,1,1,2,2,5.5,3.3333333333333335,1.1666666666666667,3,4.333333333333333,1.6666666666666667,3,4.285714285714286,1.625,2,18–24,21,1050–<1400,1212.4355652982142,left_leaning,3,5,0,-3,1,0,-3,0,
581,5.180973332206303,6,5,6,5,5,4,4,4,5,3,3,3,4,4,5,4,4,2,3,3,5,3,3,4,4,3,5,3,4,4,2,3,3,3,2,4,4,5,4,3,3,4,5,5,3,5,4,5,2,2,1,1,2,1,2,3,5.3634955553677175,3.8333333333333335,4,3.1666666666666665,3.8333333333333335,2.8333333333333335,3.8333333333333335,4.428571428571429,1.75,1,40–44,42,630–<800,709.9295739719539,conservative_leaning,3,5,-3,1,-1,-2,-2,-2,4
148,5,5,5,6,6,6,3,4,4,4,4,3,1,1,1,1,1,1,3,5,2,3,4,3,4,4,3,5,4,4,1,3,1,3,3,3,1,3,4,3,3,4,5,4,4,5,6,3,4,1,1,2,1,2,1,1,1,5.5,3.6666666666666665,1,3.3333333333333335,4,2.3333333333333335,3,4.428571428571429,1.25,2,45–49,47,2800+,5916.079783099616,left_leaning,3,5,0,0,-3,-3,-2,3,1
105,6,5,4,5,5,5,4,5,3,2,4,3,3,2,2,3,3,3,5,5,4,5,4,4,4,5,5,4,5,6,5,3,3,2,4,2,2,4,3,2,2,3,3,4,3,4,4,2,3,2,1,1,1,2,2,2,1,5,3.5,2.6666666666666665,4.5,4.833333333333333,3.1666666666666665,2.6666666666666665,3.2857142857142856,1.5,2,55–59,57,1400–<2000,1673.320053068151,mixed,3,5,1,3,-1,-1,-3,-2,801
679,5,5,4,5,6,5,4,3,4,4,3,4,4,4,3,3,4,4,4,4,5,4,4,2,5,4,5,4,5,3,3,3,4,2,3,2,2,2,4,3,3,2,4,5,5,5,3,2,5,2,1,1,1,1,2,1,2,5,3.6666666666666665,3.6666666666666665,3.8333333333333335,4.333333333333333,2.8333333333333335,2.6666666666666665,4.142857142857143,1.375,2,45–49,47,800–<1050,916.515138991168,left_leaning,3,5,0,0,0,-2,-3,2,
346,3,3,4,4,4,2,3,4,3,4,4,3,1,2,2,1,3,2,3,3,3,4,3,3,3,3,4,5,3,4,2,3,3,4,2,3,4,4,3,3,4,3,3,4,5,4,3,6,5,4,1,1,2,1,1,2,2,3.3333333333333335,3.5,1.8333333333333333,3.1666666666666665,3.6666666666666665,2.8333333333333335,3.5,4.285714285714286,1.75,1,50–54,52,2000–<2800,2366.4319132398464,conservative_leaning,3,5,-3,1,-2,-2,-2,-3,802
1,4,4,3,4,3,4,1,3,4,2,2,3,1,3,3,1,3,3,2,3,5,3,3,3,3,4,6,4,5,4,3,2,2,2,4,2,4,4,2,3,3,2,4,4,4,5,5,3,3,4,3,2,2,1,2,2,3,3.6666666666666665,2.5,2.3333333333333335,3.1666666666666665,4.333333333333333,2.5,3,4,2.375,2,55–59,57,2800+,5916.079783099616,mixed,3,5,-1,-2,0,0,-2,-1,1
761,5,5,5,5,4,5,3,2,2,3,2,3,1,2,2,1,2,2,1,2,2,3,5,3,4,6,6,5,5,6,2,3,3,5,2,3,4,3,3,3,4,3,3,3,3,4,4,4,4,4,3,2,3,2,3,2,2,4.833333333333333,2.5,1.6666666666666667,2.6666666666666665,5.333333333333333,3,3.3333333333333335,3.5714285714285716,2.625,1,65–69,67,2800+,5916.079783099616,left_leaning,3,5,2,0,1,-1,-3,0,4
645,3,3,4,3,3,4,4,3,4,3,4,4,2,2,1,2,2,2,3,1,2,2,3,2,4,4,4,5,4,4,5,4,3,3,3,4,2,2,3,3,2,3,4,5,4,4,3,4,5,1,3,2,1,2,2,2,2,3.3333333333333335,3.6666666666666665,1.8333333333333333,2.1666666666666665,4.166666666666667,3.6666666666666665,2.5,4.142857142857143,1.875,1,40–44,42,<500,422.49260348555214,conservative_leaning,3,5,-2,-1,0,0,1,-1,392
480,5,5,5,5,4,4,2,3,3,3,4,3,1,1,2,3,1,2,3,3,4,4,3,2,5,4,5,4,4,5,4,5,2,2,3,2,3,2,1,3,2,2,5,6,6,4,6,5,4,1,1,3,3,3,3,1,5,4.666666666666667,3,1.6666666666666667,3.1666666666666665,4.5,3,2.1666666666666665,5.142857142857143,2.5,1,30–34,32,<500,422.49260348555214,mixed,3,5,0,0,-3,-3,-3,0,1
689,5,5,5,4,6,4,4,5,4,4,4,5,4,3,3,3,2,4,3,4,2,3,3,2,3,2,3,3,4,5,2,3,4,3,4,2,4,4,4,5,4,4,4,5,5,4,4,3,4,4,4,2,4,3,3,3,4,4.833333333333333,4.333333333333333,3.1666666666666665,2.8333333333333335,3.3333333333333335,3,4.166666666666667,4.142857142857143,3.375,2,45–49,47,1050–<1400,1212.4355652982142,left_leaning,3,5,0,-2,1,0,-3,0,4
339,4,4,5,5,5,6,3,4,4,3,4,5,1,2,3,1,3,1,3,2,4,3,1,4,5,4,3,5,4,4,3,3,4,3,3,1,1,5,3,4,3,3,6,4,5,5,5,5,5,2,2,2,1,1,1,2,2,4.833333333333333,3.8333333333333335,1.8333333333333333,2.8333333333333335,4.166666666666667,2.8333333333333335,3.1666666666666665,5,1.625,2,65–69,67,2800+,5916.079783099616,mixed,3,5,-2,-1,-2,2,1,1,
320,5,4,3,4,3,4,2,3,3,3,3,2,2,2,2,2,1,1,4,4,4,4,4,5,5,5,5,5,6,5,2,3,2,3,2,3,5,3,5,4,4,4,3,5,4,5,6,6,4,2,2,1,2,2,2,3,1,3.8333333333333335,2.6666666666666665,1.6666666666666667,4.166666666666667,5.166666666666667,2.5,4.166666666666667,4.714285714285714,1.875,2,65–69,67,800–<1050,916.515138991168,conservative_leaning,3,5,0,1,0,-3,-1,0,7
79,5,5,6,4,6,6,4,4,3,4,4,4,1,2,2,2,3,3,3,4,2,4,3,3,3,3,6,3,4,4,4,4,3,2,3,4,4,3,4,3,2,3,5,4,3,3,4,3,4,2,2,3,2,1,2,3,3,5.333333333333333,3.8333333333333335,2.1666666666666665,3.1666666666666665,3.8333333333333335,3.3333333333333335,3.1666666666666665,3.7142857142857144,2.25,2,65–69,67,1050–<1400,1212.4355652982142,mixed,3,5,1,-1,0,1,-3,-2,
358,4,3,3,5,3,3,2,3,3,2,2,2,2,4,4,3,3,3,2,4,3,2,2,2,4,4,4,3,3,4,3,3,3,2,2,4,2,3,4,4,3,3,4,5,5,4,4,4,4,2,1,1,1,3,1,2,2,3.5,2.3333333333333335,3.1666666666666665,2.5,3.6666666666666665,2.8333333333333335,3.1666666666666665,4.285714285714286,1.625,1,30–34,32,800–<1050,916.515138991168,mixed,3,5,-1,-1,0,-2,0,-3,6
461,5,6,4,6,6,6,3,3,2,3,3,2,2,1,2,1,1,1,3,1,4,4,4,3,4,3,4,5,3,5,3,2,3,3,2,2,4,4,3,3,4,4,5,4,4,5,3,5,5,2,4,3,2,3,2,4,3,5.5,2.6666666666666665,1.3333333333333333,3.1666666666666665,4,2.5,3.6666666666666665,4.428571428571429,2.875,2,50–54,52,<500,422.49260348555214,conservative_leaning,3,5,-2,2,-2,-1,-1,-1,
692,5,4,5,3,4,3,3,3,5,3,4,5,3,1,3,1,2,3,4,4,4,2,2,4,5,5,5,3,3,5,2,2,2,3,3,3,4,4,3,3,5,4,6,5,5,4,4,6,5,1,3,1,1,1,2,4,1,4,3.8333333333333335,2.1666666666666665,3.3333333333333335,4.333333333333333,2.5,3.8333333333333335,5,1.75,2,65–69,67,1400–<2000,1673.320053068151,mixed,3,5,-2,-1,-2,-1,-2,-1,5
201,4,4,5,5,6,4,5,4,4,4,4,3,4,5,4,3,3,4,5,3,4,4,4,4,6,6,6,6,5,6,3,2,4,4,3,2,2,3,2,4,3,3,4,4,4,6,4,5,5,4,4,2,4,3,4,3,2,4.666666666666667,4,3.8333333333333335,4,5.833333333333333,3,2.8333333333333335,4.571428571428571,3.25,1,18–24,21,2800+,5916.079783099616,left_leaning,3,5,0,-2,-2,-3,-2,2,6
108,6,5,6,6,6,6,4,4,5,4,5,5,2,3,2,2,2,2,3,3,4,5,2,3,5,5,5,5,5,5,3,2,3,4,5,4,3,4,3,2,3,1,5,5,4,4,4,5,4,1,2,3,1,2,2,3,2,5.833333333333333,4.5,2.1666666666666665,3.3333333333333335,5,3.5,2.6666666666666665,4.428571428571429,2,1,35–39,37,1400–<2000,1673.320053068151,mixed,3,5,-1,0,-2,-3,0,-3,392
485,4,5,5,6,6,6,4,2,5,5,4,4,4,4,3,2,3,3,6,4,5,6,4,6,4,5,3,4,5,4,3,3,4,3,3,3,3,3,2,1,3,3,3,4,3,4,2,3,3,3,3,4,3,4,2,2,4,5.333333333333333,4,3.1666666666666665,5.166666666666667,4.166666666666667,3.1666666666666665,2.5,3.142857142857143,3.125,1,60–64,62,800–<1050,916.515138991168,conservative_leaning,3,5,0,1,-3,0,-1,-1,
631,6,6,6,6,6,6,4,5,3,5,4,4,2,1,1,1,2,1,3,3,2,2,2,2,3,3,4,4,6,4,2,2,3,2,2,4,1,1,1,3,2,3,3,2,3,4,4,5,3,2,2,1,1,3,2,1,1,6,4.166666666666667,1.3333333333333333,2.3333333333333335,4,2.5,1.8333333333333333,3.4285714285714284,1.625,2,40–44,42,1400–<2000,1673.320053068151,conservative_leaning,3,5,0,-2,-2,1,-2,0,1
299,5,2,4,3,1,4,3,4,2,3,2,3,3,4,4,3,5,4,4,4,4,1,3,4,4,4,5,5,3,3,2,3,3,3,2,3,3,3,3,2,3,2,3,4,3,4,3,4,3,1,2,2,2,2,2,2,1,3.1666666666666665,2.8333333333333335,3.8333333333333335,3.3333333333333335,4,2.6666666666666665,2.6666666666666665,3.4285714285714284,1.75,1,45–49,47,<500,422.49260348555214,left_leaning,3,5,-1,-2,-1,-2,-2,1,
241,6,5,6,4,5,5,4,5,3,5,4,5,2,1,1,1,2,2,4,4,4,3,3,3,4,5,5,5,5,6,2,2,2,3,2,2,2,2,5,2,4,4,3,3,3,4,3,3,4,2,2,2,2,3,3,2,4,5.166666666666667,4.333333333333333,1.5,3.5,5,2.1666666666666665,3.1666666666666665,3.2857142857142856,2.5,2,60–64,62,1400–<2000,1673.320053068151,left_leaning,3,5,3,-3,-1,-2,-3,2,
392,5,4,5,6,5,4,3,4,5,4,3,5,3,2,3,2,2,3,3,3,3,5,3,3,4,3,5,5,3,4,3,1,5,3,4,3,2,3,3,2,2,3,4,4,2,3,5,5,4,2,1,2,2,4,4,3,2,4.833333333333333,4,2.5,3.3333333333333335,4,3.1666666666666665,2.5,3.857142857142857,2.5,1,65–69,67,1050–<1400,1212.4355652982142,left_leaning,3,5,1,-1,1,-3,-3,-2,801
177,5,6,6,6,5,6,4,5,2,6,4,3,3,2,4,4,3,1,4,3,2,2,3,3,4,3,3,4,4,5,4,4,1,3,3,2,2,3,3,4,4,2,5,3,4,3,4,5,3,2,2,2,1,4,3,2,3,5.666666666666667,4,2.8333333333333335,2.8333333333333335,3.8333333333333335,2.8333333333333335,3,3.857142857142857,2.375,2,50–54,52,1050–<1400,1212.4355652982142,mixed,3,5,-1,3,-1,-3,-2,1,4
647,4,6,4,4,5,6,3,2,2,4,3,3,3,3,3,4,3,2,5,4,4,6,5,4,5,5,3,4,5,4,4,4,2,1,2,5,1,1,3,1,1,2,3,2,3,4,4,6,4,3,2,2,3,1,4,3,1,4.833333333333333,2.8333333333333335,3,4.666666666666667,4.333333333333333,3,1.5,3.7142857142857144,2.375,2,30–34,32,2800+,5916.079783099616,mixed,3,5,1,3,0,-3,-1,-1,4
247,5,4,3,3,4,2,2,1,3,2,3,4,3,3,2,3,2,1,3,2,2,2,3,2,4,5,5,4,4,5,3,3,2,2,3,3,2,4,2,3,3,1,3,4,5,4,3,3,2,3,2,2,4,3,2,2,1,3.5,2.5,2.3333333333333335,2.3333333333333335,4.5,2.6666666666666665,2.5,3.4285714285714284,2.375,2,40–44,42,1400–<2000,1673.320053068151,conservative_leaning,3,5,0,0,-2,2,1,-1,322
313,6,6,6,4,5,6,4,5,3,4,3,3,3,2,2,4,4,3,4,6,3,6,5,4,5,5,5,6,5,5,3,4,5,3,3,3,2,2,3,3,1,2,4,5,4,4,4,6,6,2,3,3,1,3,3,2,4,5.5,3.6666666666666665,3,4.666666666666667,5.166666666666667,3.5,2.1666666666666665,4.714285714285714,2.625,1,45–49,47,2000–<2800,2366.4319132398464,left_leaning,3,5,1,-1,1,-1,-3,0,7
422,5,6,5,4,5,5,6,4,5,4,5,5,2,3,1,3,2,3,4,4,3,5,2,3,5,4,6,5,5,3,3,2,4,3,3,1,3,3,2,2,2,2,4,3,4,3,5,5,3,1,3,2,3,1,1,1,2,5,4.833333333333333,2.3333333333333335,3.5,4.666666666666667,2.6666666666666665,2.3333333333333335,3.857142857142857,1.75,2,65–69,67,1050–<1400,1212.4355652982142,left_leaning,3,5,2,-2,0,-2,-3,-1,4
58,3,4,4,5,3,6,3,4,4,4,3,4,1,2,1,2,3,2,2,4,3,2,3,3,4,4,3,5,5,5,2,3,2,3,3,3,2,1,3,3,3,3,4,5,3,5,4,4,4,2,3,1,1,2,2,1,3,4.166666666666667,3.6666666666666665,1.8333333333333333,2.8333333333333335,4.333333333333333,2.6666666666666665,2.5,4.142857142857143,1.875,2,45–49,47,<500,422.49260348555214,left_leaning,3,5,2,0,1,0,-2,0,5
500,6,5,5,4,5,6,5,6,5,5,6,3,3,2,2,3,3,3,3,2,5,3,3,4,5,5,4,6,3,4,3,3,4,4,3,3,2,5,3,2,4,5,5,4,4,4,5,4,4,4,3,3,2,2,2,1,3,5.166666666666667,5,2.6666666666666665,3.3333333333333335,4.5,3.3333333333333335,3.5,4.285714285714286,2.5,1,55–59,57,800–<1050,916.515138991168,mixed,3,5,0,2,1,-1,-1,0,6
635,4,5,4,5,5,5,3,5,2,3,4,3,4,4,2,3,2,2,4,4,4,3,3,4,4,3,5,3,3,4,2,3,2,2,2,3,4,2,3,3,3,2,5,4,5,4,3,4,4,2,2,2,2,3,1,2,1,4.666666666666667,3.3333333333333335,2.8333333333333335,3.6666666666666665,3.6666666666666665,2.3333333333333335,2.8333333333333335,4.142857142857143,1.875,2,50–54,52,2800+,5916.079783099616,mixed,3,5,3,1,-1,-1,0,-1,5
96,3,3,3,5,4,4,5,6,5,5,4,6,1,2,3,2,1,2,3,2,2,4,2,2,3,4,5,5,4,4,3,2,3,2,3,4,1,2,3,2,2,3,3,3,3,3,3,3,4,4,3,4,3,2,1,4,3,3.6666666666666665,5.166666666666667,1.8333333333333333,2.5,4.166666666666667,2.8333333333333335,2.1666666666666665,3.142857142857143,3,1,35–39,37,<500,422.49260348555214,conservative_leaning,3,5,-1,3,-1,0,0,-1,1
60,6,6,4,6,5,5,6,6,4,4,4,4,4,2,4,4,4,4,3,5,4,4,3,4,4,5,4,3,5,5,4,4,3,3,5,2,5,2,3,4,3,3,2,4,4,4,5,5,3,2,2,2,3,1,3,3,3,5.333333333333333,4.666666666666667,3.6666666666666665,3.8333333333333335,4.333333333333333,3.5,3.3333333333333335,3.857142857142857,2.375,1,40–44,42,2000–<2800,2366.4319132398464,mixed,3,5,-1,-1,-2,0,-1,-1,1
566,5,5,6,4,6,6,1,4,2,2,5,1,2,3,2,3,4,3,5,6,6,4,4,4,6,5,4,4,4,4,4,5,4,5,4,3,4,4,5,3,4,2,4,4,6,5,6,6,6,3,2,3,3,4,3,3,3,5.333333333333333,2.5,2.8333333333333335,4.833333333333333,4.5,4.166666666666667,3.6666666666666665,5.285714285714286,3,1,60–64,62,<500,422.49260348555214,conservative_leaning,3,5,0,1,-1,-1,0,-2,1
435,6,6,6,6,6,6,4,3,3,4,4,3,2,2,2,3,2,2,3,3,4,2,2,2,5,5,5,6,4,4,2,2,3,1,2,3,2,1,1,2,3,3,5,4,3,4,2,2,4,1,2,1,2,2,3,3,3,6,3.5,2.1666666666666665,2.6666666666666665,4.833333333333333,2.1666666666666665,2,3.4285714285714284,2.125,1,45–49,47,800–<1050,916.515138991168,left_leaning,3,5,0,-1,1,0,0,-2,4
190,4,3,3,3,4,3,1,2,1,2,2,2,4,3,4,2,4,4,3,4,4,4,4,5,3,4,4,4,4,3,4,4,3,4,3,4,5,3,3,3,2,4,4,5,5,4,4,5,4,2,2,2,1,2,3,3,3,3.3333333333333335,1.6666666666666667,3.5,4,3.6666666666666665,3.6666666666666665,3.3333333333333335,4.428571428571429,2.25,2,50–54,52,2000–<2800,2366.4319132398464,conservative_leaning,3,5,0,-1,0,3,-3,0,
245,5,4,6,5,3,4,3,3,3,4,3,4,5,3,2,2,3,3,2,3,4,4,3,4,3,2,4,4,4,4,3,3,3,3,2,1,4,3,3,4,4,4,4,6,6,6,6,5,5,2,1,1,2,1,1,1,1,4.5,3.3333333333333335,3,3.3333333333333335,3.5,2.5,3.6666666666666665,5.428571428571429,1.25,2,65–69,67,<500,422.49260348555214,mixed,3,5,0,0,-1,-1,-2,-2,1
202,5,5,5,3,4,4,3,2,2,3,3,3,3,2,2,1,2,3,4,3,3,2,2,3,3,4,3,2,4,4,3,3,3,4,2,2,4,2,3,2,3,4,5,5,4,2,3,4,4,1,3,2,2,2,2,2,3,4.333333333333333,2.6666666666666665,2.1666666666666665,2.8333333333333335,3.3333333333333335,2.8333333333333335,3,3.857142857142857,2.125,2,65–69,67,2000–<2800,2366.4319132398464,mixed,3,5,0,0,-1,-1,-1,0,392
4,6,6,5,6,5,5,5,5,4,6,4,5,3,3,4,3,3,4,4,4,3,4,4,4,4,4,5,4,6,5,2,3,2,1,4,2,2,1,3,2,2,2,3,3,2,2,2,2,2,1,2,3,2,3,2,3,2,5.5,4.833333333333333,3.3333333333333335,3.8333333333333335,4.666666666666667,2.3333333333333335,2,2.2857142857142856,2.25,2,35–39,37,2000–<2800,2366.4319132398464,conservative_leaning,3,5,-2,2,-2,2,1,-3,1
376,5,4,4,5,5,5,4,4,4,3,5,3,2,3,4,4,2,4,3,2,5,3,3,4,6,3,5,4,4,3,5,3,4,4,3,3,2,2,2,3,2,2,4,5,3,5,4,3,4,3,3,5,3,3,3,3,2,4.666666666666667,3.8333333333333335,3.1666666666666665,3.3333333333333335,4.166666666666667,3.6666666666666665,2.1666666666666665,4,3.125,1,55–59,57,2800+,5916.079783099616,left_leaning,3,5,-2,0,-1,0,-2,2,4
681,4,4,5,4,3,5,5,4,4,4,4,3,3,2,1,2,4,3,4,2,3,2,3,3,6,5,5,6,4,6,3,4,3,3,3,4,3,2,2,3,4,3,4,1,4,3,3,3,3,3,2,2,4,3,2,3,3,4.166666666666667,4,2.5,2.8333333333333335,5.333333333333333,3.3333333333333335,2.8333333333333335,3,2.75,2,18–24,21,1400–<2000,1673.320053068151,conservative_leaning,3,5,-2,-1,-1,1,0,-1,1
593,6,6,6,5,4,6,5,6,4,5,4,5,2,1,1,1,1,3,4,5,5,6,4,4,4,5,6,6,5,5,3,2,2,2,3,2,3,2,1,2,3,3,5,4,4,5,5,4,5,2,2,1,1,1,1,1,1,5.5,4.833333333333333,1.5,4.666666666666667,5.166666666666667,2.3333333333333335,2.3333333333333335,4.571428571428571,1.25,2,30–34,32,630–<800,709.9295739719539,left_leaning,3,5,0,-2,0,0,-3,1,7
716,6,6,4,5,4,5,5,3,3,4,5,5,3,3,4,4,3,3,3,2,4,4,4,4,5,4,6,4,5,5,3,3,3,4,4,4,2,3,4,3,3,3,5,5,5,6,5,5,4,3,2,3,3,2,2,2,3,5,4.166666666666667,3.3333333333333335,3.5,4.833333333333333,3.5,3,5,2.5,1,65–69,67,1050–<1400,1212.4355652982142,conservative_leaning,3,5,0,3,0,-1,0,0,1
752,6,5,3,5,4,4,4,4,6,4,3,3,1,3,1,2,2,1,3,3,3,4,3,4,5,5,4,4,3,3,3,2,4,3,3,2,4,4,3,4,4,3,5,4,5,4,5,4,6,3,2,1,3,3,2,2,2,4.5,4,1.6666666666666667,3.3333333333333335,4,2.8333333333333335,3.6666666666666665,4.714285714285714,2.25,1,60–64,62,2800+,5916.079783099616,left_leaning,3,5,1,-1,-1,-3,-1,-1,1
620,5,5,5,5,6,4,3,3,3,3,3,3,2,2,1,1,1,2,4,3,1,4,3,3,4,3,4,4,4,5,3,3,4,5,4,3,4,3,5,5,5,4,4,4,4,4,3,4,2,5,2,4,2,4,3,2,3,5,3,1.5,3,4,3.6666666666666665,4.333333333333333,3.5714285714285716,3.125,2,45–49,47,630–<800,709.9295739719539,conservative_leaning,3,5,0,2,-1,-1,-2,-2,322
238,4,5,5,4,4,4,4,5,4,4,4,4,1,2,3,3,3,4,5,4,3,4,2,2,5,6,5,3,5,4,2,2,3,4,4,2,3,1,1,2,2,3,4,3,5,4,2,4,4,3,3,2,4,3,3,2,3,4.333333333333333,4.166666666666667,2.6666666666666665,3.3333333333333335,4.666666666666667,2.8333333333333335,2,3.7142857142857144,2.875,1,35–39,37,1050–<1400,1212.4355652982142,conservative_leaning,3,5,-2,1,0,-3,-1,-2,1
26,4,5,5,5,4,4,3,4,6,3,3,4,3,1,3,3,3,2,4,3,2,4,2,3,5,5,3,4,5,3,2,3,3,3,3,3,2,4,4,2,2,3,6,6,4,5,5,5,6,3,2,3,4,2,2,2,3,4.5,3.8333333333333335,2.5,3,4.166666666666667,2.8333333333333335,2.8333333333333335,5.285714285714286,2.625,2,40–44,42,1050–<1400,1212.4355652982142,conservative_leaning,3,5,0,1,-2,-1,-2,-1,
759,4,5,4,4,5,5,2,3,3,3,3,3,4,4,4,4,2,3,5,5,4,4,3,5,4,6,5,5,6,6,4,3,6,3,4,4,4,2,2,3,3,3,4,6,4,6,5,5,6,2,3,4,2,2,3,4,3,4.5,2.8333333333333335,3.5,4.333333333333333,5.333333333333333,4,2.8333333333333335,5.142857142857143,2.875,1,60–64,62,<500,422.49260348555214,mixed,3,5,-3,0,-2,-2,-1,-1,1
597,3,4,4,5,4,4,5,6,3,4,3,6,5,5,3,4,4,3,5,5,4,4,4,3,5,4,5,5,5,4,4,4,4,5,4,3,2,2,2,1,2,2,3,3,3,3,3,4,3,3,3,4,6,5,4,2,2,4,4.5,4,4.166666666666667,4.666666666666667,4,1.8333333333333333,3.142857142857143,3.625,2,18–24,21,2000–<2800,2366.4319132398464,left_leaning,3,5,2,-1,1,-2,-2,0,392
704,5,5,4,5,4,4,3,4,4,3,4,4,2,3,3,3,2,4,4,5,4,6,3,4,2,5,4,4,3,5,3,4,4,3,3,3,3,3,3,3,2,3,3,4,5,4,5,5,4,4,2,1,3,3,2,3,1,4.5,3.6666666666666665,2.8333333333333335,4.333333333333333,3.8333333333333335,3.3333333333333335,2.8333333333333335,4.285714285714286,2.375,2,45–49,47,1050–<1400,1212.4355652982142,left_leaning,3,5,0,-1,1,0,-3,1,
160,4,4,4,5,5,5,3,4,3,4,4,6,4,2,3,3,4,2,5,3,4,3,4,4,3,3,3,4,4,5,3,2,3,3,3,3,4,3,3,4,5,4,5,5,5,6,5,3,5,2,2,2,1,2,2,2,2,4.5,4,3,3.8333333333333335,3.6666666666666665,2.8333333333333335,3.8333333333333335,4.857142857142857,1.875,2,50–54,52,800–<1050,916.515138991168,mixed,3,5,-3,-1,-1,-2,-1,-3,1
205,6,4,4,3,5,5,2,3,4,5,4,4,4,5,5,3,5,3,3,5,3,4,3,4,4,5,5,5,5,5,3,4,5,6,4,4,4,6,5,3,4,4,3,4,5,5,4,4,4,3,4,3,3,4,4,4,4,4.5,3.6666666666666665,4.166666666666667,3.6666666666666665,4.833333333333333,4.333333333333333,4.333333333333333,4.142857142857143,3.625,2,45–49,47,2000–<2800,2366.4319132398464,conservative_leaning,3,5,-2,-3,-1,3,-2,0,322
772,3,5,4,5,5,4,3,3,3,4,5,3,3,1,3,2,1,2,2,3,4,3,3,3,3,2,1,3,3,3,2,1,1,1,2,3,4,4,2,4,3,3,3,4,4,5,4,4,6,3,2,2,3,1,1,1,1,4.333333333333333,3.5,2,3,2.5,1.6666666666666667,3.3333333333333335,4.285714285714286,1.75,1,55–59,57,2800+,5916.079783099616,left_leaning,3,5,-1,-1,1,-2,-1,0,392
49,5,5,5,5,4,3,4,5,5,5,3,3,2,3,1,1,3,2,4,3,2,4,2,3,5,4,3,5,3,4,4,3,4,4,2,3,4,4,2,3,3,4,4,4,4,2,3,4,3,3,4,2,3,3,3,3,1,4.5,4.166666666666667,2,3,4,3.3333333333333335,3.3333333333333335,3.4285714285714284,2.75,2,45–49,47,1050–<1400,1212.4355652982142,conservative_leaning,3,5,0,-2,-2,2,0,-3,1
643,3,5,6,4,5,5,3,4,4,3,4,3,4,3,3,3,3,4,4,3,5,4,4,6,4,5,5,6,4,4,3,5,3,4,4,3,4,4,2,3,3,5,4,3,5,2,4,4,3,1,2,2,1,1,2,1,3,4.666666666666667,3.5,3.3333333333333335,4.333333333333333,4.666666666666667,3.6666666666666665,3.5,3.5714285714285716,1.625,1,30–34,32,2000–<2800,2366.4319132398464,mixed,3,5,0,0,-1,0,-1,-3,1
373,3,3,6,5,5,4,4,4,4,3,3,3,5,2,4,3,4,4,5,4,4,5,3,4,5,4,4,3,4,4,3,3,2,4,4,4,2,4,3,2,2,3,4,3,3,3,4,3,4,4,4,3,3,2,3,3,2,4.333333333333333,3.5,3.6666666666666665,4.166666666666667,4,3.3333333333333335,2.6666666666666665,3.4285714285714284,3,1,35–39,37,1400–<2000,1673.320053068151,mixed,3,5,-1,-1,-1,-1,-2,-2,4
198,6,6,6,6,5,4,4,4,4,4,5,4,2,4,6,4,3,5,4,3,3,5,5,3,4,6,3,5,5,4,3,3,4,3,4,4,2,1,3,2,3,2,4,5,4,4,4,3,5,3,5,3,5,4,4,3,4,5.5,4.166666666666667,4,3.8333333333333335,4.5,3.5,2.1666666666666665,4.142857142857143,3.875,1,35–39,37,630–<800,709.9295739719539,conservative_leaning,3,5,-1,1,-1,1,-1,0,4
317,6,5,4,5,5,4,5,6,3,4,5,5,2,3,2,2,2,1,3,5,4,4,5,4,5,6,5,5,4,5,2,4,4,3,4,2,3,4,3,5,4,4,4,3,6,4,5,5,5,4,4,3,5,3,4,3,4,4.833333333333333,4.666666666666667,2,4.166666666666667,5,3.1666666666666665,3.8333333333333335,4.571428571428571,3.75,1,60–64,62,2000–<2800,2366.4319132398464,conservative_leaning,3,5,0,3,0,1,-2,-1,4
385,5,5,6,5,3,5,3,4,2,3,4,3,4,3,2,3,3,2,2,2,4,4,3,4,6,6,4,6,5,5,3,3,3,3,2,4,1,1,2,2,2,2,4,5,4,4,3,4,4,3,3,4,3,4,2,4,4,4.833333333333333,3.1666666666666665,2.8333333333333335,3.1666666666666665,5.333333333333333,3,1.6666666666666667,4,3.375,1,25–29,27,800–<1050,916.515138991168,mixed,3,5,1,1,1,1,-3,-1,5
364,5,4,5,5,6,4,3,4,2,5,3,4,2,2,3,3,3,2,5,4,4,5,4,5,5,4,4,5,5,5,3,3,2,4,3,4,5,2,3,2,3,5,5,4,5,6,3,4,4,2,3,2,4,2,1,1,2,4.833333333333333,3.5,2.5,4.5,4.666666666666667,3.1666666666666665,3.3333333333333335,4.428571428571429,2.125,1,40–44,42,2000–<2800,2366.4319132398464,left_leaning,3,5,1,-2,2,-3,-3,0,801
738,2,4,3,4,4,5,5,3,5,5,5,4,4,4,4,5,4,5,4,6,5,5,5,5,4,3,3,3,4,3,4,5,3,5,2,4,3,5,3,2,3,4,4,4,5,3,3,4,5,4,4,4,4,4,4,4,4,3.6666666666666665,4.5,4.333333333333333,5,3.3333333333333335,3.8333333333333335,3.3333333333333335,4,4,1,30–34,32,1050–<1400,1212.4355652982142,conservative_leaning,3,5,-3,1,-2,-1,1,-1,1
590,4,5,3,4,5,6,4,4,5,4,4,3,2,2,2,4,3,3,2,4,4,2,3,3,5,5,4,5,5,4,2,5,3,3,2,4,2,2,2,1,2,2,4,4,4,4,4,3,4,3,3,3,3,4,4,5,4,4.5,4,2.6666666666666665,3,4.666666666666667,3.1666666666666665,1.8333333333333333,3.857142857142857,3.625,2,65–69,67,1050–<1400,1212.4355652982142,conservative_leaning,3,5,-1,1,-2,0,-1,-1,1
92,5,6,5,4,5,4,5,5,5,2,5,3,3,2,2,3,4,3,2,3,4,4,4,3,3,5,4,3,4,3,3,1,1,2,2,3,3,3,3,4,2,3,3,4,3,4,3,3,2,3,4,3,2,2,5,2,2,4.833333333333333,4.166666666666667,2.8333333333333335,3.3333333333333335,3.6666666666666665,2,3,3.142857142857143,2.875,2,45–49,47,1050–<1400,1212.4355652982142,left_leaning,3,5,2,-3,-1,0,-1,1,
571,4,5,5,4,4,3,5,4,4,6,4,4,4,3,3,4,3,5,3,1,2,3,2,3,3,5,5,5,6,5,4,4,2,3,4,3,4,2,3,3,3,3,2,2,3,3,2,4,3,3,4,3,1,2,3,3,3,4.166666666666667,4.5,3.6666666666666665,2.3333333333333335,4.833333333333333,3.3333333333333335,3,2.7142857142857144,2.75,1,18–24,21,500–<630,561.2486080160912,left_leaning,3,5,1,0,2,-3,-3,0,
243,4,4,4,3,4,5,4,4,4,5,3,4,2,4,5,2,4,2,5,4,4,6,6,3,5,4,6,4,5,4,3,1,2,2,3,2,2,1,3,2,3,2,4,5,4,5,4,5,5,4,2,4,2,4,3,4,4,4,4,3.1666666666666665,4.666666666666667,4.666666666666667,2.1666666666666665,2.1666666666666665,4.571428571428571,3.375,2,18–24,21,630–<800,709.9295739719539,left_leaning,3,5,1,-1,0,-3,-3,1,7
45,3,4,3,3,3,5,4,5,4,3,5,3,1,3,2,1,2,2,3,3,2,2,4,3,2,3,3,4,2,1,4,3,5,3,3,4,2,3,3,2,4,3,5,4,5,3,5,5,5,3,2,2,2,3,1,1,2,3.5,4,1.8333333333333333,2.8333333333333335,2.5,3.6666666666666665,2.8333333333333335,4.571428571428571,2,1,50–54,52,1400–<2000,1673.320053068151,left_leaning,3,5,-1,-1,1,0,-2,-1,7
265,3,5,6,4,6,4,4,4,3,4,4,6,4,2,3,1,2,3,3,2,4,3,1,3,3,3,4,3,4,3,3,1,2,2,3,2,3,2,3,2,3,2,4,3,4,6,4,4,3,2,2,1,1,4,1,2,2,4.666666666666667,4.166666666666667,2.5,2.6666666666666665,3.3333333333333335,2.1666666666666665,2.5,4,1.875,2,40–44,42,1400–<2000,1673.320053068151,left_leaning,3,5,-1,-2,1,-3,-1,1,1
94,5,5,6,6,4,4,4,3,5,4,4,4,2,2,4,2,2,2,4,6,3,4,5,3,3,5,4,4,3,5,5,3,2,3,3,3,4,4,3,3,5,4,4,6,4,4,5,4,3,1,2,2,1,3,1,2,2,5,4,2.3333333333333335,4.166666666666667,4,3.1666666666666665,3.8333333333333335,4.285714285714286,1.75,2,50–54,52,1050–<1400,1212.4355652982142,conservative_leaning,3,5,0,1,-2,-1,-3,-1,801
237,4,4,4,4,3,5,4,4,5,4,5,5,2,3,3,3,1,3,2,2,2,2,3,2,3,5,4,5,3,4,5,3,4,5,3,3,3,1,1,1,2,4,5,4,5,5,4,5,4,1,1,1,1,1,1,2,1,4,4.5,2.5,2.1666666666666665,4,3.8333333333333335,2,4.571428571428571,1.125,2,30–34,32,1050–<1400,1212.4355652982142,left_leaning,3,5,1,-2,-1,-2,-3,-2,322
695,5,2,5,4,4,3,3,3,2,3,4,4,2,3,4,2,3,2,1,4,2,3,2,3,3,2,3,3,4,3,2,4,1,4,3,3,3,2,2,4,3,4,3,5,5,5,3,3,4,2,2,2,2,2,2,2,2,3.8333333333333335,3.1666666666666665,2.6666666666666665,2.5,3,2.8333333333333335,3,4,2,1,65–69,67,2800+,5916.079783099616,left_leaning,3,5,1,0,3,0,-3,-1,392
235,6,4,5,5,6,4,2,4,4,3,4,3,3,1,1,2,2,3,2,4,2,2,3,3,3,5,4,4,5,3,2,3,4,4,2,4,3,4,3,2,3,2,4,4,5,4,5,5,5,1,2,2,2,2,1,1,2,5,3.3333333333333335,2,2.6666666666666665,4,3.1666666666666665,2.8333333333333335,4.571428571428571,1.625,1,60–64,62,630–<800,709.9295739719539,left_leaning,3,5,0,0,2,-3,-3,-1,322
466,3,1,3,4,3,3,5,5,5,3,4,3,2,2,4,1,3,4,4,4,4,4,4,2,4,5,5,3,3,3,2,3,4,2,3,3,4,2,4,3,3,4,4,2,4,3,3,3,2,2,1,1,1,1,2,1,2,2.8333333333333335,4.166666666666667,2.6666666666666665,3.6666666666666665,3.8333333333333335,2.8333333333333335,3.3333333333333335,3,1.375,1,45–49,47,2000–<2800,2366.4319132398464,left_leaning,3,5,2,0,-1,-2,-2,1,1
78,5,5,5,6,6,5,5,6,5,4,5,5,4,1,3,2,2,2,2,2,3,2,2,2,5,5,5,5,5,5,4,3,2,2,2,4,2,1,1,1,3,1,3,4,4,3,3,3,4,3,1,2,1,1,1,3,1,5.333333333333333,5,2.3333333333333335,2.1666666666666665,5,2.8333333333333335,1.5,3.4285714285714284,1.625,1,45–49,47,2800+,5916.079783099616,mixed,3,5,1,-3,2,1,-3,1,4
264,5,4,5,4,4,6,3,4,2,2,3,4,1,3,2,2,2,1,3,3,4,3,3,3,4,3,4,4,4,3,3,2,4,3,2,3,3,3,2,1,3,2,4,4,4,3,5,4,3,3,4,3,2,1,3,2,4,4.666666666666667,3,1.8333333333333333,3.1666666666666665,3.6666666666666665,2.8333333333333335,2.3333333333333335,3.857142857142857,2.75,1,65–69,67,<500,422.49260348555214,mixed,3,5,-2,-1,0,-2,-2,0,6
633,3,4,6,4,4,5,3,4,4,4,3,5,3,5,3,3,1,2,3,3,3,4,3,5,4,4,4,5,4,3,2,2,3,2,2,3,2,1,3,2,2,2,4,4,3,3,2,3,3,2,1,1,2,2,3,2,3,4.333333333333333,3.8333333333333335,2.8333333333333335,3.5,4,2.3333333333333335,2,3.142857142857143,2,2,30–34,32,500–<630,561.2486080160912,mixed,3,5,-1,-2,0,0,-2,-1,6
638,4,3,3,4,4,3,3,3,2,3,3,3,4,2,3,3,4,3,3,1,3,2,3,3,3,2,3,1,2,2,4,4,4,6,4,3,2,4,4,4,2,4,6,5,4,3,3,3,4,5,3,4,3,2,4,4,3,3.5,2.8333333333333335,3.1666666666666665,2.5,2.1666666666666665,4.166666666666667,3.3333333333333335,4,3.5,1,35–39,37,2000–<2800,2366.4319132398464,mixed,3,5,-2,0,-1,-1,-1,-1,4
605,4,5,4,5,4,6,4,5,3,3,4,2,3,4,2,2,4,3,2,4,2,3,3,4,4,5,4,3,6,5,3,3,2,4,1,2,1,4,4,3,3,3,4,4,5,2,5,5,6,3,5,2,4,5,3,3,4,4.666666666666667,3.5,3,3,4.5,2.5,3,4.428571428571429,3.625,1,40–44,42,2800+,5916.079783099616,conservative_leaning,3,5,-3,-1,-2,1,-3,-1,4
402,6,3,5,5,4,4,3,5,4,4,4,4,2,3,2,3,2,1,4,3,4,3,4,3,5,5,4,6,5,5,1,2,4,2,3,2,3,3,2,4,3,3,5,5,4,6,6,4,3,3,2,3,3,2,4,4,2,4.5,4,2.1666666666666665,3.5,5,2.3333333333333335,3,4.714285714285714,2.875,1,35–39,37,2000–<2800,2366.4319132398464,left_leaning,3,5,1,-1,-2,-2,0,-3,801
410,4,4,4,3,5,3,3,3,2,2,2,2,3,4,4,3,4,4,4,5,4,5,4,5,4,5,4,5,5,5,5,1,3,5,3,4,4,4,4,2,5,4,4,4,5,4,6,4,4,4,4,4,4,3,3,2,3,3.8333333333333335,2.3333333333333335,3.6666666666666665,4.5,4.666666666666667,3.5,3.8333333333333335,4.428571428571429,3.375,1,40–44,42,<500,422.49260348555214,conservative_leaning,3,5,0,2,0,-1,-2,-2,1
661,3,3,5,4,3,4,2,3,4,2,3,3,3,1,3,3,4,2,5,5,4,4,4,4,4,4,3,4,4,4,3,3,3,3,5,5,3,3,2,3,3,3,3,4,4,3,3,2,4,3,4,4,3,5,3,3,2,3.6666666666666665,2.8333333333333335,2.6666666666666665,4.333333333333333,3.8333333333333335,3.6666666666666665,2.8333333333333335,3.2857142857142856,3.375,1,60–64,62,1050–<1400,1212.4355652982142,left_leaning,3,5,2,0,-2,0,-1,2,4
532,3,4,4,3,4,3,3,5,4,5,4,5,2,2,3,3,1,2,3,5,3,4,5,5,4,5,5,4,3,3,2,4,3,3,2,3,5,2,4,4,4,3,5,4,5,5,5,4,5,1,3,3,1,3,3,3,1,3.5,4.333333333333333,2.1666666666666665,4.166666666666667,4,2.8333333333333335,3.6666666666666665,4.714285714285714,2.25,2,50–54,52,2000–<2800,2366.4319132398464,conservative_leaning,3,5,-3,1,0,-1,-1,0,
258,5,4,4,4,3,2,3,2,1,2,2,3,2,1,1,1,1,2,4,5,3,2,4,3,5,5,5,4,5,6,4,3,3,3,2,1,3,3,3,3,1,3,5,5,5,5,4,5,5,3,3,2,2,1,1,1,3,3.6666666666666665,2.1666666666666665,1.3333333333333333,3.5,5,2.6666666666666665,2.6666666666666665,4.857142857142857,2,2,30–34,32,630–<800,709.9295739719539,left_leaning,3,5,1,0,0,-3,-3,1,7
536,2,5,5,5,4,5,4,5,5,3,2,4,5,4,4,3,4,3,3,4,3,3,6,3,3,5,3,4,3,3,3,1,2,4,3,4,3,2,3,3,3,2,4,2,2,4,2,4,3,2,2,3,3,5,4,4,3,4.333333333333333,3.8333333333333335,3.8333333333333335,3.6666666666666665,3.5,2.8333333333333335,2.6666666666666665,3,3.25,1,35–39,37,2000–<2800,2366.4319132398464,conservative_leaning,3,5,0,2,-1,-2,-3,0,4
345,5,5,5,5,4,6,4,2,3,4,4,3,2,1,2,1,2,1,3,3,3,4,4,4,5,3,3,4,3,4,2,2,3,4,3,3,3,3,1,3,3,2,3,4,4,5,5,5,5,3,3,3,1,4,2,3,2,5,3.3333333333333335,1.5,3.5,3.6666666666666665,2.8333333333333335,2.5,4.428571428571429,2.625,2,65–69,67,2800+,5916.079783099616,mixed,3,5,0,0,-1,0,0,-1,5
353,3,5,3,3,3,4,2,3,3,2,4,3,4,3,2,3,3,3,3,3,4,3,5,3,6,5,5,4,5,5,3,3,5,3,3,4,3,2,2,3,3,3,5,2,5,5,4,4,4,3,4,4,3,2,3,3,4,3.5,2.8333333333333335,3,3.5,5,3.5,2.6666666666666665,4.142857142857143,3.25,2,18–24,21,1400–<2000,1673.320053068151,left_leaning,3,5,0,-3,1,0,-3,-2,7
561,6,5,4,4,4,4,2,3,2,4,3,3,4,3,2,3,3,3,3,2,3,5,3,3,3,2,2,2,3,2,2,3,3,4,4,2,3,5,4,4,4,3,6,5,6,5,5,5,6,2,2,2,2,2,3,3,2,4.5,2.8333333333333335,3,3.1666666666666665,2.3333333333333335,3,3.8333333333333335,5.428571428571429,2.25,1,35–39,37,<500,422.49260348555214,left_leaning,3,5,-3,-2,1,-2,-3,1,1
351,6,5,6,5,6,5,5,3,4,4,3,3,4,5,4,5,5,4,6,6,6,5,6,6,6,5,6,5,6,5,3,3,3,2,3,2,2,2,3,1,3,2,6,4,4,4,3,4,3,3,3,2,3,3,4,3,2,5.5,3.6666666666666665,4.5,5.833333333333333,5.5,2.6666666666666665,2.1666666666666665,4,2.875,2,60–64,62,1050–<1400,1212.4355652982142,mixed,3,5,0,0,-1,2,0,1,6
649,4,4,4,5,5,5,4,4,6,3,4,4,2,2,2,2,2,2,5,4,3,4,4,4,4,5,5,3,3,4,4,5,3,2,3,5,4,5,5,2,4,4,4,5,5,5,4,4,5,3,5,4,5,3,4,4,4,4.5,4.166666666666667,2,4,4,3.6666666666666665,4,4.571428571428571,4,1,65–69,67,2800+,5916.079783099616,conservative_leaning,3,5,-2,3,-2,-1,0,-1,322
747,5,6,6,5,6,5,4,4,4,3,5,4,3,4,3,4,4,4,4,5,6,5,3,5,6,4,6,6,6,6,2,3,3,3,3,3,4,3,3,4,4,3,6,3,5,4,5,5,4,4,4,3,3,3,3,3,2,5.5,4,3.6666666666666665,4.666666666666667,5.666666666666667,2.8333333333333335,3.5,4.571428571428571,3.125,1,50–54,52,2800+,5916.079783099616,conservative_leaning,3,5,-3,-3,0,1,-1,-3,322
173,5,5,6,5,5,4,4,2,3,3,3,3,1,2,2,1,2,3,3,2,3,5,5,6,5,4,4,5,4,4,3,2,2,3,2,3,4,2,4,4,3,3,5,5,4,5,3,5,4,3,5,4,4,4,3,3,3,5,3,1.8333333333333333,4,4.333333333333333,2.5,3.3333333333333335,4.428571428571429,3.625,1,45–49,47,<500,422.49260348555214,mixed,3,5,-2,-1,-3,0,0,-2,801
548,4,5,5,4,4,3,4,4,4,4,3,4,4,4,4,3,3,4,3,4,4,4,3,5,4,5,3,4,4,4,4,4,3,4,4,3,4,3,4,3,4,2,4,3,3,3,4,2,3,3,4,4,2,3,3,3,1,4.166666666666667,3.8333333333333335,3.6666666666666665,3.8333333333333335,4,3.6666666666666665,3.3333333333333335,3.142857142857143,2.875,1,40–44,42,800–<1050,916.515138991168,mixed,3,5,0,1,-1,1,0,1,802
489,6,4,5,6,5,5,3,2,4,3,3,3,3,2,2,2,2,1,3,3,1,3,3,3,5,5,5,4,5,3,3,2,3,3,3,3,3,3,2,3,3,3,6,6,5,6,6,4,5,3,2,2,2,2,3,1,2,5.166666666666667,3,2,2.6666666666666665,4.5,2.8333333333333335,2.8333333333333335,5.428571428571429,2.125,2,40–44,42,<500,422.49260348555214,mixed,3,5,-2,0,-1,0,0,-1,1
140,6,5,6,4,6,5,4,4,4,3,3,5,1,2,3,1,3,2,3,3,5,4,3,4,5,4,5,4,6,4,4,4,4,3,4,3,3,3,1,2,2,3,5,3,4,5,3,4,3,1,3,2,1,1,2,2,3,5.333333333333333,3.8333333333333335,2,3.6666666666666665,4.666666666666667,3.6666666666666665,2.3333333333333335,3.857142857142857,1.875,2,55–59,57,2800+,5916.079783099616,conservative_leaning,3,5,0,-1,-3,0,1,-2,392
496,5,5,5,6,5,5,4,5,4,5,5,4,1,1,3,2,2,2,3,2,3,3,2,2,4,3,5,3,5,4,1,2,3,1,3,2,3,2,3,3,4,3,6,5,5,6,4,3,3,1,2,1,1,1,1,1,1,5.166666666666667,4.5,1.8333333333333333,2.5,4,2,3,4.571428571428571,1.125,1,35–39,37,1400–<2000,1673.320053068151,conservative_leaning,3,5,0,1,0,-3,-1,-2,6
210,5,3,4,4,3,4,1,3,1,3,1,3,2,4,2,2,4,4,4,4,2,4,4,3,4,4,5,4,4,5,5,4,4,3,4,3,2,3,3,2,2,4,4,5,4,4,4,5,4,2,2,2,3,3,1,3,1,3.8333333333333335,2,3,3.5,4.333333333333333,3.8333333333333335,2.6666666666666665,4.285714285714286,2.125,1,40–44,42,2000–<2800,2366.4319132398464,mixed,3,5,-3,-1,-1,-3,0,-1,5
39,4.604562765878146,4,5,5,5,4,4,5,3,3,4,4,5,2,2,3,3,4,4,3,4,4,4,4,5,5,3,3,4,3,3,3,3,4,2,2,1,4,4,2,3,3,3,3,5,4,5,4,2,1,1,2,3,1,3,1,2,4.600760460979691,3.8333333333333335,3.1666666666666665,3.8333333333333335,3.8333333333333335,2.8333333333333335,2.8333333333333335,3.7142857142857144,1.75,2,45–49,47,2800+,5916.079783099616,left_leaning,3,5,0,-2,-1,-2,0,2,1
388,5,6,5,5,5,6,6,6,5,5,5,6,2,1,2,2,4,2,5,4,3,4,5,3,6,5,4,4,6,6,2,1,2,1,2,2,2,3,2,3,2,3,3,4,3,4,3,4,4,2,2,3,4,3,2,2,2,5.333333333333333,5.5,2.1666666666666665,4,5.166666666666667,1.6666666666666667,2.5,3.5714285714285716,2.5,2,60–64,62,500–<630,561.2486080160912,conservative_leaning,3,5,-1,1,-1,-3,-3,-2,4
95,6,5,4,5,5,6,3,4,2,3,2,5,4,3,3,3,3,4,4,2,3,3,4,4,6,4,5,5,6,4,2,2,3,3,3,3,2,2,2,3,3,2,5,4,5,4,5,4,6,3,2,3,3,3,2,3,3,5.166666666666667,3.1666666666666665,3.3333333333333335,3.3333333333333335,5,2.6666666666666665,2.3333333333333335,4.714285714285714,2.75,1,60–64,62,2800+,5916.079783099616,mixed,3,5,-2,0,-3,-3,-1,-2,5
487,4,6,4,4,3,4,5,4,5,4,3,5,5,3,1,3,2,3,2,3,3,2,3,3,5,5,5,6,5,5,4,2,2,2,3,2,5,5,5,4,3,4,3,5,5,4,4,3,5,2,1,2,1,3,2,1,1,4.166666666666667,4.333333333333333,2.8333333333333335,2.6666666666666665,5.166666666666667,2.5,4.333333333333333,4.142857142857143,1.625,2,35–39,37,2000–<2800,2366.4319132398464,left_leaning,3,5,1,-3,0,-3,-3,1,
741,5,5,5,5,4,6,3,4,5,4,5,6,3,3,3,5,2,4,5,4,4,4,4,4,5,4,3,3,3,4,3,4,2,3,3,3,2,4,2,2,2,3,3,2,4,1,2,5,3,2,3,3,2,3,3,3,2,5,4.5,3.3333333333333335,4.166666666666667,3.6666666666666665,3,2.5,2.857142857142857,2.625,1,30–34,32,2800+,5916.079783099616,mixed,3,5,-1,3,-1,0,-1,2,7
102,6,5,4,6,6,5,2,4,3,2,3,2,1,3,1,1,2,3,3,4,2,2,4,2,5,3,3,3,3,5,4,4,5,3,5,4,3,3,3,1,3,4,6,5,5,5,5,5,6,3,4,3,3,4,4,4,3,5.333333333333333,2.6666666666666665,1.8333333333333333,2.8333333333333335,3.6666666666666665,4.166666666666667,2.8333333333333335,5.285714285714286,3.5,1,40–44,42,<500,422.49260348555214,conservative_leaning,3,5,-1,1,-3,3,3,-3,322
144,6,4,6,5,4,5,6,4,3,4,5,4,2,2,1,2,2,3,4,3,4,4,3,3,4,5,6,5,4,4,3,3,3,5,5,2,2,2,2,2,1,1,4,5,4,5,5,5,4,1,3,2,2,2,2,4,4,5,4.333333333333333,2,3.5,4.666666666666667,3.5,1.6666666666666667,4.571428571428571,2.5,1,30–34,32,<500,422.49260348555214,left_leaning,3,5,1,0,3,0,-3,1,4
588,5,4,5,5,3,4,4,4,4,4,4,4,2,2,2,2,2,3,2,2,4,3,4,3,5,3,3,4,2,3,3,3,3,2,3,2,3,2,3,3,5,3,5,5,4,5,6,5,3,4,1,2,3,1,1,3,3,4.333333333333333,4,2.1666666666666665,3,3.3333333333333335,2.6666666666666665,3.1666666666666665,4.714285714285714,2.25,2,65–69,67,500–<630,561.2486080160912,left_leaning,3,5,2,0,0,-1,-1,-1,392
377,3,4,4,3,3,2,3,3,3,3,4,3,3,3,3,2,2,4,3,2,4,4,4,3,2,5,2,4,5,4,3,3,3,3,2,3,4,3,3,3,2,2,4,3,3,3,4,4,4,1,2,1,2,3,2,2,3,3.1666666666666665,3.1666666666666665,2.8333333333333335,3.3333333333333335,3.6666666666666665,2.8333333333333335,2.8333333333333335,3.5714285714285716,2,1,35–39,37,800–<1050,916.515138991168,left_leaning,3,5,0,0,2,-2,-3,0,1
458,4,6,5,5,4,5,5,4,5,3,4,5,3,2,3,3,3,3,2,3,3,2,3,3,4,4,5,3,6,5,3,3,5,3,3,2,4,4,4,4,5,4,5,5,5,5,5,4,6,2,2,4,3,3,3,3,3,4.833333333333333,4.333333333333333,2.8333333333333335,2.6666666666666665,4.5,3.1666666666666665,4.166666666666667,5,2.875,1,65–69,67,2800+,5916.079783099616,mixed,3,5,-1,-2,-1,-2,-1,0,1
126,4,5,3,5,5,5,3,5,5,5,5,5,3,3,2,3,2,2,2,4,4,3,4,3,4,4,4,5,4,5,3,3,3,3,2,3,1,3,4,4,4,4,6,6,5,5,4,5,5,3,3,3,2,2,1,2,2,4.5,4.666666666666667,2.5,3.3333333333333335,4.333333333333333,2.8333333333333335,3.3333333333333335,5.142857142857143,2.25,2,65–69,67,<500,422.49260348555214,mixed,3,5,2,2,2,-2,-1,-1,4
200,4,5,4,5,6,4,3,5,3,5,5,3,3,4,3,4,4,3,5,4,4,5,5,4,4,6,5,5,4,5,6,4,5,5,3,6,4,4,4,4,2,4,5,4,5,5,5,5,4,4,2,4,3,4,3,4,4,4.666666666666667,4,3.5,4.5,4.833333333333333,4.833333333333333,3.6666666666666665,4.714285714285714,3.5,2,65–69,67,1400–<2000,1673.320053068151,left_leaning,3,5,0,-1,2,-1,-3,3,6
368,3,4,4,4,4,5,4,4,2,4,4,2,3,2,3,2,2,2,3,2,3,4,3,3,6,5,5,5,5,4,2,1,4,3,2,2,3,2,2,3,2,2,4,4,3,4,4,4,4,2,2,2,2,2,3,3,1,4,3.3333333333333335,2.3333333333333335,3,5,2.3333333333333335,2.3333333333333335,3.857142857142857,2.125,2,65–69,67,2000–<2800,2366.4319132398464,mixed,3,5,1,1,-1,0,-1,-1,4
703,6,5,6,6,5,6,4,4,4,3,4,5,2,1,2,2,2,3,3,4,5,4,4,3,5,5,6,5,5,5,3,1,3,3,2,3,1,4,3,2,3,3,4,3,3,4,4,5,3,3,3,2,3,3,2,2,2,5.666666666666667,4,2,3.8333333333333335,5.166666666666667,2.5,2.6666666666666665,3.7142857142857144,2.5,2,30–34,32,800–<1050,916.515138991168,left_leaning,3,5,3,0,-1,-1,-3,1,4
416,6,4,6,4,6,6,4,4,5,4,4,4,2,2,2,3,3,3,4,2,3,4,4,4,5,6,5,5,5,5,3,4,1,2,1,1,1,1,1,2,1,2,2,1,1,3,2,2,2,3,2,3,3,4,4,4,4,5.333333333333333,4.166666666666667,2.5,3.5,5.166666666666667,2,1.3333333333333333,1.8571428571428572,3.375,2,50–54,52,<500,422.49260348555214,mixed,3,5,1,1,0,-1,-3,-3,1
580,4,6,5,6,4,4,4,4,3,4,6,4,3,2,2,3,5,4,4,2,3,5,4,4,6,5,4,5,4,3,2,1,4,3,4,3,3,5,2,2,3,3,5,4,4,3,1,2,4,4,3,3,3,2,3,3,3,4.833333333333333,4.166666666666667,3.1666666666666665,3.6666666666666665,4.5,2.8333333333333335,3,3.2857142857142856,3,2,60–64,62,1050–<1400,1212.4355652982142,conservative_leaning,3,5,0,1,0,-2,-3,-2,1
146,4,4,3,4,4,4,3,3,2,3,3,2,3,4,3,3,2,3,4,5,5,5,4,5,5,5,6,6,5,5,2,2,2,2,3,3,2,3,3,1,3,2,3,4,2,3,5,3,4,1,3,2,3,2,1,1,1,3.8333333333333335,2.6666666666666665,3,4.666666666666667,5.333333333333333,2.3333333333333335,2.3333333333333335,3.4285714285714284,1.75,2,40–44,42,1050–<1400,1212.4355652982142,left_leaning,3,5,1,-1,2,-2,-3,1,7
223,3,4,3,4,4,3,2,3,5,3,2,3,4,3,5,2,4,4,4,4,4,3,2,4,4,4,4,4,4,5,3,3,3,4,4,5,3,3,3,2,3,3,4,3,4,3,3,5,4,3,3,4,4,4,5,3,4,3.5,3,3.6666666666666665,3.5,4.166666666666667,3.6666666666666665,2.8333333333333335,3.7142857142857144,3.75,1,50–54,52,1050–<1400,1212.4355652982142,mixed,3,5,0,1,1,0,-1,-2,1
573,6,5,6,6,4,6,4,4,4,4,3,3,2,3,3,2,3,3,2,4,3,4,2,2,3,4,4,5,4,5,2,3,4,5,3,4,1,2,2,2,2,3,2,4,3,3,4,4,3,2,3,1,2,2,4,3,2,5.5,3.6666666666666665,2.6666666666666665,2.8333333333333335,4.166666666666667,3.5,2,3.2857142857142856,2.375,2,35–39,37,1050–<1400,1212.4355652982142,conservative_leaning,3,5,-2,-2,-1,1,0,-2,4
225,4,5,5,5,5,4,5,2,4,3,4,3,3,3,2,3,3,2,3,4,4,3,3,4,5,4,3,4,4,4,3,2,4,3,3,4,2,3,3,1,2,3,4,3,4,3,5,5,5,4,4,3,3,5,3,3,3,4.666666666666667,3.5,2.6666666666666665,3.5,4,3.1666666666666665,2.3333333333333335,4.142857142857143,3.5,1,30–34,32,2000–<2800,2366.4319132398464,conservative_leaning,3,5,0,1,-2,2,-3,-1,1
706,5,5,4,5,6,6,4,4,5,4,4,6,4,2,1,2,3,3,4,4,3,4,4,5,2,5,5,4,5,5,2,2,2,3,3,2,3,3,3,2,3,2,5,4,3,5,4,5,2,4,4,3,3,3,2,3,3,5.166666666666667,4.5,2.5,4,4.333333333333333,2.3333333333333335,2.6666666666666665,4,3.125,2,35–39,37,<500,422.49260348555214,left_leaning,3,5,-1,0,0,-3,-1,1,6
542,3,3,3,2,4,2,1,2,2,2,2,3,3,4,3,3,5,3,2,1,2,1,3,2,2,1,2,3,2,2,4,2,3,2,3,4,2,2,4,3,4,2,4,6,5,5,5,5,5,4,4,4,5,3,4,5,4,2.8333333333333335,2,3.5,1.8333333333333333,2,3,2.8333333333333335,5,4.125,1,65–69,67,2000–<2800,2366.4319132398464,conservative_leaning,3,5,-1,2,-1,1,2,-1,5
233,4,6,5,5,5,5,4,4,3,3,5,3,2,2,3,1,3,2,3,4,3,5,5,3,4,5,6,4,4,4,3,2,2,1,1,3,4,4,4,3,4,2,3,4,5,2,3,4,4,4,4,4,3,2,4,4,1,5,3.6666666666666665,2.1666666666666665,3.8333333333333335,4.5,2,3.5,3.5714285714285716,3.25,1,65–69,67,1400–<2000,1673.320053068151,mixed,3,5,2,0,0,1,-1,0,322
547,5,6,6,5,5,4,2,3,1,3,3,2,3,2,4,3,4,4,2,5,3,4,5,4,2,3,4,3,3,3,3,2,1,3,3,2,2,4,4,3,1,3,5,5,5,4,5,6,5,2,2,3,2,3,2,3,3,5.166666666666667,2.3333333333333335,3.3333333333333335,3.8333333333333335,3,2.3333333333333335,2.8333333333333335,5,2.5,1,50–54,52,2000–<2800,2366.4319132398464,left_leaning,3,5,2,0,0,-2,-3,0,4
505,6,5,6,5,6,5,4,5,5,5,6,5,2,2,2,3,3,2,4,4,4,4,4,3,3,5,4,4,5,6,1,2,4,1,3,3,4,2,4,2,3,3,5,3,5,5,4,5,4,2,3,1,2,1,1,2,1,5.5,5,2.3333333333333335,3.8333333333333335,4.5,2.3333333333333335,3,4.428571428571429,1.625,2,35–39,37,1050–<1400,1212.4355652982142,mixed,3,5,0,-1,-1,0,-3,0,6
446,3,3,3,2,3,4,3,4,3,4,4,3,4,3,2,3,3,3,2,5,3,2,4,5,6,6,5,6,6,4,3,3,4,4,2,4,4,3,4,3,2,4,4,4,5,4,5,5,4,4,4,5,5,5,4,3,2,3,3.5,3,3.5,5.5,3.3333333333333335,3.3333333333333335,4.428571428571429,4,1,65–69,67,2800+,5916.079783099616,mixed,3,5,-2,2,2,-2,-1,-2,6
170,4,3,3,5,3,4,3,3,4,3,4,4,2,3,1,3,3,3,3,3,5,3,3,4,5,5,4,5,5,5,3,4,5,3,4,2,3,2,3,2,3,3,6,4,5,4,4,5,4,3,4,4,4,4,5,4,5,3.6666666666666665,3.5,2.5,3.5,4.833333333333333,3.5,2.6666666666666665,4.571428571428571,4.125,1,50–54,52,<500,422.49260348555214,conservative_leaning,3,5,-1,-2,-1,-2,2,-3,322
734,5,4,4,4,5,4,1,2,2,2,2,2,1,4,1,2,2,3,3,2,3,3,2,3,4,4,3,4,2,3,2,2,2,1,1,2,3,2,2,2,3,4,3,3,3,3,2,4,3,3,2,3,3,1,2,2,3,4.333333333333333,1.8333333333333333,2.1666666666666665,2.6666666666666665,3.3333333333333335,1.6666666666666667,2.6666666666666665,3,2.375,1,45–49,47,2800+,5916.079783099616,left_leaning,3,5,1,-2,-3,-1,-2,1,
600,3,5,5,6,4,4,3,4,3,3,3,4,2,4,4,3,3,5,5,3,4,5,3,3,6,5,3,3,4,4,4,3,3,4,5,4,4,3,3,3,2,5,5,6,5,4,5,5,5,3,2,2,4,3,3,2,2,4.5,3.3333333333333335,3.5,3.8333333333333335,4.166666666666667,3.8333333333333335,3.3333333333333335,5,2.625,2,35–39,37,2800+,5916.079783099616,left_leaning,3,5,0,-3,1,-1,-2,-1,5
610,6,6,5,4,6,6,6,3,4,5,4,3,3,3,2,2,1,2,3,2,3,4,3,3,4,4,4,3,3,4,1,3,2,1,3,3,4,3,3,3,4,3,3,6,5,5,5,5,5,3,3,1,1,2,3,2,2,5.5,4.166666666666667,2.1666666666666665,3,3.6666666666666665,2.1666666666666665,3.3333333333333335,4.857142857142857,2.125,2,60–64,62,1050–<1400,1212.4355652982142,mixed,3,5,1,-1,-1,1,-2,-3,4
670,3,4,5,4,6,4,4,2,3,4,2,3,1,1,2,1,2,1,3,3,3,2,1,2,5,3,3,5,3,2,4,3,3,3,4,4,4,5,4,5,4,4,6,6,6,6,6,6,5,2,3,1,3,3,2,4,2,4.333333333333333,3,1.3333333333333333,2.3333333333333335,3.5,3.5,4.333333333333333,5.857142857142857,2.5,1,45–49,47,2800+,5916.079783099616,conservative_leaning,3,5,-2,2,0,1,-2,0,1
17,5,5,4,6,6,4,3,5,4,3,2,3,2,2,2,2,3,2,4,2,4,3,3,4,4,3,2,4,3,4,1,1,1,1,1,1,3,2,1,2,1,1,2,2,2,3,3,3,4,2,3,1,1,1,1,2,2,5,3.3333333333333335,2.1666666666666665,3.3333333333333335,3.3333333333333335,1,1.6666666666666667,2.7142857142857144,1.625,2,45–49,47,1050–<1400,1212.4355652982142,conservative_leaning,3,5,0,3,0,0,-2,0,6
242,6,4,5,5,4,6,4,3,2,3,4,4,4,3,3,3,3,3,3,3,4,4,4,4,3,4,4,5,5,5,2,3,2,4,1,3,3,4,2,3,2,3,4,5,4,4,5,5,3,4,2,4,3,3,3,3,4,5,3.3333333333333335,3.1666666666666665,3.6666666666666665,4.333333333333333,2.5,2.8333333333333335,4.285714285714286,3.25,1,30–34,32,2000–<2800,2366.4319132398464,left_leaning,3,5,1,-1,0,-2,0,-1,1
288,4,3,5,5,4,4,3,3,3,4,5,4,4,4,2,3,4,4,5,4,5,5,5,6,5,4,5,4,4,4,1,2,1,2,1,1,3,4,1,4,2,3,3,3,3,4,2,3,2,3,3,2,4,2,2,2,3,4.166666666666667,3.6666666666666665,3.5,5,4.333333333333333,1.3333333333333333,2.8333333333333335,2.857142857142857,2.625,1,40–44,42,<500,422.49260348555214,conservative_leaning,3,5,-3,2,0,3,1,-1,
337,2,4,4,4,4,3,2,2,2,2,3,2,1,1,2,2,1,1,1,1,4,2,2,2,4,4,3,4,4,3,5,5,3,4,4,3,3,3,3,4,3,4,3,4,6,6,6,6,5,3,3,3,3,2,3,2,2,3.5,2.1666666666666665,1.3333333333333333,2,3.6666666666666665,4,3.3333333333333335,5.142857142857143,2.625,1,50–54,52,800–<1050,916.515138991168,mixed,3,5,-1,1,1,0,0,0,392
712,6,5,5,4,6,5,5,3,5,5,4,6,5,4,4,4,2,2,3,4,3,4,4,3,6,6,6,6,6,6,3,3,3,5,3,3,2,2,2,2,4,2,6,6,6,6,6,5,5,3,3,5,2,3,3,2,4,5.166666666666667,4.666666666666667,3.5,3.5,6,3.3333333333333335,2.3333333333333335,5.714285714285714,3.125,2,35–39,37,1400–<2000,1673.320053068151,mixed,3,5,0,-2,-1,1,-1,1,1
418,3,5,4,3,2,4,4,4,2,2,3,4,3,4,3,3,3,2,3,3,3,4,4,4,5,4,4,4,4,4,5,2,2,4,3,2,1,1,2,2,1,1,4,3,2,2,3,3,5,3,3,3,4,2,2,3,2,3.5,3.1666666666666665,3,3.5,4.166666666666667,3,1.3333333333333333,3.142857142857143,2.75,1,35–39,37,2800+,5916.079783099616,mixed,3,5,-1,1,1,-3,-1,-1,6
322,5,5,4,5,4,3,4,5,5,3,3,4,3,3,5,4,3,4,3,4,5,4,5,4,4,5,5,4,4,4,3,3,2,3,3,3,2,2,5,3,1,1,4,4,4,4,3,2,3,3,3,3,2,3,3,4,2,4.333333333333333,4,3.6666666666666665,4.166666666666667,4.333333333333333,2.8333333333333335,2.3333333333333335,3.4285714285714284,2.875,1,25–29,27,1050–<1400,1212.4355652982142,left_leaning,3,5,0,-2,3,-3,-3,-2,
125,4,3,4,4,5,4,3,5,5,4,6,4,2,3,3,3,3,3,2,1,3,3,3,2,6,5,5,4,4,4,2,3,3,4,3,3,2,3,4,2,2,3,6,4,3,3,4,6,4,2,2,5,3,3,2,4,3,4,4.5,2.8333333333333335,2.3333333333333335,4.666666666666667,3,2.6666666666666665,4.285714285714286,3,1,50–54,52,2000–<2800,2366.4319132398464,conservative_leaning,3,5,-1,-3,-2,1,0,-3,
183,3,4,4,5,4,5,3,3,3,4,2,2,3,2,4,4,4,3,3,3,5,5,5,4,4,2,3,4,4,3,4,2,3,3,5,3,3,4,4,3,3,4,4,3,4,4,4,4,3,3,2,1,2,2,2,3,2,4.166666666666667,2.8333333333333335,3.3333333333333335,4.166666666666667,3.3333333333333335,3.3333333333333335,3.5,3.7142857142857144,2.125,2,45–49,47,2000–<2800,2366.4319132398464,left_leaning,3,5,1,-2,0,-2,-2,1,
230,6,6,5,4,6,6,3,3,3,2,5,3,3,1,1,1,1,1,3,2,4,3,3,2,4,4,5,3,5,3,2,3,2,1,3,2,3,2,1,3,3,2,3,5,5,4,6,5,6,1,2,3,3,2,1,1,2,5.5,3.1666666666666665,1.3333333333333333,2.8333333333333335,4,2.1666666666666665,2.3333333333333335,4.857142857142857,1.875,2,65–69,67,2000–<2800,2366.4319132398464,mixed,3,5,-3,-1,-3,0,-3,-2,
100,3,5,4,4,4,4,4,3,3,3,4,4,3,2,3,2,2,2,3,4,4,4,2,3,3,4,3,3,4,5,3,5,5,4,3,3,4,3,6,5,3,3,3,4,4,5,4,4,4,3,2,1,2,2,1,4,2,4,3.5,2.3333333333333335,3.3333333333333335,3.6666666666666665,3.8333333333333335,4,4,2.125,1,18–24,21,<500,422.49260348555214,conservative_leaning,3,5,-2,1,0,0,-1,-2,801
300,5,4,5,5,6,5,5,4,5,4,4,3,3,2,1,3,2,2,3,4,4,4,5,4,5,4,3,4,5,3,4,3,3,4,2,4,2,2,2,3,2,3,4,3,3,4,4,3,5,2,2,2,3,2,2,2,1,5,4.166666666666667,2.1666666666666665,4,4,3.3333333333333335,2.3333333333333335,3.7142857142857144,2,2,40–44,42,2800+,5916.079783099616,left_leaning,3,5,1,-3,-3,-3,-1,-3,6
137,5,4,6,6,6,4,3,3,4,3,3,4,3,4,2,3,3,2,4,3,5,3,3,3,3,6,5,6,5,6,1,3,2,2,2,4,3,2,3,4,3,2,5,5,5,5,6,5,4,3,2,1,1,2,2,2,2,5.166666666666667,3.3333333333333335,2.8333333333333335,3.5,5.166666666666667,2.3333333333333335,2.8333333333333335,5,1.875,2,35–39,37,2000–<2800,2366.4319132398464,mixed,3,5,1,0,-3,1,0,-1,1
59,3,4,5,4,3,4,3,4,4,4,3,5,3,4,2,3,3,2,4,3,3,4,4,3,4,2,4,3,3,3,3,3,3,4,3,3,4,5,4,3,4,5,3,5,5,3,4,5,5,5,3,3,3,3,3,4,3,3.8333333333333335,3.8333333333333335,2.8333333333333335,3.5,3.1666666666666665,3.1666666666666665,4.166666666666667,4.285714285714286,3.375,1,25–29,27,500–<630,561.2486080160912,conservative_leaning,3,5,-1,0,-2,2,-1,0,322
372,3,4,5,4,5,4,5,3,5,4,4,4,3,3,4,3,4,2,5,5,6,4,5,5,4,3,3,3,3,6,4,3,4,4,3,5,2,4,2,3,1,4,4,4,4,3,4,4,4,4,3,2,2,3,5,4,4,4.166666666666667,4.166666666666667,3.1666666666666665,5,3.6666666666666665,3.8333333333333335,2.6666666666666665,3.857142857142857,3.375,1,35–39,37,<500,422.49260348555214,left_leaning,3,5,1,0,-2,-1,-2,-2,322
184,5,4,6,5,5,5,4,4,4,4,4,3,3,3,3,2,2,3,5,5,5,5,4,5,6,6,5,6,6,6,3,2,4,3,4,3,3,3,3,2,3,4,4,3,5,3,2,4,5,4,3,2,3,2,1,3,3,5,3.8333333333333335,2.6666666666666665,4.833333333333333,5.833333333333333,3.1666666666666665,3,3.7142857142857144,2.625,2,35–39,37,500–<630,561.2486080160912,left_leaning,3,5,0,-3,-1,-3,-2,3,7
128,5,6,5,5,5,5,4,4,2,5,5,4,1,1,1,3,1,3,4,3,3,4,3,3,5,5,5,4,4,4,2,3,4,4,3,2,3,4,4,4,4,5,5,4,4,5,4,4,5,1,1,2,1,2,2,1,1,5.166666666666667,4,1.6666666666666667,3.3333333333333335,4.5,3,4,4.428571428571429,1.375,2,40–44,42,1050–<1400,1212.4355652982142,left_leaning,3,5,2,-2,0,-3,-1,1,6
530,4,5,5,4,4,5,3,3,3,4,3,4,3,3,3,2,2,2,4,4,4,3,3,3,2,4,3,4,4,2,3,4,4,2,3,3,4,3,3,3,3,2,2,5,4,4,4,4,3,2,3,3,3,3,2,1,3,4.5,3.3333333333333335,2.5,3.5,3.1666666666666665,3.1666666666666665,3,3.7142857142857144,2.5,1,65–69,67,<500,422.49260348555214,left_leaning,3,5,-3,-2,1,-2,-3,0,6
467,6,5,5,6,5,6,3,4,4,4,5,3,3,4,2,2,4,3,4,5,5,3,5,4,5,4,4,4,5,5,2,2,2,2,3,3,2,2,2,4,3,3,6,6,3,5,5,5,6,2,2,1,3,3,3,2,3,5.5,3.8333333333333335,3,4.333333333333333,4.5,2.3333333333333335,2.6666666666666665,5.142857142857143,2.375,2,40–44,42,630–<800,709.9295739719539,mixed,3,5,0,0,-1,-1,-3,0,1
66,5,5,5,6,4,4,4,3,4,4,4,4,2,2,3,4,4,2,2,3,2,3,3,4,5,4,4,3,5,4,3,4,3,2,5,2,3,3,4,2,3,4,5,4,3,4,4,3,3,2,3,2,3,3,1,2,2,4.833333333333333,3.8333333333333335,2.8333333333333335,2.8333333333333335,4.166666666666667,3.1666666666666665,3.1666666666666665,3.7142857142857144,2.25,1,35–39,37,630–<800,709.9295739719539,left_leaning,3,5,1,-1,0,-3,-1,0,801
369,6,5,5,5,6,5,3,4,3,4,3,5,3,2,2,3,3,3,3,5,4,3,4,4,4,4,3,4,5,4,2,1,4,3,2,3,2,4,2,2,3,3,4,4,4,5,5,3,5,3,3,4,3,4,2,3,4,5.333333333333333,3.6666666666666665,2.6666666666666665,3.8333333333333335,4,2.5,2.6666666666666665,4.285714285714286,3.25,1,50–54,52,2000–<2800,2366.4319132398464,mixed,3,5,-3,0,-3,-1,-1,-2,1
534,3,5,4,5,4,3,4,4,3,4,3,3,4,3,3,4,4,4,3,4,5,5,4,3,4,5,6,3,4,4,2,2,2,4,1,2,3,3,3,2,2,2,2,3,4,3,4,6,4,1,3,3,3,2,2,3,3,4,3.5,3.6666666666666665,4,4.333333333333333,2.1666666666666665,2.5,3.7142857142857144,2.5,2,45–49,47,2800+,5916.079783099616,conservative_leaning,3,5,-2,0,-3,0,1,-2,1
121,5,4,6,6,5,6,4,5,5,4,4,2,3,2,2,2,3,2,3,5,4,4,4,5,5,4,4,5,5,6,2,3,4,3,3,2,5,3,2,3,4,4,6,5,5,5,5,4,5,3,3,2,3,3,4,3,4,5.333333333333333,4,2.3333333333333335,4.166666666666667,4.833333333333333,2.8333333333333335,3.5,5,3.125,1,50–54,52,1050–<1400,1212.4355652982142,left_leaning,3,5,2,-3,0,0,-2,0,6
754,4,3,4,4,4,4,2,2,2,3,3,3,2,2,2,2,2,1,3,2,2,1,3,2,3,4,3,4,4,4,4,3,2,2,4,2,4,3,4,4,3,5,6,4,6,5,4,5,6,1,3,3,3,2,1,3,2,3.8333333333333335,2.5,1.8333333333333333,2.1666666666666665,3.6666666666666665,2.8333333333333335,3.8333333333333335,5.142857142857143,2.25,2,55–59,57,500–<630,561.2486080160912,mixed,3,5,-1,1,-1,0,1,1,1
289,5,5,6,5,5,5,5,4,5,3,4,5,1,2,1,2,1,3,4,4,5,3,4,4,4,4,4,3,3,4,3,4,2,4,2,3,3,3,3,3,2,4,6,4,4,4,3,4,4,1,2,1,1,2,1,1,2,5.166666666666667,4.333333333333333,1.6666666666666667,4,3.6666666666666665,3,3,4.142857142857143,1.375,1,40–44,42,500–<630,561.2486080160912,left_leaning,3,5,2,-2,-2,-1,0,-3,7
769,3,4,3,4,4,3,2,5,3,3,4,3,2,2,2,3,3,2,3,4,3,3,4,3,4,3,3,4,4,2,2,3,3,3,1,4,3,1,3,3,3,2,5,6,3,4,3,2,5,2,1,1,2,2,2,2,2,3.5,3.3333333333333335,2.3333333333333335,3.3333333333333335,3.3333333333333335,2.6666666666666665,2.5,4,1.75,2,55–59,57,800–<1050,916.515138991168,conservative_leaning,3,5,-2,-1,-3,2,0,-2,4
172,6,6,6,6,6,6,4,5,4,4,6,3,2,2,2,3,3,2,5,3,5,4,4,4,5,3,6,5,5,4,4,3,3,2,3,3,2,3,3,3,3,3,5,3,3,4,4,3,3,3,2,3,3,2,1,4,2,6,4.333333333333333,2.3333333333333335,4.166666666666667,4.666666666666667,3,2.8333333333333335,3.5714285714285716,2.5,2,65–69,67,2800+,5916.079783099616,conservative_leaning,3,5,-1,0,-3,2,-1,0,4
676,5,5,5,5,5,5,4,3,3,4,4,3,1,2,4,2,2,3,3,2,2,2,2,4,5,5,4,3,3,4,4,3,2,3,4,2,4,3,1,3,1,3,4,3,4,2,3,4,3,2,3,3,3,2,5,3,3,5,3.5,2.3333333333333335,2.5,4,3,2.5,3.2857142857142856,3,2,25–29,27,2800+,5916.079783099616,left_leaning,3,5,-1,-1,1,-2,-3,0,7
537,4,3,4,3,5,4,3,3,3,4,4,3,2,3,2,2,2,2,2,3,2,3,2,2,4,3,3,3,4,5,2.5375409841245213,2,2,2,3,3,3,3,3,3,4,1,6,5,4,4,4,4,4,2,3,3,3,2,2,3,2,3.8333333333333335,3.3333333333333335,2.1666666666666665,2.3333333333333335,3.6666666666666665,2.422923497354087,2.8333333333333335,4.428571428571429,2.5,2,45–49,47,<500,422.49260348555214,left_leaning,3,5,1,-2,0,-2,0,-3,392
150,5,4,4,6,5,6,5,4,5,3,5,4,3,2,2,3,3,3,4,4,3,3,3,2,6,3,6,6,6,4,3,2,2,2,3,2,1,2,2,2,2,3,5,3,3,5,4,5,6,3,3,2,3,2,3,3,2,5,4.333333333333333,2.6666666666666665,3.1666666666666665,5.166666666666667,2.3333333333333335,2,4.428571428571429,2.625,1,60–64,62,2000–<2800,2366.4319132398464,conservative_leaning,3,5,0,1,0,-1,0,-2,1
129,5,5,5,6,6,4,3,3,3,4,2,4,2,2,3,3,3,4,3,4,3,5,2,2,4,5,4,5,4,5,3,2,3,2,4,4,3,3,3,1,3,2,4,5,5,5,4,4,5,5,4,3,6,3,3,5,3,5.166666666666667,3.1666666666666665,2.8333333333333335,3.1666666666666665,4.5,3,2.5,4.571428571428571,4,1,35–39,37,1050–<1400,1212.4355652982142,mixed,3,5,-2,1,1,-1,2,-3,
323,5,4,5,3,4,5,2,3,5,5,5,4,4,3,1,3,3,3,4,3,5,3,3,4,4,4,4,4,4,4,4,4,3,4,2,2,3,3,2,4,4,3,3,6,4,3,4,3,5,2,3,1,3,5,2,2,3,4.333333333333333,4,2.8333333333333335,3.6666666666666665,4,3.1666666666666665,3.1666666666666665,4,2.625,2,25–29,27,630–<800,709.9295739719539,left_leaning,3,5,1,-1,1,-1,-3,0,7
515,4,5,5,4,4,4,5,5,4,4,6,5,2,3,2,3,2,2,3,3,4,2,4,3,4,4,4,2,4,4,3,2,2,2,3,3,3,3,4,2,1,2,3,3,3,2,3,3,3,1,1,2,1,1,2,2,1,4.333333333333333,4.833333333333333,2.3333333333333335,3.1666666666666665,3.6666666666666665,2.5,2.5,2.857142857142857,1.375,1,45–49,47,2800+,5916.079783099616,conservative_leaning,3,5,0,2,-2,2,-2,-2,4
43,5,4,4,3,2,4,4,4,3,2,1,3,3,3,3,3,4,5,4,4,3,3,3,5,4,4,5,5,3,4,2,3,2,4,2,2,3,4,4,2,4,4,3,4,4,4,4,2,4,2,5,2,2,3,2,3,4,3.6666666666666665,2.8333333333333335,3.5,3.6666666666666665,4.166666666666667,2.5,3.5,3.5714285714285716,2.875,2,18–24,21,1050–<1400,1212.4355652982142,left_leaning,3,5,1,-1,0,0,-1,1,6
33,6,3,4,4,4,5,5,3,5,5,5,4,4,3,4,3,2,2,4,4,3,5,4,5,3,5,4,6,5,5,4,4,3,4,3,3,3,3,4,4,4,4,4,4,6,4,4,5,4,3,4,3,3,2,3,2,2,4.333333333333333,4.5,3,4.166666666666667,4.666666666666667,3.5,3.6666666666666665,4.428571428571429,2.75,,35–39,37,1050–<1400,1212.4355652982142,conservative_leaning,3,5,-1,1,-3,-1,2,-3,322
309,5,4,3,5,4,5,4,3,3,3,3,3,1,2,1,3,1,3,3,4,3,4,3,3,6,6,6,6,6,6,4,3,3,3,5,4,4,5,3,4,4,5,5,4,5,4,3,4,3,3,1,3,2,2,2,2,2,4.333333333333333,3.1666666666666665,1.8333333333333333,3.3333333333333335,6,3.6666666666666665,4.166666666666667,4,2.125,2,65–69,67,2800+,5916.079783099616,mixed,3,5,0,-1,-1,-1,-2,-1,4
195,6,6,5,5,5,4,2,3,4,5,4,3,2,2,1,2,3,3,3,4,3,4,2,3,2,4,3,4,2,2,2,4,3,2,1,3,4,3,4,4,4,3,5,5,6,6,6,5,6,3,2,1,1,3,2,1,4,5.166666666666667,3.5,2.1666666666666665,3.1666666666666665,2.8333333333333335,2.5,3.6666666666666665,5.571428571428571,2.125,2,55–59,57,1050–<1400,1212.4355652982142,left_leaning,3,5,-1,-1,-1,-2,-1,1,7
301,5,5,4,5,5,6,4,3,4,4,2,4,1,3,3,4,2,4,4,4,3,5,3,4,5,4,5,5,3,4,2,3,1,4,3,3,1,4,4,2,2,1,5,3,3,4,4,3,3,3,2,2,2,1,2,2,1,5,3.5,2.8333333333333335,3.8333333333333335,4.333333333333333,2.6666666666666665,2.3333333333333335,3.5714285714285716,1.875,2,50–54,52,1050–<1400,1212.4355652982142,left_leaning,3,5,-1,-2,1,0,-2,1,6
145,5,5,5,6,6,5,5,4,5,6,5,4,5,4,5,4,3,5,3,6,3,5,6,5,4,6,6,6,5,6,2,3,3,2,2,2,3,3,2,3,3,2,4,4,3,5,3,3,4,4,4,3,4,3,4,3,3,5.333333333333333,4.833333333333333,4.333333333333333,4.666666666666667,5.5,2.3333333333333335,2.6666666666666665,3.7142857142857144,3.5,2,18–24,21,<500,422.49260348555214,mixed,3,5,-1,1,1,1,1,-3,4
733,4,5,5,4,4,5,3,5,5,3,4,4,3,3,3,4,2,4,3,3,4,3,4,4,4,4,2,4,4,5,2,3,3,2,2,2,4,5,2,4,3,4,3,4,3,4,4,5,2,3,3,3,2,3,4,2,4,4.5,4,3.1666666666666665,3.5,3.8333333333333335,2.3333333333333335,3.6666666666666665,3.5714285714285716,3,1,40–44,42,2000–<2800,2366.4319132398464,conservative_leaning,3,5,-2,1,0,0,0,-3,322
157,4,4,3,3,4,4,4,3,3,3,3,4,4,3,3,2,3,2,2,2,3,2,4,4,6,4,4,3,4,5,3,3,3,3,4,2,4,3,5,4,4,4,4,3,4,6,2,3,3,3,3,3,3,2,1,2,3,3.6666666666666665,3.3333333333333335,2.8333333333333335,2.8333333333333335,4.333333333333333,3,4,3.5714285714285716,2.5,2,40–44,42,1050–<1400,1212.4355652982142,conservative_leaning,3,5,-3,1,-3,-1,0,0,
116,4,5,3,6,4,5,2,2,3,4,2,3,1,2,2,2,2,4,6,5,4,5,5,4,4,6,5,4,5,4,1,4,2,2,3,3,3,4,3,3,4,4,5,5,4,4,3,4,4,3,2,4,4,4,4,5,3,4.5,2.6666666666666665,2.1666666666666665,4.833333333333333,4.666666666666667,2.5,3.5,4.142857142857143,3.625,1,50–54,52,1050–<1400,1212.4355652982142,left_leaning,3,5,2,-3,2,-3,-3,-1,4
252,4,5,5,3,5,5,4,5,4,5,3,4,4,3,3,3,2,3,3,3,4,3,3,4,4,4,5,3,5,3,3,4,3,2,4,3,3,2,3,4,4,3,4,3,5,4,6,4,4,1,2,2,3,3,3,1,4,4.5,4.166666666666667,3,3.3333333333333335,4,3.1666666666666665,3.1666666666666665,4.285714285714286,2.375,2,45–49,47,<500,422.49260348555214,conservative_leaning,3,5,-1,2,-2,-3,-2,0,
456,6,5,6,5,5,4,3,3,3,4,3,4,1,2,2,1,2,2,2,3,3,3,2,2,3,2,4,4,3,4,2,2,2,3,3,2,3,2,2,2,5,4,6,6,5,6,6,6,6,3,2,2,1,2,2,1,3,5.166666666666667,3.3333333333333335,1.6666666666666667,2.5,3.3333333333333335,2.3333333333333335,3,5.857142857142857,2,2,45–49,47,2800+,5916.079783099616,mixed,3,5,-1,-2,-1,0,-2,-3,1
82,5,6,5,6,5,5,3,3,2,4,3,2,2,3,4,3,4,3,4,3,3,3,3,3,3,4,4,4,4,4,1,2,2,2,3,2,1,1,1,1,1,1,4,3,2,4,3,4,3,2,2,3,2,2,2,2,1,5.333333333333333,2.8333333333333335,3.1666666666666665,3.1666666666666665,3.8333333333333335,2,1,3.2857142857142856,2,2,65–69,67,1400–<2000,1673.320053068151,mixed,3,5,-2,-3,-2,-1,0,-3,1
503,5,5,5,3,4,4,3,4,4,3,3,3,4,4,3,5,3,4,4,3,5,4,3,4,4,3,4,4,4,6,4,3,4,4,3,4,5,4,2,4,3,4,3,5,6,5,5,5,5,4,4,3,4,4,4,4,3,4.333333333333333,3.3333333333333335,3.8333333333333335,3.8333333333333335,4.166666666666667,3.6666666666666665,3.6666666666666665,4.857142857142857,3.75,2,65–69,67,630–<800,709.9295739719539,conservative_leaning,3,5,-2,1,-3,0,1,-1,322
730,3,4,1,5,2,3,3,2,3,5,3,3,2,2,3,2,2,2,1,5,1,4,2,2,4,4,4,3,3,4,2,2,2,2,2,2,3,2,3,3,3,1,6,5,4,6,4,4,4,4,4,2,3,4,3,2,2,3,3.1666666666666665,2.1666666666666665,2.5,3.6666666666666665,2,2.5,4.714285714285714,3,1,55–59,57,2800+,5916.079783099616,mixed,3,5,3,3,-1,-1,-3,-2,322
25,5,5,5,6,5,3,6,5,4,3,4,6,4,2,4,4,4,4,3,3,3,3,4,4,3,5,4,3,4,6,2,3,3,2,2,3,2,3,2,1,2,2,4,4,3,3,5,4,4,3,1,2,2,3,3,3,2,4.833333333333333,4.666666666666667,3.6666666666666665,3.3333333333333335,4.166666666666667,2.5,2,3.857142857142857,2.375,2,18–24,21,2800+,5916.079783099616,conservative_leaning,3,5,-3,3,-2,1,-1,-1,
477,4,3,5,4,5,5,2,5,4,4,4,4,3,2,2,3,3,3,4,4,5,5,4,4,3,4,6,6,3,6,3,3,4,3,4,4,3,3,2,3,2,3,5,4,4,3,4,5,4,3,4,3,3,4,5,3,3,4.333333333333333,3.8333333333333335,2.6666666666666665,4.333333333333333,4.666666666666667,3.5,2.6666666666666665,4.142857142857143,3.5,1,60–64,62,<500,422.49260348555214,mixed,3,5,-1,0,-3,-2,0,-1,
412,5,4,4,4,3,5,3,2,3,3,4,2,3,5,4,4,3,5,3,3,2,4,3,3,3,3,3,3,2,4,3,3,3,3,3,3,5,3,3,4,3,3,5,6,6,5,5,5,5,3,4,2,3,2,3,3,2,4.166666666666667,2.8333333333333335,4,3,3,3,3.5,5.285714285714286,2.75,1,45–49,47,800–<1050,916.515138991168,mixed,3,5,0,-2,0,2,-2,2,1
326,4,4,5,4,4,3,4,5,3,3,2,3,2,3,2,5,3,3,4,4,4,4,5,3,6,4,4,4,4,3,1,2,2,2,3,1,2,2,1,1,2,2,2,4,2,3,4,4,5,3,3,2,3,2,1,3,4,4,3.3333333333333335,3,4,4.166666666666667,1.8333333333333333,1.6666666666666667,3.4285714285714284,2.625,1,60–64,62,2800+,5916.079783099616,conservative_leaning,3,5,-2,1,0,1,-1,0,1
89,5,4,4,5,4,3,3,4,4,2,5,4,1,1,2,1,1,3,2,1,3,2,3,1,4,5,4,5,3,4,1,2,1,2,2,2,2,1,2,2,2,2,1,4,4,3,4,4,4,2,2,2,3,2,2,2,2,4.166666666666667,3.6666666666666665,1.5,2,4.166666666666667,1.6666666666666667,1.8333333333333333,3.4285714285714284,2.125,1,50–54,52,<500,422.49260348555214,conservative_leaning,3,5,-3,-1,-3,-1,1,-1,4
271,5,5,6,5,5,6,4,3,4,3,4,5,2,2,2,2,3,3,5,4,5,3,4,3,6,6,4,5,4,5,3,3,3,1,4,2,2,1,2,4,2,1,3,3,3,3,5,3,3,2,2,2,2,1,2,2,3,5.333333333333333,3.8333333333333335,2.3333333333333335,4,5,2.6666666666666665,2,3.2857142857142856,2,2,40–44,42,800–<1050,916.515138991168,left_leaning,3,5,-2,0,1,-2,-1,-1,4
178,5,5,5,3,4,4,6,3,4,4,4,4,3,1,1,3,4,1,4,3,3,2,3,4,4,4,2,3,4,2,2,2,2,2,1,4,2,2,2,2,2,3,3,4,3,3,4,2,4,2,4,1,1,3,2,3,3,4.333333333333333,4.166666666666667,2.1666666666666665,3.1666666666666665,3.1666666666666665,2.1666666666666665,2.1666666666666665,3.2857142857142856,2.375,2,40–44,42,2800+,5916.079783099616,left_leaning,3,5,-1,-2,1,-3,-3,1,
565,2,4,4,4,2,3,4,3,4,4,4,5,4,3,3,4,3,3,4,3,2,3,3,2,3,3,4,2,2,3,4,5,3,3,4,2,3,3,4,2,3,3,3,4,4,3,5,5,4,4,3,3,2,4,3,2,3,3.1666666666666665,4,3.3333333333333335,2.8333333333333335,2.8333333333333335,3.5,3,4,3,1,18–24,21,1050–<1400,1212.4355652982142,conservative_leaning,3,5,-2,3,-2,1,0,-2,322
42,4,5,4,4,3,6,4,4,4,3,2,5,3,2,2,1,3,2,2,2,2,3,3,1,6,2,3,4,5,3,3,3,3,3,3,3,4,3,4,4,4,4,4,5,5,4,6,5,5,1,2,2,2,1,2,2,1,4.333333333333333,3.6666666666666665,2.1666666666666665,2.1666666666666665,3.8333333333333335,3,3.8333333333333335,4.857142857142857,1.625,2,25–29,27,2000–<2800,2366.4319132398464,mixed,3,5,0,-1,-1,-1,-1,0,801
136,4,4,3,3,4,4,3,4,4,3,5,4,3,2,2,2,3,3,3,3,3,5,5,4,4,5,6,5,4,5,4,4,3,2,3,3,1,1,1,1,1,1,4,6,4,3,3,5,3,1,2,1,1,1,1,1,1,3.6666666666666665,3.8333333333333335,2.5,3.8333333333333335,4.833333333333333,3.1666666666666665,1,4,1.125,2,65–69,67,1400–<2000,1673.320053068151,mixed,3,5,0,-2,0,-2,-1,-2,4
294,5,5,5,4,4,5,4,2,2,5,3,4,5,2,4,4,2,2,2,4,3,4,3,3,5,4,5,6,5,4,3,4,2,3,4,3,4,3,3,3,3,3,2,5,4,3,3,3,3,3,3,2,2,1,2,1,2,4.666666666666667,3.3333333333333335,3.1666666666666665,3.1666666666666665,4.833333333333333,3.1666666666666665,3.1666666666666665,3.2857142857142856,2,1,30–34,32,1050–<1400,1212.4355652982142,left_leaning,3,5,3,-3,2,-2,-3,3,4
626,5,5,6,5,3,3,2,3,1,2,2,3,4,4,3,2,1,4,1,2,3,2,3,3,3,2,3,3,4,3,4,4,4,3,3,3,3,1,1,1,3,3,5,6,5,5,6,2,5,3,4,3,3,2,4,2,2,4.5,2.1666666666666665,3,2.3333333333333335,3,3.5,2,4.857142857142857,2.875,2,30–34,32,630–<800,709.9295739719539,conservative_leaning,3,5,0,1,-2,3,-1,0,1
596,4,4,4,5,5,3,4,4,4,4,2,2,3,2,3,4,3,5,4,4,4,3,5,5,3,4,4,5,4,4,3,3,3,3,4,4,3,2,3,4,2,2,4,4,4,5,4,5,4,3,3,3,4,3,3,1,3,4.166666666666667,3.3333333333333335,3.3333333333333335,4.166666666666667,4,3.3333333333333335,2.6666666666666665,4.285714285714286,2.875,2,50–54,52,1400–<2000,1673.320053068151,conservative_leaning,3,5,0,1,-2,-2,0,-2,1
440,3,4,4,4,5,3,4,4,6,4,4,5,2,3,3,2,3,4,4,3,2,5,3,2,5,5,5,5,6,4,2,2,1,1,1,1,3,3,3,3,4,3,2,5,4,4,4,3,5,3,1,2,1,1,1,1,2,3.8333333333333335,4.5,2.8333333333333335,3.1666666666666665,5,1.3333333333333333,3.1666666666666665,3.857142857142857,1.5,2,65–69,67,800–<1050,916.515138991168,mixed,3,5,0,0,-1,-2,-2,0,
428,4,5,4,5,5,4,5,4,5,6,6,5,3,2,3,3,4,4,4,4,4,4,4,5,5,4,5,4,5,4,4,5,4,3,2,3,3,1,2,1,2,2,4,5,2,2,3,3,3,4,4,3,4,5,5,4,4,4.5,5.166666666666667,3.1666666666666665,4.166666666666667,4.5,3.5,1.8333333333333333,3.142857142857143,4.125,1,65–69,67,500–<630,561.2486080160912,conservative_leaning,3,5,-1,3,-3,-1,0,-2,322
307,6,6,6,5,5,5,4,4,4,4,4,3,2,3,3,4,3,3,4,6,4,4,6,5,3,6,4,4,5,4,2,2,4,4,3,2,3,3,4,3,4,3,4,4,3,4,3,4,3,2,3,3,2,4,3,3,2,5.5,3.8333333333333335,3,4.833333333333333,4.333333333333333,2.8333333333333335,3.3333333333333335,3.5714285714285716,2.75,2,50–54,52,800–<1050,916.515138991168,conservative_leaning,3,5,0,3,-2,-2,-1,-1,392
460,5,5,4,3,4,4,5,6,4,4,4,4,3,3,4,3,4,2,4,4,4,4,4,4,3,6,5,5,5,6,3,2,3,3,3,4,3,3,5,3,3,3,3,3,3,3,1,3,2,4,4,5,3,2,1,2,3,4.166666666666667,4.5,3.1666666666666665,4,5,3,3.3333333333333335,2.5714285714285716,3,1,40–44,42,800–<1050,916.515138991168,mixed,3,5,1,1,1,-3,-3,-1,6
270,4,5,4,3,5,3,3,4,1,3,4,2,1,2,2,2,3,2,1,2,3,3,3,3,4,4,3,3,2,4,2,2,2,4,3,2,3,1,2,4,2,3,5,4,3,5,4,5,4,1,3,2,2,3,2,3,1,4,2.8333333333333335,2,2.5,3.3333333333333335,2.5,2.5,4.285714285714286,2.125,1,50–54,52,2800+,5916.079783099616,left_leaning,3,5,0,-1,1,0,-2,-1,6
154,4,6,5,5,5,5,3,4,4,2,3,3,4,4,3,4,4,4,4,5,3,2,3,2,3,4,4,2,5,5,2,2,2,2,2,2,4,3,5,2,4,2,3,3,4,5,4,4,4,3,1,2,3,2,4,2,2,5,3.1666666666666665,3.8333333333333335,3.1666666666666665,3.8333333333333335,2,3.3333333333333335,3.857142857142857,2.375,2,45–49,47,1050–<1400,1212.4355652982142,conservative_leaning,3,5,-1,1,-3,-2,-2,-3,1
634,3,3,4,4,4,4,3,4,4,4,3,4,2,5,5,5,4,4,6,4,4,4,5,6,4,5,5,5,3,5,3,2,3,4,3,3,2,3,2,3,3,1,3,4,3,4,3,4,4,3,4,2,3,3,3,2,3,3.6666666666666665,3.6666666666666665,4.166666666666667,4.833333333333333,4.5,3,2.3333333333333335,3.5714285714285716,2.875,1,50–54,52,1050–<1400,1212.4355652982142,left_leaning,3,5,0,-3,3,-1,-3,3,7
549,5,4,5,5,6,4,3,5,4,5,4,4,4,2,3,3,3,4,2,4,4,2,3,2,4,4,3,4,4,3,3,3,2,4,4,2,1,1,3,1,1,3,5,4,4,5,5,4,4,2,4,4,1,3,2,3,2,4.833333333333333,4.166666666666667,3.1666666666666665,2.8333333333333335,3.6666666666666665,3,1.6666666666666667,4.428571428571429,2.625,2,25–29,27,800–<1050,916.515138991168,conservative_leaning,3,5,-1,1,0,0,-3,-3,
524,5,6,6,5,5,6,4,4,4,3,4,4,4,4,5,3,2,3,5,6,4,3,5,4,5,5,6,5,6,5,2,4,3,4,2,2,2,1,3,1,4,3,4,4,5,4,4,3,5,2,2,4,2,2,2,3,3,5.5,3.8333333333333335,3.5,4.5,5.333333333333333,2.8333333333333335,2.3333333333333335,4.142857142857143,2.5,1,35–39,37,800–<1050,916.515138991168,conservative_leaning,3,5,-2,-1,-1,1,0,-2,1
654,6,4,6,6,5,5,4,5,5,5,5,5,3,3,3,3,4,2,3,3,3,3,4,3,4,5,5,5,4,5,4,3,4,5,4,2,4,5,4,3,4,4,5,6,5,5,5,4,5,4,5,3,3,5,4,4,5,5.333333333333333,4.833333333333333,3,3.1666666666666665,4.666666666666667,3.6666666666666665,4,5,4.125,2,30–34,32,1050–<1400,1212.4355652982142,left_leaning,3,5,-2,-2,1,-2,-2,-2,322
57,5,4,5,5,5,6,4,3,3,2,2,3,2,2,1,3,3,3,4,3,5,3,4,4,5,3,4,3,3,3,4,3,4,4,3,3,2,3,2,2,1,2,6,4,4,2,6,5,4,1,2,1,2,2,1,2,2,5,2.8333333333333335,2.3333333333333335,3.8333333333333335,3.5,3.5,2,4.428571428571429,1.625,1,50–54,52,1400–<2000,1673.320053068151,left_leaning,3,5,2,-3,2,0,-3,0,7
400,5,4,4,3,5,6,2,2,3,3,3,4,4,4,4,5,4,4,3,3,3,4,3,3,5,4,5,6,5,3,4,5,3,4,5,5,3,4,6,4,3,3,4,4,4,5,4,4,4,2,4,2,1,1,3,3,3,4.5,2.8333333333333335,4.166666666666667,3.1666666666666665,4.666666666666667,4.333333333333333,3.8333333333333335,4.142857142857143,2.375,1,65–69,67,1050–<1400,1212.4355652982142,left_leaning,3,5,-1,-1,1,-3,-1,1,4
636,4,4,5,3,4,4,5,4,4,4,3,5,3,3,5,4,1,5,3,5,2,4,3,4,4,4,4,5,4,4,4,5,5,3,4,4,3,5,5,6,4,4,4,5,5,4,5,4,4,3,2,2,2,3,3,3,2,4,4.166666666666667,3.5,3.5,4.166666666666667,4.166666666666667,4.5,4.428571428571429,2.5,1,45–49,47,2000–<2800,2366.4319132398464,conservative_leaning,3,5,-1,1,0,0,-3,-2,1
450,4,4,6,3,5,5,1,3,3,4,3,1,4,1,2,2,2,3,2,3,2,2,3,3,5,4,6,4,3,5,2,3,3,3,2,1,3,2,4,4,3,3,4,5,4,5,4,4,5,1,3,2,2,1,1,1,1,4.5,2.5,2.3333333333333335,2.5,4.5,2.3333333333333335,3.1666666666666665,4.428571428571429,1.5,2,45–49,47,1400–<2000,1673.320053068151,left_leaning,3,5,1,-3,0,-1,-2,0,7
367,5,4,4,5,4,4,5,5,5,3,4,3,5,2,5,2,3,4,3,4,4,3,2,4,5,5,6,5,3,5,4,3,4,3,3,3,2,3,2,3,5,1,5,4,4,3,5,3,5,2,3,1,2,3,4,3,4,4.333333333333333,4.166666666666667,3.5,3.3333333333333335,4.833333333333333,3.3333333333333335,2.6666666666666665,4.142857142857143,2.75,2,50–54,52,2800+,5916.079783099616,conservative_leaning,3,5,-2,1,0,1,-2,-2,4
407,4,6,5,5,6,4,3,4,4,3,4,4,2,1,2,2,1,1,1,3,2,1,1,1,3,3,3,1,3,4,1,1,1,1,1,1,3,2,2,1,1,1,3,5,3,4,4,4,4,1,1,2,1,1,1,1,1,5,3.6666666666666665,1.5,1.5,2.8333333333333335,1,1.6666666666666667,3.857142857142857,1.125,2,40–44,42,1050–<1400,1212.4355652982142,conservative_leaning,3,5,0,-1,-2,1,-2,-1,1
686,5,5,5,5,5,6,4,5,5,5,3,3,2,2,4,3,3,3,3,2,3,4,3,2,4,5,6,6,6,5,4,4,3,3,4,3,3,1,2,1,2,2,5,5,6,5,4,5,6,3,3,4,3,4,2,2,3,5.166666666666667,4.166666666666667,2.8333333333333335,2.8333333333333335,5.333333333333333,3.5,1.8333333333333333,5.142857142857143,3,2,65–69,67,<500,422.49260348555214,conservative_leaning,3,5,-2,3,-3,1,0,-3,322
175,5,4,6,5,5,5,3,4,4,3,4,5,5,4,4,4,3,3,4,4,4,5,4,5,3,4,2,3,3,2,5,3,4,2,4,4,3,2,5,3,2,3,5,3,5,5,4,3,4,2,4,3,1,4,4,2,3,5,3.8333333333333335,3.8333333333333335,4.333333333333333,2.8333333333333335,3.6666666666666665,3,4.142857142857143,2.875,1,35–39,37,1050–<1400,1212.4355652982142,conservative_leaning,3,5,-1,1,-1,-3,-1,-1,
595,5,6,5,6,6,6,2,3,4,5,3,4,3,3,3,4,3,2,3,1,4,4,2,3,4,6,5,5,5,4,3,3,3,3,2,3,2,1,3,2,3,2,4,3,3,2,4,4,4,3,1,4,3,3,5,2,2,5.666666666666667,3.5,3,2.8333333333333335,4.833333333333333,2.8333333333333335,2.1666666666666665,3.4285714285714284,2.875,2,18–24,21,<500,422.49260348555214,mixed,3,5,-1,0,-1,0,-1,-2,
553,4,5,5,4,4,4,2,1,1,2,2,3,3,4,4,2,3,4,4,3,5,4,3,3,3,4,4,5,4,4,4,4,4,4,2,3,6,4,5,3,4,5,6,6,6,6,6,5,5,3,2,3,1,2,1,3,2,4.333333333333333,1.8333333333333333,3.3333333333333335,3.6666666666666665,4,3.5,4.5,5.714285714285714,2.125,1,65–69,67,2000–<2800,2366.4319132398464,conservative_leaning,3,5,0,1,-2,-1,0,-3,1
7,4,4,4,5,5,4,5,3,4,5,4,5,2,4,5,4,3,2,4,5,4,5,4,4,4,4,6,4,3,5,2,4,3,4,1,3,4,5,4,4,2,2,5,4,6,5,5,5,5,3,4,2,3,2,3,3,4,4.333333333333333,4.333333333333333,3.3333333333333335,4.333333333333333,4.333333333333333,2.8333333333333335,3.5,5,3,2,35–39,37,2800+,5916.079783099616,mixed,3,5,0,-3,0,0,0,-2,322
24,4,5,3,3,4,5,4,5,4,3,3,5,3,3,5,2,4,2,4,5,3,4,4,3,5,3,3,4,4,2,2,3,1,2,1,2,3,1,3,4,3,3,4,2,4,3,3,2,4,2,1,2,1,1,2,3,3,4,4,3.1666666666666665,3.8333333333333335,3.5,1.8333333333333333,2.8333333333333335,3.142857142857143,1.875,2,25–29,27,2800+,5916.079783099616,mixed,3,5,-2,-1,-2,-1,-1,-2,1
438,4,4,6,4,4,3,5,3,4,4,4,5,5,5,1,2,3,2,3,4,3,5,3,4,4,4,5,4,6,5,3,2,3,2,2,3,3,3,2,2,2,3,5,2,5,5,4,4,3,4,3,2,2,2,3,2,1,4.166666666666667,4.166666666666667,3,3.6666666666666665,4.666666666666667,2.5,2.5,4,2.375,2,60–64,62,2000–<2800,2366.4319132398464,conservative_leaning,3,5,-1,1,-2,2,1,-3,1
444,6,6,6,5,3,6,4,5,4,3,3,3,4,3,4,3,3,4,3,4,4,4,3,4,3,4,3,6,3,6,3,2,3,3,3,3,2,1,1,1,1,2,4,3,2,3,3,4,4,3,2,1,4,1,2,3,3,5.333333333333333,3.6666666666666665,3.5,3.6666666666666665,4.166666666666667,2.8333333333333335,1.3333333333333333,3.2857142857142856,2.375,2,35–39,37,2000–<2800,2366.4319132398464,conservative_leaning,3,5,-1,1,-2,-2,-1,-2,802
315,5,4,5,5,5,4,5,5,6,4,5,4,3,2,2,3,3,3,5,4,5,5,6,6,5,5,5,5,4,5,3,5,4,4,3,3,3,2,3,3,4,4,3,3,3,3,4,2,4,2,1,1,2,4,4,2,2,4.666666666666667,4.833333333333333,2.6666666666666665,5.166666666666667,4.833333333333333,3.6666666666666665,3.1666666666666665,3.142857142857143,2.25,1,50–54,52,2800+,5916.079783099616,left_leaning,3,5,-1,-2,0,-1,-3,2,322
671,6,6,5,5,5,6,3,3,2,3,3,2,2,2,2,1,2,2,4,5,5,5,4,4,4,5,5,6,5,4,4,4,3,3,4,5,3,3,2,4,3,3,4,4,3,4,3,3,4,4,1,2,3,2,2,4,3,5.5,2.6666666666666665,1.8333333333333333,4.5,4.833333333333333,3.8333333333333335,3,3.5714285714285716,2.625,2,45–49,47,<500,422.49260348555214,left_leaning,3,5,0,0,-1,-3,-2,1,7
97,6,5,6,5,6,6,3,3,2,3,3,3,3,2,2,1,1,1,3,1,3,2,4,2,1,2,4,4,2,3,3,3,3,2,1,1,4,4,3,3,3,3,5,6,5,5,4,6,5,1,1,1,3,3,3,1,3,5.666666666666667,2.8333333333333335,1.6666666666666667,2.5,2.6666666666666665,2.1666666666666665,3.3333333333333335,5.142857142857143,2,2,65–69,67,2000–<2800,2366.4319132398464,conservative_leaning,3,5,-2,1,-3,-3,-1,-3,322
114,4,4,3,4,4,5,5,4,5,5,4,4,4,5,4,4,4,4,5,3,5,3,3,4,3,4,3,5,3,5,5,4,6,3,5,4,3,5,4,4,4,4,5,5,5,4,5,4,6,5,3,2,4,4,3,3,4,4,4.5,4.166666666666667,3.8333333333333335,3.8333333333333335,4.5,4,4.857142857142857,3.5,1,55–59,57,1050–<1400,1212.4355652982142,conservative_leaning,3,5,-3,0,0,-1,1,-2,
498,1,3,5,3,5,4,2,4,5,2,3,3,5,5,6,3,2,2,3,4,3,4,1,3,5,6,6,6,5,4,2,3,3,3,1,4,4,3,3,3,2,3,2,4,4,5,5,4,3,2,2,4,3,3,3,3,2,3.5,3.1666666666666665,3.8333333333333335,3,5.333333333333333,2.6666666666666665,3,3.857142857142857,2.75,1,60–64,62,1400–<2000,1673.320053068151,conservative_leaning,3,5,-2,1,-2,-2,-2,-1,6
656,5,6,4,5,5,5,4,5,5,5,4,4,3,3,2,3,3,2,4,4,4,5,4,4,4,3,3,4,3,4,3,3,3,2,3,3,1,2,3,2,2,3,5,4,3,6,6,5,4,3,1,2,2,4,3,2,3,5,4.5,2.6666666666666665,4.166666666666667,3.5,2.8333333333333335,2.1666666666666665,4.714285714285714,2.5,2,55–59,57,1050–<1400,1212.4355652982142,mixed,3,5,-1,-1,1,2,0,-1,322
710,3,5,5,3,6,6,4,3,6,6,5,6,4,3,4,4,4,3,4,5,4,5,3,5,6,5,6,5,4,6,3,3,6,4,3,4,3,1,3,3,3,3,5,5,4,4,3,6,4,3,1,3,2,2,2,4,4,4.666666666666667,5,3.6666666666666665,4.333333333333333,5.333333333333333,3.8333333333333335,2.6666666666666665,4.428571428571429,2.625,2,45–49,47,500–<630,561.2486080160912,conservative_leaning,3,5,-1,1,-1,-2,-1,-1,1
305,4,2,5,5,5,5,5,4,5,6,6,5,1,3,1,3,2,2,3,3,2,5,3,4,3,4,4,5,3,4,3,5,3,4,4,4,4,4,4,4,3,3,5,5,6,4,5,4,3,2,2,1,1,1,3,2,2,4.333333333333333,5.166666666666667,2,3.3333333333333335,3.8333333333333335,3.8333333333333335,3.6666666666666665,4.571428571428571,1.75,1,50–54,52,<500,422.49260348555214,left_leaning,3,5,2,0,-2,0,-3,1,4
314,5,4,5,5,5,5,4,3,4,6,4,6,1,1,2,2,1,2,2,5,3,4,3,2,3,4,3,5,4,4,3,3,4,4,2,4,2,3,3,4,3,3,4,6,3,4,3,5,4,2,3,2,4,2,3,2,3,4.833333333333333,4.5,1.5,3.1666666666666665,3.8333333333333335,3.3333333333333335,3,4.142857142857143,2.625,1,50–54,52,<500,422.49260348555214,mixed,3,5,-1,0,-1,0,-1,-1,4
497,3,5,2,4,3,3,3,3,3,3,3,3,2,3,3,3,3,3,4,5,5,5,5,5,5,3,4,4,4,5,1,2,3,1,2,2,2,2,4,2,3,2,3,3,4,2,3,3,3,2,3,2,2,3,2,1,2,3.3333333333333335,3,2.8333333333333335,4.833333333333333,4.166666666666667,1.8333333333333333,2.5,3,2.125,2,65–69,67,1400–<2000,1673.320053068151,conservative_leaning,3,5,-2,3,-1,-2,1,-3,322
462,3,5,5,5,5,4,5,5,5,4,6,5,2,2,2,2,2,3,3,3,2,2,3,3,3,3,4,3,3,3,3,4,5,4,4,4,3,4,4,4,3,5,5,5,5,5,5,5,4,3,3,3,3,3,3,3,3,4.5,5,2.1666666666666665,2.6666666666666665,3.1666666666666665,4,3.8333333333333335,4.857142857142857,3,2,18–24,21,2000–<2800,2366.4319132398464,conservative_leaning,3,5,0,2,-1,1,0,-2,5
132,3,4,3,3,3,3,3,4,2,3,3,3,2,3,4,4,2,3,3,4,2,3,3,2,5,4,4,4,4,3,2,3,3,2,4,4,2,2,3,2,3,4,3,4,3,4,4,5,4,3,3,2,2,2,2,3,3,3.1666666666666665,3,3,2.8333333333333335,4,3,2.6666666666666665,3.857142857142857,2.5,1,50–54,52,2800+,5916.079783099616,left_leaning,3,5,-1,-1,1,-2,-2,1,1
673,4,3,4,4,5,6,4,4,4,4,4,4,2,1,2,1,1,1,5,3,4,2,4,4,6,5,5,6,3,4,3,3,2,4,2,4,4,6,4,4,4,3,4,5,5,4,5,4,5,2,3,4,1,2,2,4,2,4.333333333333333,4,1.3333333333333333,3.6666666666666665,4.833333333333333,3,4.166666666666667,4.571428571428571,2.5,2,65–69,67,1050–<1400,1212.4355652982142,mixed,3,5,-1,0,-2,0,0,-2,1
556,5,5,5,5,5,5,3,3,5,4,5,3,2,2,3,2,1,3,5,4,5,4,3,3,6,6,4,5,2,4,4,4,4,3,5,4,4,3,2,1,3,3,4,5,3,4,5,3,5,3,2,3,4,3,3,5,4,5,3.8333333333333335,2.1666666666666665,4,4.5,4,2.6666666666666665,4.142857142857143,3.375,1,40–44,42,2800+,5916.079783099616,left_leaning,3,5,-1,-2,2,0,-1,0,4
61,4,3,3,5,4,4,2,4,3,3,4,3,3,3,5,4,3,4,3,1,3,3,3,4,3,5,3,3,4,5,3,3,4,4,4,4,4,2,3,3,2,3,3,4,5,4,3,5,4,2,3,3,3,4,3,3,4,3.8333333333333335,3.1666666666666665,3.6666666666666665,2.8333333333333335,3.8333333333333335,3.6666666666666665,2.8333333333333335,4,3.125,1,65–69,67,630–<800,709.9295739719539,mixed,3,5,-3,0,0,0,-1,-2,322
641,5,4,4,4,4,4,3,1,3,2,3,4,2,3,3,2,3,3,3,4,3,3,5,3,3,6,4,4,5,4,2,3,3,3,3,2,3,3,5,5,4,4,4,6,6,5,4,4,6,3,2,2,1,1,2,3,2,4.166666666666667,2.6666666666666665,2.6666666666666665,3.5,4.333333333333333,2.6666666666666665,4,5,2,2,45–49,47,2000–<2800,2366.4319132398464,conservative_leaning,3,5,0,1,0,-1,-3,0,4
231,3,5,4,3,4,3,4,6,4,5,4,4,3,2,3,3,2,4,3,2,1,3,4,2,5,4,4,4,4,5,2.3722451593479215,2,2,2,2,3,2,2,4,2,3,2,4,4,4,5,5,4,4,2,3,4,1,2,2,3,3,3.6666666666666665,4.5,2.8333333333333335,2.5,4.333333333333333,2.228707526557987,2.5,4.285714285714286,2.5,1,50–54,52,1050–<1400,1212.4355652982142,mixed,3,5,-1,0,-1,0,-3,0,6
117,4,4,5,5,3,5,3,2,1,3,3,1,2,3,4,2,3,3,3,3,4,2,3,5,4,3,5,5,4,3,3,4,3,3,3,5,4,4,3,5,4,3,5,6,6,6,5,6,4,2,2,2,3,1,1,2,3,4.333333333333333,2.1666666666666665,2.8333333333333335,3.3333333333333335,4,3.5,3.8333333333333335,5.428571428571429,2,2,50–54,52,800–<1050,916.515138991168,conservative_leaning,3,5,-1,0,-2,1,1,0,4
393,4,3,4,5,4,3,3,3,4,4,4,3,3,3,3,4,4,3,4,2,3,3,5,3,4,4,3,3,4,3,2,1,2,2,2,1,3,2,2,3,3,3,3,2,3,3,3,3,2,1,2,1,1,2,3,1,1,3.8333333333333335,3.5,3.3333333333333335,3.3333333333333335,3.5,1.6666666666666667,2.6666666666666665,2.7142857142857144,1.5,2,60–64,62,1400–<2000,1673.320053068151,mixed,3,5,2,-1,-1,1,-3,0,
20,4,3,4,2,5,4,2,2,3,2,4,2,1,2,1,2,3,1,4,3,4,5,4,3,4,3,4,3,3,5,2,2,2,1,1,1,3,4,4,3,3,2,5,4,5,5,5,5,5,3,4,3,3,3,2,2,2,3.6666666666666665,2.5,1.6666666666666667,3.8333333333333335,3.6666666666666665,1.5,3.1666666666666665,4.857142857142857,2.75,2,55–59,57,2000–<2800,2366.4319132398464,left_leaning,3,5,2,-1,3,0,-3,1,6
186,4,5,3,3,3,5,3,3,4,3,3,3,3,4,2,2,3,3,4,2,4,3,5,4,4,4,3,4,2,3,4,4,4,4,4,4,3,3,4,4,2,4,5,4,5,4,5,6,5,2,2,3,3,3,3,3,4,3.8333333333333335,3.1666666666666665,2.8333333333333335,3.6666666666666665,3.3333333333333335,4,3.3333333333333335,4.857142857142857,2.875,1,65–69,67,1400–<2000,1673.320053068151,conservative_leaning,3,5,0,1,-1,-1,-3,-1,801
753,6,3,5,4,6,6,4,4,4,4,3,2,5,5,4,4,4,4,5,5,5,4,5,6,3,5,3,4,4,4,6,4,3,4,5,3,4,1,1,2,3,2,5,3,3,5,3,5,4,4,2,4,1,2,3,2,3,5,3.5,4.333333333333333,5,3.8333333333333335,4.166666666666667,2.1666666666666665,4,2.625,1,25–29,27,<500,422.49260348555214,mixed,3,5,-1,0,-3,-2,-3,-2,802
538,6,5,5,4,5,4,4,2,3,2,3,2,1,2,2,3,1,1,1,1,2,2,2,2,5,6,6,4,4,3,2,1,3,2,2,2,3,3,2,2,2,3,4,3,5,5,4,5,4,1,2,2,1,2,1,1,2,4.833333333333333,2.6666666666666665,1.6666666666666667,1.6666666666666667,4.666666666666667,2,2.5,4.285714285714286,1.5,2,50–54,52,1050–<1400,1212.4355652982142,left_leaning,3,5,-1,-2,-2,-3,-2,3,801
554,5,5,3,4,5,5,5,4,6,3,5,4,2,2,2,2,2,2,1,3,3,2,2,2,4,4,5,4,4,2,1,2,2,1,3,3,2,3,3,3,3,3,5,4,3,4,4,5,2,3,1,2,4,3,1,2,2,4.5,4.5,2,2.1666666666666665,3.8333333333333335,2,2.8333333333333335,3.857142857142857,2.25,2,55–59,57,1050–<1400,1212.4355652982142,left_leaning,3,5,-2,-2,1,0,-2,-2,5
41,4,4,6,6,6,4,3,4,4,3,3,3,1,3,1,1,2,2,4,4,4,5,5,4,5,5,6,5,5,6,4,5,2,3,3,3,4,2,4,2,4,3,5,5,4,4,5,6,6,3,2,2,3,1,2,3,4,5,3.3333333333333335,1.6666666666666667,4.333333333333333,5.333333333333333,3.3333333333333335,3.1666666666666665,5,2.5,2,65–69,67,1400–<2000,1673.320053068151,left_leaning,3,5,0,0,1,-3,-3,0,
215,4,6,5,5,5,5,4,5,5,5,5,3,2,3,3,2,2,5,3,4,4,5,4,5,6,6,6,6,6,5,3,3,4,5,3,2,2,2,3,2,2,1,3,2,2,3,3,1,1,4,2,2,4,3,3,3,2,5,4.5,2.8333333333333335,4.166666666666667,5.833333333333333,3.3333333333333335,2,2.142857142857143,2.875,1,18–24,21,1050–<1400,1212.4355652982142,left_leaning,3,5,0,0,-1,-3,-2,1,322
221,4,4,4,3,4,2,5,2,3,1,3,3,2,1,2,2,3,3,4,3,3,3,3,3,4,4,4,4,4,5,3,2,2,3,2,2,4,5,2,4,2,4,4,3,5,4,2,3,3,3,2,2,2,1,2,2,1,3.5,2.8333333333333335,2.1666666666666665,3.1666666666666665,4.166666666666667,2.3333333333333335,3.5,3.4285714285714284,1.875,2,30–34,32,1050–<1400,1212.4355652982142,left_leaning,3,5,1,-1,0,-3,-3,-1,7
44,6,6,6,6,6,5,5,5,4,4,5,4,2,2,2,2,2,3,5,4,5,2,5,4,5,5,5,5,4,5,2,4,3,3,3,4,3,4,5,4,4,4,4,5,6,4,4,4,3,2,2,3,2,2,2,3,3,5.833333333333333,4.5,2.1666666666666665,4.166666666666667,4.833333333333333,3.1666666666666665,4,4.285714285714286,2.375,1,55–59,57,2800+,5916.079783099616,left_leaning,3,5,-1,-2,0,-3,-3,1,
700,5,3,4,2,5,2,4,2,4,4,4,4,3,3,2,4,2,2,2,3,3,2,3,3,4,4,4,3,3,3,5,3,3,3,4,5,5,4,3,5,4,3,4,2,5,4,5,4,5,4,4,5,3,3,3,3,4,3.5,3.6666666666666665,2.6666666666666665,2.6666666666666665,3.5,3.8333333333333335,4,4.142857142857143,3.625,1,40–44,42,<500,422.49260348555214,mixed,3,5,-1,2,2,0,0,-2,
413,4,5,5,6,4,4,2,3,4,3,3,4,2,1,3,2,1,2,2,1,2,2,2,2,4,5,5,5,4,3,4,2,4,3,3,3,5,3,4,5,5,4,5,5,4,4,5,5,6,2,1,3,2,2,2,1,3,4.666666666666667,3.1666666666666665,1.8333333333333333,1.8333333333333333,4.333333333333333,3.1666666666666665,4.333333333333333,4.857142857142857,2,2,45–49,47,1050–<1400,1212.4355652982142,left_leaning,3,5,0,0,2,-3,-1,0,6
405,5,6,6,4,6,5,3,5,3,4,3,4,2,2,1,2,3,1,2,6,4,5,4,5,5,5,5,6,5,6,3,2,4,3,3,3,4,1,2,3,4,3,5,5,4,4,5,3,6,3,3,3,2,4,4,3,3,5.333333333333333,3.6666666666666665,1.8333333333333333,4.333333333333333,5.333333333333333,3,2.8333333333333335,4.571428571428571,3.125,1,18–24,21,<500,422.49260348555214,conservative_leaning,3,5,-2,1,-3,-1,-1,0,1
648,5,5,5,5,4,6,5,5,5,5,5,5,5,3,3,4,4,4,3,3,3,3,4,5,5,4,5,4,6,4,3,4,4,3,3,4,3,2,4,3,1,3,4,6,4,5,4,4,6,5,3,4,4,4,3,4,4,5,5,3.8333333333333335,3.5,4.666666666666667,3.5,2.6666666666666665,4.714285714285714,3.875,1,65–69,67,1050–<1400,1212.4355652982142,mixed,3,5,0,0,0,-2,-2,-3,392
592,4,3,4,4,5,6,4,3,2,4,3,3,1,2,3,3,1,2,5,1,3,4,2,2,3,3,2,2,2,4,1,3,2,1,3,2,3,1,3,2,3,4,4,4,4,4,5,4,3,3,3,2,4,3,4,4,3,4.333333333333333,3.1666666666666665,2,2.8333333333333335,2.6666666666666665,2,2.6666666666666665,4,3.25,2,30–34,32,630–<800,709.9295739719539,conservative_leaning,3,5,-3,1,-1,2,1,-1,1
751,4,4,5,5,5,5,4,4,4,2,4,3,3,3,4,4,3,4,4,3,4,4,5,4,6,6,5,4,4,5,2,3,3,2,3,2,3,4,2,3,4,4,3,4,4,4,3,6,5,3,3,3,3,2,2,3,3,4.666666666666667,3.5,3.5,4,5,2.5,3.3333333333333335,4.142857142857143,2.75,2,50–54,52,1400–<2000,1673.320053068151,mixed,3,5,1,-2,-2,2,-2,-2,4
555,3,4,4,4,2,5,3,3,3,5,3,5,4,5,4,3,4,5,3,4,4,2,3,2,5,4,5,5,6,4,4,3,4,5,3,2,3,4,2,2,2,4,5,4,5,6,4,2,3,4,3,3,2,3,3,2,3,3.6666666666666665,3.6666666666666665,4.166666666666667,3,4.833333333333333,3.5,2.8333333333333335,4.142857142857143,2.875,1,18–24,21,<500,422.49260348555214,conservative_leaning,3,5,0,-1,0,1,-2,0,
187,6,5,6,4,6,6,4,2,3,5,3,4,3,3,3,3,3,3,5,5,3,3,5,4,4,3,4,4,3,5,4,4,5,4,4,5,4,4,4,3,3,3,5,6,5,4,5,3,5,3,2,3,4,3,3,3,2,5.5,3.5,3,4.166666666666667,3.8333333333333335,4.333333333333333,3.5,4.714285714285714,2.875,1,65–69,67,<500,422.49260348555214,left_leaning,3,5,1,-1,2,-3,-3,-1,802
508,5,4,4,4,5,4,3,3,5,4,5,3,2,3,3,3,3,3,3,4,3,2,2,4,3,4,5,4,3,4,3,3,2,2,2,4,3,2,3,3,2,3,5,3,4,3,4,4,4,3,3,3,2,2,2,4,2,4.333333333333333,3.8333333333333335,2.8333333333333335,3,3.8333333333333335,2.6666666666666665,2.6666666666666665,3.857142857142857,2.625,1,55–59,57,800–<1050,916.515138991168,mixed,3,5,2,2,-1,0,-1,-3,1
767,5,3,4,5,5,4,6,5,4,5,4,5,4,3,3,3,2,3,5,6,5,5,5,5,3,4,5,4,4,5,3,3,2,4,2,2,4,2,2,2,4,4,1,3,3,1,2,2,3,1,1,1,1,1,1,1,1,4.333333333333333,4.833333333333333,3,5.166666666666667,4.166666666666667,2.6666666666666665,3,2.142857142857143,1,2,50–54,52,1050–<1400,1212.4355652982142,left_leaning,3,5,2,-3,0,-2,-3,3,
218,5,3,5,5,4,5,3,5,4,4,5,3,4,4,3,3,2,2,4,3,5,4,5,5,6,5,6,6,6,6,3,3,2,1,2,3,4,2,3,4,4,4,3,4,3,5,4,3,3,3,3,3,3,2,3,4,3,4.5,4,3,4.333333333333333,5.833333333333333,2.3333333333333335,3.5,3.5714285714285716,3,1,35–39,37,1400–<2000,1673.320053068151,conservative_leaning,3,5,-3,3,-1,1,3,-2,5
343,5,4,5,3,4,4,3,3,1,2,3,3,1,2,3,2,2,1,4,3,5,3,4,5,6,5,6,5,4,6,3,4,4,4,4,4,4,3,4,3,4,4,4,4,3,4,3,5,4,3,4,3,3,1,2,3,3,4.166666666666667,2.5,1.8333333333333333,4,5.333333333333333,3.8333333333333335,3.6666666666666665,3.857142857142857,2.75,1,65–69,67,<500,422.49260348555214,left_leaning,3,5,0,0,0,-1,-2,3,
236,4,4,4,5,3,4,5,2,4,3,5,6,2,1,3,1,1,3,1,3,1,1,4,4,4,4,4,3,3,4,3,2,2,2,3,3,3,3,2,3,3,4,4,4,5,4,3,5,3,2,4,4,2,2,1,3,2,4,4.166666666666667,1.8333333333333333,2.3333333333333335,3.6666666666666665,2.5,3,4,2.5,1,40–44,42,2800+,5916.079783099616,conservative_leaning,3,5,-2,1,-1,1,3,-3,
414,5,3,4,5,3,3,3,3,3,4,4,4,2,4,2,2,2,2,2,3,3,3,3,1,6,4,4,2,5,4,3,3,3,4,4,3,5,5,6,6,4,3,6,5,5,5,4,4,5,3,1,3,2,1,1,2,2,3.8333333333333335,3.5,2.3333333333333335,2.5,4.166666666666667,3.3333333333333335,4.833333333333333,4.857142857142857,1.875,2,65–69,67,2000–<2800,2366.4319132398464,left_leaning,3,5,1,0,-1,-3,-1,0,7
246,5,5,4,4,5,4,5,3,3,5,2,3,3,3,3,2,2,3,4,6,5,5,3,3,6,6,5,4,6,3,1,1,1,1,1,1,1,2,1,1,1,1,3,3,3,3,4,4,3,1,1,1,2,3,2,1,1,4.5,3.5,2.6666666666666665,4.333333333333333,5,1,1.1666666666666667,3.2857142857142856,1.5,2,35–39,37,1050–<1400,1212.4355652982142,left_leaning,3,5,1,-1,-1,-1,-1,0,6
119,5,6,6,5,5,6,4,6,4,6,4,4,3,3,3,1,5,3,5,4,3,4,4,4,4,5,5,4,5,5,3,3,4,3,3,4,1,1,1,1,2,1,4,5,3,6,4,3,4,2,3,2,1,4,3,2,2,5.5,4.666666666666667,3,4,4.666666666666667,3.3333333333333335,1.1666666666666667,4.142857142857143,2.375,2,50–54,52,800–<1050,916.515138991168,mixed,3,5,-1,2,2,0,-1,-3,322
220,5,5,4,4,5,6,5,4,5,4,4,3,4,3,3,3,3,4,4,4,4,2,3,4,5,6,5,5,6,6,4,3,2,2,3,3,1,2,1,2,1,3,4,5,3,4,3,4,2,1,1,2,1,2,1,1,1,4.833333333333333,4.166666666666667,3.3333333333333335,3.5,5.5,2.8333333333333335,1.6666666666666667,3.5714285714285716,1.25,2,25–29,27,1050–<1400,1212.4355652982142,conservative_leaning,3,5,-1,-2,-2,1,-3,-2,
12,5,4,6,6,6,6,4,4,4,3,5,3,4,2,2,3,3,3,3,4,4,3,4,3,6,4,4,4,5,6,5,2,4,3,3,4,4,3,3,3,3,3,6,4,5,5,4,4,5,4,3,3,2,2,2,2,4,5.5,3.8333333333333335,2.8333333333333335,3.5,4.833333333333333,3.5,3.1666666666666665,4.714285714285714,2.75,1,35–39,37,<500,422.49260348555214,mixed,3,5,0,0,0,2,0,1,1
436,4,3,4,5,5,3,2,2,4,3,5,3,3,3,2,4,1,3,4,3,3,3,5,2,6,5,3,6,4,5,2,4,3,2,3,4,5,4,4,4,3,4,5,4,6,6,5,2,5,4,3,4,4,5,3,3,3,4,3.1666666666666665,2.6666666666666665,3.3333333333333335,4.833333333333333,3,4,4.714285714285714,3.625,2,30–34,32,800–<1050,916.515138991168,mixed,3,5,-3,0,-3,-1,0,-3,
390,5,4,4,4,4,4,4,4,4,4,5,4,4,3,4,4,3,3,3,3,3,3,3,5,4,3,3,5,3,3,2,4,3,3,3,4,3,4,2,3,4,3,5,5,5,4,4,3,4,1,2,3,1,2,3,1,3,4.166666666666667,4.166666666666667,3.5,3.3333333333333335,3.5,3.1666666666666665,3.1666666666666665,4.285714285714286,2,2,35–39,37,2800+,5916.079783099616,conservative_leaning,3,5,-1,0,-2,2,-1,-1,322
6,4,4,5,3,5,4,3,2,3,4,2,3,2,1,1,3,1,1,4,3,4,3,5,5,4,4,2,3,4,3,2,3,2,3,2,3,2,2,3,2,3,3,2,4,5,3,4,4,3,2,1,4,3,2,2,1,2,4.166666666666667,2.8333333333333335,1.5,4,3.3333333333333335,2.5,2.5,3.5714285714285716,2.125,2,30–34,32,2000–<2800,2366.4319132398464,mixed,3,5,0,-3,-2,-3,-2,-1,6
266,3,5,5,4,5,4,4,4,3,5,5,3,2,3,2,2,1,3,4,4,5,4,5,5,3,4,3,3,3,3,5,5,6,5,5,4,5,6,3,3,4,4,5,5,6,6,6,6,6,3,3,3,2,2,2,2,3,4.333333333333333,4,2.1666666666666665,4.5,3.1666666666666665,5,4.166666666666667,5.714285714285714,2.5,2,60–64,62,2800+,5916.079783099616,mixed,3,5,2,0,-2,1,2,-3,4
429,4,5,5,4,6,4,4,3,3,4,5,4,3,3,3,3,3,3,3,2,3,3,1,2,5,5,4,5,4,4,2,3,1,2,3,2,2,2,3,3,2,2,5,4,4,5,5,5,4,1,2,3,1,2,3,3,5,4.666666666666667,3.8333333333333335,3,2.3333333333333335,4.5,2.1666666666666665,2.3333333333333335,4.571428571428571,2.5,2,18–24,21,2800+,5916.079783099616,left_leaning,3,5,-1,-2,1,-2,-3,-1,1
723,4,4,5,4,5,5,3,4,3,4,2,2,4,4,3,4,2,3,4,4,2,3,3,5,3,3,4,3,3,3,2,4,3,4,4,4,4,4,3,4,4,3,5,6,5,6,5,4,4,1,2,2,3,1,3,4,1,4.5,3,3.3333333333333335,3.5,3.1666666666666665,3.5,3.6666666666666665,5,2.125,1,35–39,37,1400–<2000,1673.320053068151,mixed,3,5,-2,-1,0,-1,-2,0,6
509,6,6,6,4,6,5,3,4,4,5,3,3,3,3,3,4,3,2,4,5,3,4,1,4,5,4,6,4,5,5,2,4,2,4,3,5,3,2,2,2,3,3,3,4,4,4,4,3,4,4,4,4,3,3,3,3,3,5.5,3.6666666666666665,3,3.5,4.833333333333333,3.3333333333333335,2.5,3.7142857142857144,3.375,1,50–54,52,<500,422.49260348555214,mixed,3,5,-2,0,-3,-3,-2,-1,4
165,3,4,6,4,4,6,4,2,4,5,5,6,3,2,2,3,2,2,3,3,3,3,4,4,4,6,5,5,4,4,4,4,4,3,4,4,3,3,3,2,4,2,4,4,5,4,4,5,4,2,4,4,4,3,4,2,2,4.5,4.333333333333333,2.3333333333333335,3.3333333333333335,4.666666666666667,3.8333333333333335,2.8333333333333335,4.285714285714286,3.125,1,40–44,42,1050–<1400,1212.4355652982142,conservative_leaning,3,5,-3,0,-1,-1,1,-1,322
181,6,6,6,4,6,5,4,3,4,4,3,3,4,6,5,4,4,3,4,5,3,5,5,4,6,5,4,5,5,4,4,4,4,4,4,5,2,4,5,2,4,4,4,4,4,5,5,4,3,5,4,4,5,2,4,4,3,5.5,3.5,4.333333333333333,4.333333333333333,4.833333333333333,4.166666666666667,3.5,4.142857142857143,3.875,1,45–49,47,800–<1050,916.515138991168,mixed,3,5,1,1,0,2,-1,0,
143,5,5,4,5,5,5,4,4,6,4,5,5,4,3,3,4,3,2,4,5,5,5,5,5,5,5,5,5,5,6,4,3,4,3,4,4,3,3,2,3,3,4,3,3,5,4,3,5,2,3,3,3,4,4,4,5,2,4.833333333333333,4.666666666666667,3.1666666666666665,4.833333333333333,5.166666666666667,3.6666666666666665,3,3.5714285714285716,3.5,1,60–64,62,800–<1050,916.515138991168,conservative_leaning,3,5,-3,-2,-1,1,0,-1,322
471,4,5,5,5,3,3,4,4,5,4,3,4,4,3,3,3,5,2,4,4,3,4,4,3,3,4,2,5,4,5,4,4,5,3,3,4,3,3,3,2,4,4,6,5,4,4,4,5,4,1,2,3,3,4,1,2,3,4.166666666666667,4,3.3333333333333335,3.6666666666666665,3.8333333333333335,3.8333333333333335,3.1666666666666665,4.571428571428571,2.375,1,60–64,62,2000–<2800,2366.4319132398464,left_leaning,3,5,3,-3,2,-3,-3,0,7
491,4,4,2,4,5,2,4,5,3,3,3,3,3,3,4,2,2,2,4,4,5,3,3,3,4,4,4,3,5,5,2,3,5,3,1,6,3,2,4,4,4,1,5,6,6,5,4,5,5,2,1,2,1,2,2,1,2,3.5,3.5,2.6666666666666665,3.6666666666666665,4.166666666666667,3.3333333333333335,3,5.142857142857143,1.625,2,65–69,67,<500,422.49260348555214,mixed,3,5,-2,0,0,-3,-2,-2,1
164,5,4,4,5,4,6,5,4,4,4,4,5,4,1,2,3,3,2,3,4,2,3,2,3,4,2,4,3,5,6,4,4,4,4,5,6,4,5,4,5,5,4,4,3,5,5,4,4,4,3,3,2,1,2,4,2,3,4.666666666666667,4.333333333333333,2.5,2.8333333333333335,4,4.5,4.5,4.142857142857143,2.5,1,40–44,42,800–<1050,916.515138991168,left_leaning,3,5,2,-1,-1,-1,-2,2,1
696,4,4,4,3,3,5,3,4,5,4,4,5,3,4,3,4,3,4,3,4,4,4,4,2,5,3,4,5,5,4,3,3,2,4,3,3,2,3,2,2,1,1,5,3,4,5,3,4,3,3,3,4,3,3,1,2,2,3.8333333333333335,4.166666666666667,3.5,3.5,4.333333333333333,3,1.8333333333333333,3.857142857142857,2.625,1,30–34,32,1400–<2000,1673.320053068151,left_leaning,3,5,1,-1,-3,0,-3,0,4
260,4,5,4,4,4,5,3,4,2,4,5,6,3,3,2,4,3,3,6,4,4,4,3,3,4,3,6,5,3,3,4,5,3,5,4,4,2,3,2,3,3,3,4,4,3,3,4,4,2,1,1,3,3,3,3,2,3,4.333333333333333,4,3,4,4,4.166666666666667,2.6666666666666665,3.4285714285714284,2.375,1,40–44,42,1050–<1400,1212.4355652982142,conservative_leaning,3,5,0,0,-2,1,-3,-3,
298,5,6,6,6,6,5,5,3,5,5,4,5,3,3,4,3,4,2,3,5,3,4,4,5,4,5,4,3,6,3,2,2,4,3,3,3,2,4,3,3,3,3,3,4,4,5,4,5,3,3,2,2,2,3,2,3,2,5.666666666666667,4.5,3.1666666666666665,4,4.166666666666667,2.8333333333333335,3,4,2.375,1,30–34,32,800–<1050,916.515138991168,mixed,3,5,0,-1,-2,-2,0,-3,1
297,5,6,6,5,6,6,3,2,4,3,4,2,3,3,3,2,2,2,3,4,4,4,5,3,5,6,4,6,5,6,2,3,3,3,3,4,3,4,3,4,2,3,5,5,5,4,4,6,4,3,1,3,1,2,3,1,2,5.666666666666667,3,2.5,3.8333333333333335,5.333333333333333,3,3.1666666666666665,4.714285714285714,2,1,60–64,62,1400–<2000,1673.320053068151,mixed,3,5,1,2,0,-2,-3,0,6
107,4,5,5,5,4,5,4,5,5,4,5,3,5,3,2,4,4,1,2,3,1,1,2,3,4,4,5,6,5,6,4,4,4,4,3,3,2,4,2,3,2,1,1,3,2,2,3,3,3,2,3,5,3,4,2,4,3,4.666666666666667,4.333333333333333,3.1666666666666665,2,5,3.6666666666666665,2.3333333333333335,2.4285714285714284,3.25,1,25–29,27,2800+,5916.079783099616,mixed,3,5,3,-3,0,1,-2,1,
763,4,5,4,4,5,4,4,3,4,3,1,4,4,1,3,2,4,3,4,3,2,3,4,3,4,4,4,4,4,4,4,5,4,4,4,6,2,3,3,3,4,4,5,6,5,5,4,4,5,2,3,2,2,2,5,2,2,4.333333333333333,3.1666666666666665,2.8333333333333335,3.1666666666666665,4,4.5,3.1666666666666665,4.857142857142857,2.5,1,18–24,21,1050–<1400,1212.4355652982142,mixed,3,5,-1,2,-1,-2,-1,1,1
775,5,6,4,5,6,3,5,4,5,6,5,4,4,3,3,3,3,2,4,2,3,3,2,3,5,4,3,3,3,2,2,3,3,3,2,3,2,3,2,3,4,3,4,5,3,5,4,3,3,3,3,4,3,4,3,2,2,4.833333333333333,4.833333333333333,3,2.8333333333333335,3.3333333333333335,2.6666666666666665,2.8333333333333335,3.857142857142857,3,1,30–34,32,1400–<2000,1673.320053068151,mixed,3,5,-2,1,1,1,0,-1,322
138,4,3,3,3,3,3,2,3,2,1,1,4,3,1,2,4,3,3,4,3,3,3,6,4,4,3,3,4,4,5,2,3,5,4,3,4,4,5,5,5,3,4,4,3,5,4,5,4,5,2,3,4,3,3,4,3,4,3.1666666666666665,2.1666666666666665,2.6666666666666665,3.8333333333333335,3.8333333333333335,3.5,4.333333333333333,4.285714285714286,3.25,2,40–44,42,2000–<2800,2366.4319132398464,left_leaning,3,5,2,0,0,-2,-2,2,4
158,4,6,5,5,6,6,3,4,3,5,3,4,4,5,4,4,3,5,4,5,4,5,5,5,6,5,6,6,6,6,3,2,4,1,3,4,1,1,1,1,1,1,2,2,2,6,5,4,4,2,4,4,4,4,2,2,4,5.333333333333333,3.6666666666666665,4.166666666666667,4.666666666666667,5.833333333333333,2.8333333333333335,1,3.5714285714285716,3.25,1,45–49,47,630–<800,709.9295739719539,left_leaning,3,5,1,0,-3,0,-2,0,
502,6,4,5,5,5,5,5,5,4,5,5,5,3,3,5,4,2,3,2,3,4,4,6,5,4,6,6,6,6,6,3,3,3,4,2,2,3,3,3,3,2,3,3,4,3,2,3,4,4,2,1,1,1,1,2,2,1,5,4.833333333333333,3.3333333333333335,4,5.666666666666667,2.8333333333333335,2.8333333333333335,3.2857142857142856,1.375,2,50–54,52,1400–<2000,1673.320053068151,left_leaning,3,5,0,-3,3,-1,-3,0,7
720,4,5,5,4,5,2,4,3,4,5,3,3,3,2,1,3,2,2,5,5,4,4,5,3,5,6,6,4,4,4,4,4,2,4,2,3,2,2,1,2,2,2,3,4,3,3,4,3,4,2,2,3,4,3,3,1,3,4.166666666666667,3.6666666666666665,2.1666666666666665,4.333333333333333,4.833333333333333,3.1666666666666665,1.8333333333333333,3.4285714285714284,2.625,1,45–49,47,2800+,5916.079783099616,left_leaning,3,5,2,0,-1,-2,-2,1,7
130,5,4,6,5,4,6,5,3,3,3,4,3,2,2,2,2,2,3,4,4,4,2,3,5,4,4,4,6,4,5,2,4,3,3,2,3,4,3,4,3,3,3,4,4,4,5,3,4,2,1,1,3,2,4,1,2,1,5,3.5,2.1666666666666665,3.6666666666666665,4.5,2.8333333333333335,3.3333333333333335,3.7142857142857144,1.875,2,55–59,57,800–<1050,916.515138991168,conservative_leaning,3,5,0,1,-3,-2,0,-1,322
637,4,5,5,5,6,6,3,3,2,4,3,5,4,3,1,2,1,2,5,4,3,5,4,4,3,3,4,3,3,5,3,2,1,2,3,3,3,3,3,3,5,5,6,5,4,3,3,3,4,2,2,3,3,2,3,2,2,5.166666666666667,3.3333333333333335,2.1666666666666665,4.166666666666667,3.5,2.3333333333333335,3.6666666666666665,4,2.375,2,45–49,47,2000–<2800,2366.4319132398464,left_leaning,3,5,1,0,-2,-1,-1,-2,1
711,5,5,5,6,3,5,2,4,4,2,3,5,2,2,4,2,3,4,3,3,3,3,2,4,4,3,4,4,4,2,1,2,3,3,2,4,1,2,2,3,3,2,5,5,5,5,4,5,4,5,2,3,3,3,3,3,4,4.833333333333333,3.3333333333333335,2.8333333333333335,3,3.5,2.5,2.1666666666666665,4.714285714285714,3.25,1,40–44,42,1050–<1400,1212.4355652982142,mixed,3,5,1,1,-1,-2,0,-2,322
296,4,4,4,3,5,6,2,2,2,3,2,1,4,3,3,2,3,4,3,2,4,5,3,3,5,3,3,3,3,2,3,4,5,3,4,5,4,4,4,4,2,2,6,6,6,3,4,4,5,3,1,4,3,3,2,3,2,4.333333333333333,2,3.1666666666666665,3.3333333333333335,3.1666666666666665,4,3.3333333333333335,4.857142857142857,2.625,1,30–34,32,1050–<1400,1212.4355652982142,conservative_leaning,3,5,-2,1,0,0,-2,0,7
360,5,5,5,5,5,6,4,3,3,2,2,5,1,1,3,1,1,1,2,2,1,2,3,2,1,2,3,2,5,3,4,4,5,3,4,3,4,3,5,3,4,4,6,4,6,6,6,6,6,2,4,2,3,3,1,1,3,5.166666666666667,3.1666666666666665,1.3333333333333333,2,2.6666666666666665,3.8333333333333335,3.8333333333333335,5.714285714285714,2.375,1,40–44,42,1400–<2000,1673.320053068151,conservative_leaning,3,5,-3,2,-3,-1,1,-2,4
159,6,3,4,4,6,5,5,4,4,5,5,5,2,2,2,2,2,2,5,4,5,5,3,5,3,5,4,3,4,6,4,3,3,3,3,3,3,4,4,5,3,3,3,4,5,5,4,5,5,1,2,2,3,2,2,1,2,4.666666666666667,4.666666666666667,2,4.5,4.166666666666667,3.1666666666666665,3.6666666666666665,4.428571428571429,1.875,2,60–64,62,2000–<2800,2366.4319132398464,mixed,3,5,-3,1,1,-1,-2,1,6
776,5,4,4,4,4,5,4,4,3,4,4,3,3,3,4,4,3,4,6,4,5,6,5,5,5,3,4,4,4,5,3,3,3,2,3,2,2,4,3,1,4,3,3,3,3,5,4,3,4,2,3,3,4,3,1,3,3,4.333333333333333,3.6666666666666665,3.5,5.166666666666667,4.166666666666667,2.6666666666666665,2.8333333333333335,3.5714285714285716,2.75,2,50–54,52,1400–<2000,1673.320053068151,mixed,3,5,1,1,0,-1,-1,0,1
527,4,4,5,5,5,6,3,3,3,3,2,2,1,3,1,3,2,1,4,3,3,4,5,4,2,3,5,4,4,4,2,3,2,2,1,2,3,2,2,3,2,2,5,5,4,3,5,4,3,4,1,3,2,4,3,2,3,4.833333333333333,2.6666666666666665,1.8333333333333333,3.8333333333333335,3.6666666666666665,2,2.3333333333333335,4.142857142857143,2.75,1,40–44,42,2000–<2800,2366.4319132398464,conservative_leaning,3,5,0,0,-1,1,-2,-3,6
53,5,5,4,6,5,3,3,3,4,3,3,3,3,3,4,3,3,4,5,4,4,3,4,3,6,4,4,6,5,6,3,5,1,2,2,4,2,1,2,2,3,2,3,3,3,2,5,3,4,2,3,5,3,4,3,4,4,4.666666666666667,3.1666666666666665,3.3333333333333335,3.8333333333333335,5.166666666666667,2.8333333333333335,2,3.2857142857142856,3.5,1,45–49,47,1400–<2000,1673.320053068151,conservative_leaning,3,5,-3,1,0,-2,-2,-1,1
74,4,3,4,4,3,4,3,2,3,2,3,3,2,1,1,3,1,2,2,2,2,2,2,1,3,2,3,3,3,2,3,2,3,3,1,3,4,4,4,3,3,3,5,5,5,4,4,4,4,1,1,2,2,1,2,1,1,3.6666666666666665,2.6666666666666665,1.6666666666666667,1.8333333333333333,2.6666666666666665,2.5,3.5,4.428571428571429,1.375,2,18–24,21,2800+,5916.079783099616,mixed,3,5,3,2,-1,-2,-3,-2,801
455,5,5,3,3,5,4,3,5,4,4,4,3,4,3,2,1,1,4,3,2,3,2,2,1,3,4,4,3,5,3,3,5,4,4,3,4,2,2,2,3,2,4,3,6,5,6,4,4,4,1,2,1,1,1,2,1,2,4.166666666666667,3.8333333333333335,2.5,2.1666666666666665,3.6666666666666665,3.8333333333333335,2.5,4.571428571428571,1.375,1,60–64,62,800–<1050,916.515138991168,left_leaning,3,5,2,0,-2,0,-2,-1,4
602,6,5,5,5,5,5,4,4,5,5,6,5,4,2,3,4,3,3,3,3,3,3,2,3,4,4,4,5,5,4,3,4,3,3,3,3,2,3,3,2,1,1,4,4,4,3,3,3,5,1,1,2,2,2,2,3,1,5.166666666666667,4.833333333333333,3.1666666666666665,2.8333333333333335,4.333333333333333,3.1666666666666665,2,3.7142857142857144,1.75,2,18–24,21,<500,422.49260348555214,left_leaning,3,5,1,-1,2,-1,-3,0,6
481,5,3,3,3,3,5,4,4,5,4,4,3,3,1,3,2,2,2,3,4,3,5,4,4,4,4,3,3,5,4,2,3,4,2,1,4,2,3,4,3,3,4,5,5,4,5,6,4,5,2,4,4,2,3,4,3,3,3.6666666666666665,4,2.1666666666666665,3.8333333333333335,3.8333333333333335,2.6666666666666665,3.1666666666666665,4.857142857142857,3.125,2,55–59,57,1050–<1400,1212.4355652982142,mixed,3,5,-1,-1,-1,-2,0,-3,5
336,4,5,4,6,4,4,3,4,3,3,4,4,3,2,3,1,2,2,4,4,2,3,4,4,4,3,4,4,4,4,4,4,2,3,3,3,1,1,3,3,2,2,5,4,3,4,5,4,5,1,3,1,2,1,3,1,2,4.5,3.5,2.1666666666666665,3.5,3.8333333333333335,3.1666666666666665,2,4.285714285714286,1.75,2,35–39,37,<500,422.49260348555214,left_leaning,3,5,0,-2,-1,-2,-3,1,392
632,5,5,6,5,4,5,2,4,3,4,3,6,3,2,2,2,4,3,4,4,3,3,4,4,4,5,4,5,5,4,2,3,3,1,3,3,3,3,2,3,2,3,4,5,4,5,5,4,4,2,1,4,3,2,2,4,2,5,3.6666666666666665,2.6666666666666665,3.6666666666666665,4.5,2.5,2.6666666666666665,4.428571428571429,2.5,2,50–54,52,2800+,5916.079783099616,left_leaning,3,5,3,-1,1,-2,-2,-1,6
441,6,5,5,4,6,4,5,6,4,3,5,5,4,2,2,3,3,3,5,4,4,6,5,4,6,5,6,5,6,6,5,4,3,2,3,3,1,2,1,3,2,1,4,3,2,3,4,2,3,3,4,4,2,2,2,2,3,5,4.666666666666667,2.8333333333333335,4.666666666666667,5.666666666666667,3.3333333333333335,1.6666666666666667,3,2.75,1,55–59,57,2000–<2800,2366.4319132398464,conservative_leaning,3,5,-1,1,-2,0,0,-1,322
398,5,6,4,4,4,5,3,3,5,5,5,5,3,3,3,3,2,2,2,3,4,3,2,4,4,4,3,3,4,3,3,3,2,2,3,3,2,2,2,3,4,2,3,2,4,5,1,3,5,2,3,2,2,1,2,4,3,4.666666666666667,4.333333333333333,2.6666666666666665,3,3.5,2.6666666666666665,2.5,3.2857142857142856,2.375,2,35–39,37,800–<1050,916.515138991168,mixed,3,5,2,0,-1,1,-1,-2,4
545,5,4,3,3,3,5,3,2,3,3,4,2,4,4,3,4,2,2,5,5,4,5,4,4,3,4,4,4,4,3,5,5,5,4,4,5,4,5,2,4,5,4,6,4,5,6,6,5,5,4,3,3,3,3,4,1,3,3.8333333333333335,2.8333333333333335,3.1666666666666665,4.5,3.6666666666666665,4.666666666666667,4,5.285714285714286,3,1,18–24,21,<500,422.49260348555214,conservative_leaning,3,5,-1,1,0,-2,-2,-3,7
194,6,4,5,4,5,5,5,5,4,3,5,4,2,1,2,3,1,1,3,2,5,3,2,3,2,4,4,3,2,3,3,2,3,2,2,4,4,4,3,4,2,4,6,5,3,6,5,6,5,1,2,1,2,2,1,2,2,4.833333333333333,4.333333333333333,1.6666666666666667,3,3,2.6666666666666665,3.5,5.142857142857143,1.625,2,45–49,47,1050–<1400,1212.4355652982142,mixed,3,5,-1,-1,-2,-3,-2,-1,322
310,5,6,4,5,6,6,4,4,5,5,4,4,1,1,1,1,1,1,3,1,4,3,3,4,4,4,5,4,4,6,3,3,4,3,1,2,4,3,3,3,4,3,4,5,4,5,4,5,5,1,1,1,1,1,2,1,1,5.333333333333333,4.333333333333333,1,3,4.5,2.6666666666666665,3.3333333333333335,4.571428571428571,1.125,2,60–64,62,2800+,5916.079783099616,left_leaning,3,5,2,-1,2,-3,-3,1,6
371,5,6,5,5,6,3,4,4,5,5,4,4,2,3,2,4,1,4,5,4,4,3,5,4,6,6,6,6,5,6,4,3,3,5,4,5,4,3,5,5,5,4,6,4,5,6,5,4,4,3,3,3,3,3,2,4,3,5,4.333333333333333,2.6666666666666665,4.166666666666667,5.833333333333333,4,4.333333333333333,4.857142857142857,3,2,50–54,52,500–<630,561.2486080160912,mixed,3,5,-2,0,-1,-2,-3,0,1
552,3,4,4,5,4,3,2,2,3,3,3,3,1,2,1,1,1,1,2,3,2,4,3,2,3,1,4,3,4,2,3,3,3,3,1,2,2,2,2,3,3,2,5,3,3,5,4,3,5,1,2,3,1,3,2,2,3,3.8333333333333335,2.6666666666666665,1.1666666666666667,2.6666666666666665,2.8333333333333335,2.5,2.3333333333333335,4,2.125,2,40–44,42,2800+,5916.079783099616,conservative_leaning,3,5,-1,1,-2,-2,-3,0,1
174,4,4,3,4,4,5,5,3,4,3,6,4,2,3,3,2,2,2,2,1,3,4,3,3,4,3,4,4,3,3,6,6,6,5,5,6,3,3,5,4,4,4,6,6,6,6,5,6,5,2,3,4,3,3,2,3,3,4,4.166666666666667,2.3333333333333335,2.6666666666666665,3.5,5.666666666666667,3.8333333333333335,5.714285714285714,2.875,2,35–39,37,<500,422.49260348555214,mixed,3,5,1,3,1,-3,-3,-2,7
37,3,4,3,5,3,4,5,5,5,4,4,4,3,2,2,4,3,4,4,3,3,3,4,2,3,3,3,3,3,4,4,4,5,5,5,4,4,3,3,4,4,3,6,5,5,4,5,3,5,4,4,1,2,3,3,3,3,3.6666666666666665,4.5,3,3.1666666666666665,3.1666666666666665,4.5,3.5,4.714285714285714,2.875,1,65–69,67,630–<800,709.9295739719539,mixed,3,5,-2,0,0,0,0,-2,1
729,4,5,3,4,4,4,6,4,6,4,6,4,2,2,3,4,3,3,4,4,4,4,3,5,5,4,5,4,4,5,4,3,2,4,4,4,3,3,2,2,1,3,3,1,2,3,3,4,3,2,1,2,1,2,3,2,2,4,5,2.8333333333333335,4,4.5,3.5,2.3333333333333335,2.7142857142857144,1.875,2,50–54,52,2800+,5916.079783099616,mixed,3,5,-1,-1,-1,0,-2,0,4
103,4,4,4,3,5,4,2,4,3,3,4,3,3,2,3,2,3,1,4,3,3,3,2,3,6,5,5,5,4,4,4,3,2,3,4,3,3,2,3,2,5,2,3,3,4,4,3,4,2,4,3,4,4,3,3,4,4,4,3.1666666666666665,2.3333333333333335,3,4.833333333333333,3.1666666666666665,2.8333333333333335,3.2857142857142856,3.625,1,18–24,21,1050–<1400,1212.4355652982142,conservative_leaning,3,5,-2,0,0,1,0,-1,6
572,6,5,6,5,5,5,2,4,4,5,4,3,3,3,2,3,4,3,3,5,6,5,4,4,5,4,5,4,4,3,3,3,3,3,4,3,4,3,4,5,4,2,5,4,6,6,4,6,5,5,1,4,4,4,3,3,3,5.333333333333333,3.6666666666666665,3,4.5,4.166666666666667,3.1666666666666665,3.6666666666666665,5.142857142857143,3.375,1,25–29,27,2000–<2800,2366.4319132398464,mixed,3,5,-1,-2,-1,0,-1,-2,5
609,6,5,4,6,5,6,5,3,3,3,4,5,1,3,2,2,4,3,4,3,3,3,3,3,5,4,4,6,4,5,2,4,2,3,2,1,3,2,3,3,3,2,4,5,3,5,3,5,4,2,1,3,2,1,1,3,1,5.333333333333333,3.8333333333333335,2.5,3.1666666666666665,4.666666666666667,2.3333333333333335,2.6666666666666665,4.142857142857143,1.75,2,65–69,67,2800+,5916.079783099616,mixed,3,5,-3,0,0,0,-2,-2,
199,5,4,4,4,3,5,4,3,4,4,4,4,3,2,4,3,3,4,6,6,4,6,6,3,6,5,5,5,4,6,2,2,3,2,3,2,3,3,2,4,4,5,3,3,4,3,3,3,4,1,3,2,2,3,2,1,2,4.166666666666667,3.8333333333333335,3.1666666666666665,5.166666666666667,5.166666666666667,2.3333333333333335,3.5,3.2857142857142856,2,2,65–69,67,1400–<2000,1673.320053068151,left_leaning,3,5,1,0,-1,-2,0,2,
768,4,6,5,5,4,5,4,4,4,5,4,4,2,4,4,5,3,3,2,3,3,2,5,3,5,6,3,5,4,4,1,2,1,3,3,3,2,1,3,2,2,2,1,1,3,1,1,2,3,3,1,2,2,3,2,3,2,4.833333333333333,4.166666666666667,3.5,3,4.5,2.1666666666666665,2,1.7142857142857142,2.25,1,60–64,62,<500,422.49260348555214,conservative_leaning,3,5,-1,-2,0,0,1,-2,1
239,6,5,4,5,4,6,3,2,3,4,4,2,3,4,3,2,3,4,4,4,4,4,5,2,3,5,5,6,4,5,4,3,3,3,3,2,4,4,2,4,4,3,2,3,4,4,3,3,2,3,2,1,2,1,2,2,2,5,3,3.1666666666666665,3.8333333333333335,4.666666666666667,3,3.5,3,1.875,2,60–64,62,500–<630,561.2486080160912,left_leaning,3,5,-3,-1,1,0,-2,0,4
81,3,6,3,3,5,4,3,4,4,5,4,4,2,1,4,4,3,3,4,2,3,4,3,4,4,3,3,5,4,4,3,3,4,2,4,4,5,4,5,5,4,5,4,3,3,4,4,3,3,2,3,3,2,1,2,2,2,4,4,2.8333333333333335,3.3333333333333335,3.8333333333333335,3.3333333333333335,4.666666666666667,3.4285714285714284,2.125,2,18–24,21,1050–<1400,1212.4355652982142,left_leaning,3,5,1,-1,-1,0,-3,1,4
311,2,2,3,2,3,4,3,3,4,4,4,2,4,2,3,3,3,2,5,4,4,5,3,5,5,6,6,4,5,4,4,5,5,5,4,3,2,1,2,2,2,1,3,5,2,4,4,4,4,3,1,2,3,1,2,2,2,2.6666666666666665,3.3333333333333335,2.8333333333333335,4.333333333333333,5,4.333333333333333,1.6666666666666667,3.7142857142857144,2,1,55–59,57,2000–<2800,2366.4319132398464,mixed,3,5,-3,-3,-1,0,-1,-1,801
304,5,4,5,5,5,5,5,2,4,3,3,4,1,2,3,4,2,2,3,4,2,4,2,4,4,1,5,2,1,4,3,3,4,3,4,3,2,3,3,2,2,4,6,5,4,4,5,5,5,3,1,1,2,2,1,3,2,4.833333333333333,3.5,2.3333333333333335,3.1666666666666665,2.8333333333333335,3.3333333333333335,2.6666666666666665,4.857142857142857,1.875,1,50–54,52,1050–<1400,1212.4355652982142,left_leaning,3,5,2,0,1,-3,-2,0,7
149,3,3,4,4,3,5,4,5,4,5,5,5,4,4,4,2,2,5,2,5,4,3,4,4,4,5,5,4,4,5,4,3,4,5,3,3,5,3,4,3,4,5,3,3,5,5,1,3,4,5,3,4,3,4,4,4,3,3.6666666666666665,4.666666666666667,3.5,3.6666666666666665,4.5,3.6666666666666665,4,3.4285714285714284,3.75,1,30–34,32,1050–<1400,1212.4355652982142,conservative_leaning,3,5,0,2,-2,2,-1,-3,1
362,4,4,4,4,4,5,4,5,6,5,4,5,4,5,5,5,5,6,4,4,4,4,4,4,6,6,4,5,6,6,2,3,4,2,6,4,1,1,1,2,3,1,3,3,2,4,4,3,3,2,3,4,5,4,3,2,4,4.166666666666667,4.833333333333333,5,4,5.5,3.5,1.5,3.142857142857143,3.375,1,30–34,32,<500,422.49260348555214,conservative_leaning,3,5,-3,-1,-3,2,0,-3,322
197,4,3,4,2,4,4,3,2,3,3,2,2,2,1,1,2,3,2,1,2,3,4,3,3,3,3,2,4,3,4,2,4,2,2,2,2,3,4,5,4,4,4,4,3,5,3,4,4,5,1,2,2,2,4,3,4,3,3.5,2.5,1.8333333333333333,2.6666666666666665,3.1666666666666665,2.3333333333333335,4,4,2.625,2,50–54,52,1050–<1400,1212.4355652982142,mixed,3,5,-1,0,-1,-3,0,-2,1
375,6,4,5,5,6,4,5,4,4,5,3,4,3,2,2,2,2,2,3,5,4,5,4,4,5,5,4,5,5,5,3,3,4,3,2,3,5,4,5,3,4,4,6,6,6,4,4,6,5,1,2,2,2,2,2,2,2,5,4.166666666666667,2.1666666666666665,4.166666666666667,4.833333333333333,3,4.166666666666667,5.285714285714286,1.875,2,60–64,62,1400–<2000,1673.320053068151,left_leaning,3,5,0,-2,2,-1,-3,-2,6
77,6,5,6,5,6,5,6,5,4,5,5,5,3,3,3,4,2,2,4,4,4,3,4,3,5,5,3,5,5,3,1,3,4,3,2,4,2,3,3,2,3,2,4,4,5,6,5,5,3,3,3,2,3,2,2,3,3,5.5,5,2.8333333333333335,3.6666666666666665,4.333333333333333,2.8333333333333335,2.5,4.571428571428571,2.625,2,35–39,37,1400–<2000,1673.320053068151,conservative_leaning,3,5,-2,1,-2,-1,-2,-1,392
232,3,5,6,4,5,5,5,4,4,5,3,5,3,2,4,3,2,2,4,3,3,5,4,4,5,3,5,5,5,3,3,5,4,4,3,4,3,3,2,5,3,3,6,3,5,5,3,5,5,3,2,3,1,1,3,1,3,4.666666666666667,4.333333333333333,2.6666666666666665,3.8333333333333335,4.333333333333333,3.8333333333333335,3.1666666666666665,4.571428571428571,2.125,1,45–49,47,630–<800,709.9295739719539,left_leaning,3,5,2,0,2,0,-3,0,4
357,5,4,5,4,6,5,3,1,4,3,3,3,5,4,4,3,3,3,4,3,4,3,4,3,3,6,5,6,4,5,3,3,5,4,5,5,3,3,3,2,3,2,4,5,5,6,5,6,5,4,4,4,2,4,2,3,3,4.833333333333333,2.8333333333333335,3.6666666666666665,3.5,4.833333333333333,4.166666666666667,2.6666666666666665,5.142857142857143,3.25,1,45–49,47,1050–<1400,1212.4355652982142,left_leaning,3,5,2,-1,1,-3,-3,3,4
391,6,5,4,3,5,4,2,3,3,3,3,3,2,2,2,2,1,1,3,2,4,4,3,3,2,4,3,3,3,3,2,2,2,1,2,2,1,3,3,2,3,2,4,4,4,3,3,4,3,2,3,3,2,2,2,3,2,4.5,2.8333333333333335,1.6666666666666667,3.1666666666666665,3,1.8333333333333333,2.3333333333333335,3.5714285714285716,2.375,2,35–39,37,2800+,5916.079783099616,left_leaning,3,5,0,-3,2,-1,-3,0,7
630,4,4,3,3,5,4,5,4,4,5,3,5,2,1,2,2,4,3,4,3,4,2,2,3,4,4,4,4,4,4,2,3,1,3,3,3,4,4,6,4,5,5,3,4,6,5,5,5,6,3,2,4,3,3,4,1,2,3.8333333333333335,4.333333333333333,2.3333333333333335,3,4,2.5,4.666666666666667,4.857142857142857,2.75,1,45–49,47,<500,422.49260348555214,mixed,3,5,-1,1,-2,-3,-3,1,7
135,4,4,5,3,5,6,4,6,5,4,5,4,1,4,2,3,3,3,5,5,5,4,4,4,5,5,6,6,6,6,3,3,3,3,3,1,1,1,3,1,3,3,3,3,2,3,3,3,3,2,4,4,1,2,2,1,2,4.5,4.666666666666667,2.6666666666666665,4.5,5.666666666666667,2.6666666666666665,2,2.857142857142857,2.25,2,65–69,67,1400–<2000,1673.320053068151,conservative_leaning,3,5,-1,1,-1,0,1,-3,1
356,5,3,5,6,5,4,5,4,5,5,6,3,3,3,2,3,4,4,3,6,4,5,4,3,5,4,6,5,5,5,3,3,3,3,3,5,2,2,4,4,3,4,3,4,3,4,4,2,3,2,4,2,4,2,3,4,4,4.666666666666667,4.666666666666667,3.1666666666666665,4.166666666666667,5,3.3333333333333335,3.1666666666666665,3.2857142857142856,3.125,1,18–24,21,2800+,5916.079783099616,mixed,3,5,-2,0,-2,-1,-1,-2,4
179,3,5,4,5,5,4,5,5,5,5,4,5,3,4,2,5,1,3,3,5,4,3,5,2,6,4,4,6,6,5,2,2,3,2,3,2,3,3,2,3,3,2,2,3,3,5,4,4,4,4,2,4,2,4,5,3,3,4.333333333333333,4.833333333333333,3,3.6666666666666665,5.166666666666667,2.3333333333333335,2.6666666666666665,3.5714285714285716,3.375,1,45–49,47,1050–<1400,1212.4355652982142,conservative_leaning,3,5,0,1,-1,1,-1,0,6
454,5,4,4,5,4,4,3,4,4,4,4,3,1,2,2,3,2,3,4,2,4,3,3,3,4,5,4,3,5,4,1,1,1,1,2,1,1,1,2,3,2,2,3,2,2,3,2,2,2,1,2,1,3,1,1,1,1,4.333333333333333,3.6666666666666665,2.1666666666666665,3.1666666666666665,4.166666666666667,1.1666666666666667,1.8333333333333333,2.2857142857142856,1.375,1,55–59,57,800–<1050,916.515138991168,left_leaning,3,5,1,-1,-1,0,-2,1,
330,5,5,6,6,5,4,5,5,5,5,4,3,3,3,3,1,2,2,4,3,5,4,5,6,4,4,6,4,6,4,2,3,2,2,2,2,3,2,2,1,1,1,2,1,1,3,2,3,3,2,1,2,1,2,2,2,2,5.166666666666667,4.5,2.3333333333333335,4.5,4.666666666666667,2.1666666666666665,1.6666666666666667,2.142857142857143,1.75,2,40–44,42,1050–<1400,1212.4355652982142,left_leaning,3,5,2,-3,0,-2,-2,-2,1
475,5,4,4,5,6,4,4,3,6,3,4,4,4,2,4,3,3,2,3,4,4,3,4,4,4,5,4,4,3,5,4,3,1,4,2,3,3,3,3,3,2,3,5,6,4,3,3,4,4,2,3,2,2,2,3,2,1,4.666666666666667,4,3,3.6666666666666665,4.166666666666667,2.8333333333333335,2.8333333333333335,4.142857142857143,2.125,2,45–49,47,1050–<1400,1212.4355652982142,conservative_leaning,3,5,-1,1,-2,-1,2,-2,1
601,4,4,6,5,4,4,4,4,3,3,6,3,4,3,3,4,3,4,6,4,5,6,6,5,5,5,5,5,6,5,2,2,4,4,2,3,4,2,3,3,3,3,2,4,4,3,3,4,4,4,2,2,3,2,3,3,3,4.5,3.8333333333333335,3.5,5.333333333333333,5.166666666666667,2.8333333333333335,3,3.4285714285714284,2.75,1,60–64,62,800–<1050,916.515138991168,mixed,3,5,-1,0,-2,-1,-1,-3,322
722,5,6,5,4,6,5,4,4,5,4,4,3,3,4,3,3,4,4,4,4,5,4,4,5,2,4,3,5,3,4,4,3,3,3,2,2,2,3,4,1,2,3,4,4,5,5,5,4,4,3,2,1,1,2,3,3,3,5.166666666666667,4,3.5,4.333333333333333,3.5,2.8333333333333335,2.5,4.428571428571429,2.25,1,35–39,37,2800+,5916.079783099616,left_leaning,3,5,-2,0,1,-3,-2,-1,6
707,4,6,3,1,4,4,3,2,3,4,3,2,3,2,3,2,2,2,4,3,3,3,2,5,4,5,4,2,4,4,3,3,3,2,3,2,4,1,3,2,3,3,5,4,5,4,3,5,5,2,2,2,3,1,1,1,1,3.6666666666666665,2.8333333333333335,2.3333333333333335,3.3333333333333335,3.8333333333333335,2.6666666666666665,2.6666666666666665,4.428571428571429,1.625,2,55–59,57,2800+,5916.079783099616,left_leaning,3,5,0,-2,0,-3,-3,1,4
290,4,3,3,5,4,4,4,4,3,4,4,2,4,5,5,4,4,3,4,4,3,5,3,3,3,5,4,3,3,3,3,3,3,4,4,5,4,3,2,4,3,3,1,4,4,4,3,4,4,3,2,2,1,2,1,1,2,3.8333333333333335,3.5,4.166666666666667,3.6666666666666665,3.5,3.6666666666666665,3.1666666666666665,3.4285714285714284,1.75,1,65–69,67,<500,422.49260348555214,mixed,3,5,1,-2,-1,2,-1,-3,322
465,6,5,6,6,3,4,2,4,4,3,3,3,1,2,1,1,3,2,3,1,3,2,2,2,5,4,5,5,4,5,2,2,3,4,2,2,4,5,3,4,4,5,6,4,5,4,5,5,6,2,1,2,2,1,2,2,1,5,3.1666666666666665,1.6666666666666667,2.1666666666666665,4.666666666666667,2.5,4.166666666666667,5,1.625,1,50–54,52,2800+,5916.079783099616,mixed,3,5,1,1,0,0,0,-1,4
65,4,4,4,3,5,5,4,3,3,3,4,4,1,1,2,2,2,3,2,2,2,1,1,1,3,3,2,4,2,3,3,3,1,3,3,3,3,3,2,3,6,2,4,3,4,3,3,4,3,2,1,1,2,2,2,1,1,4.166666666666667,3.5,1.8333333333333333,1.5,2.8333333333333335,2.6666666666666665,3.1666666666666665,3.4285714285714284,1.5,2,45–49,47,1400–<2000,1673.320053068151,mixed,3,5,2,2,-1,-1,-3,-1,801
559,5,6,4,6,3,4,3,4,3,4,3,3,2,3,2,3,3,2,4,3,4,4,4,3,4,6,5,3,4,5,1,2,3,2,2,3,2,2,2,1,3,2,2,4,3,3,2,2,1,3,1,1,1,2,1,1,2,4.666666666666667,3.3333333333333335,2.5,3.6666666666666665,4.5,2.1666666666666665,2,2.4285714285714284,1.5,1,65–69,67,2800+,5916.079783099616,mixed,3,5,0,-2,0,-2,-3,-3,4
335,4,5,4,5,5,3,4,6,5,5,2,4,2,2,3,3,3,2,4,3,4,4,5,5,4,5,3,5,5,5,2,3,1,3,3,3,3,3,3,3,4,2,4,5,3,4,5,4,4,1,1,2,1,3,3,2,2,4.333333333333333,4.333333333333333,2.5,4.166666666666667,4.5,2.5,3,4.142857142857143,1.875,1,65–69,67,2800+,5916.079783099616,left_leaning,3,5,1,-1,0,-1,-1,0,1
691,6,6,6,5,6,5,4,3,2,2,2,3,2,3,2,1,1,2,3,4,3,3,3,2,5,4,3,4,6,4,2,3,1,4,1,1,3,3,3,2,3,2,3,2,4,2,3,3,3,2,1,1,3,1,3,1,4,5.666666666666667,2.6666666666666665,1.8333333333333333,3,4.333333333333333,2,2.6666666666666665,2.857142857142857,2,2,35–39,37,2000–<2800,2366.4319132398464,left_leaning,3,5,1,0,0,-3,-2,1,392
182,3,5,3,5,4,5,3,3,3,4,4,3,2,3,1,2,2,3,3,2,2,3,4,4,6,4,4,4,5,5,3,4,3,4,3,3,1,1,3,2,2,2,3,5,4,4,3,3,4,3,4,3,3,3,3,4,4,4.166666666666667,3.3333333333333335,2.1666666666666665,3,4.666666666666667,3.3333333333333335,1.8333333333333333,3.7142857142857144,3.375,1,65–69,67,500–<630,561.2486080160912,mixed,3,5,1,1,-1,0,0,0,1
374,4,5,3,5,5,5,3,3,3,4,3,4,3,2,2,2,1,2,2,3,2,4,3,2,5,5,3,4,4,4,6,6,6,6,6,6,6,5,5,5,5,5,6,6,6,6,6,6,6,2,3,3,3,3,4,1,2,4.5,3.3333333333333335,2,2.6666666666666665,4.166666666666667,6,5.166666666666667,6,2.625,2,40–44,42,2800+,5916.079783099616,conservative_leaning,3,5,-1,1,-2,1,1,-3,1
334,6,6,6,6,6,6,4,5,3,5,6,5,3,3,3,5,4,3,4,5,5,5,5,4,6,6,6,5,6,5,4,4,3,2,3,2,4,2,3,2,3,5,4,4,5,3,3,4,5,4,3,3,3,4,3,3,4,6,4.666666666666667,3.5,4.666666666666667,5.666666666666667,3,3.1666666666666665,4,3.375,1,45–49,47,1050–<1400,1212.4355652982142,mixed,3,5,1,3,0,0,0,0,1
18,6,5,5,5,6,6,4,4,4,3,5,5,4,3,2,2,2,3,4,4,3,4,4,4,6,5,6,5,6,6,3,3,2,2,3,3,3,4,3,3,2,2,4,5,4,4,6,5,5,5,3,4,4,5,3,4,3,5.5,4.166666666666667,2.6666666666666665,3.8333333333333335,5.666666666666667,2.6666666666666665,2.8333333333333335,4.714285714285714,3.875,2,45–49,47,2800+,5916.079783099616,conservative_leaning,3,5,-2,-3,-1,1,-1,-3,6
68,6,6,6,6,6,6,5,4,5,4,5,5,3,2,2,3,3,2,2,5,3,5,3,4,5,4,6,5,5,5,2,4,3,3,4,1,3,2,1,5,4,2,4,3,3,5,5,5,4,1,2,1,1,1,1,2,2,6,4.666666666666667,2.5,3.6666666666666665,5,2.8333333333333335,2.8333333333333335,4.142857142857143,1.375,2,45–49,47,<500,422.49260348555214,mixed,3,5,-1,1,-1,-1,-2,1,1
93,6,5,5,6,6,5,4,4,5,3,3,4,4,5,4,3,2,4,5,5,5,3,6,6,5,4,6,6,5,6,3,3,4,3,5,4,1,3,2,2,2,3,5,3,3,3,3,3,4,3,4,3,3,4,4,2,3,5.5,3.8333333333333335,3.6666666666666665,5,5.333333333333333,3.6666666666666665,2.1666666666666665,3.4285714285714284,3.25,2,40–44,42,1050–<1400,1212.4355652982142,conservative_leaning,3,5,-1,3,-3,-2,0,-2,1
721,6,4,5,4,4,3,1,2,2,1,1,2,2,2,1,3,3,2,2,3,2,1,2,2,5,4,5,5,3,4,3,4,2,4,4,2,4,3,4,2,4,2,5,5,5,5,5,6,5,3,4,3,3,2,3,2,2,4.333333333333333,1.5,2.1666666666666665,2,4.333333333333333,3.1666666666666665,3.1666666666666665,5.142857142857143,2.75,2,30–34,32,800–<1050,916.515138991168,left_leaning,3,5,2,0,3,-3,-3,0,
541,4,4,4,4,3,4,3,3,3,3,4,4,2,3,4,3,2,3,4,3,5,3,3,3,3,5,4,4,5,4,3,2,4,1,4,2,3,3,2,2,3,3,4,4,3,4,3,4,4,2,3,3,4,4,3,3,1,3.8333333333333335,3.3333333333333335,2.8333333333333335,3.5,4.166666666666667,2.6666666666666665,2.6666666666666665,3.7142857142857144,2.875,1,45–49,47,2000–<2800,2366.4319132398464,conservative_leaning,3,5,0,1,0,1,-1,-3,322
341,5,5,4,4,4,4,5,3,4,4,4,4,2,2,2,2,2,3,2,3,4,3,2,3,2,3,4,5,4,3,2,3,4,3,3,2,3,3,3,4,4,3,6,5,4,4,5,6,4,2,2,1,2,2,3,2,1,4.333333333333333,4,2.1666666666666665,2.8333333333333335,3.5,2.8333333333333335,3.3333333333333335,4.857142857142857,1.875,2,45–49,47,1050–<1400,1212.4355652982142,left_leaning,3,5,3,0,-3,-3,-2,1,6
278,6,5,5,5,5,5,4,4,5,5,5,4,3,3,2,2,3,5,4,3,5,5,5,4,4,4,4,5,4,3,3,3,3,4,4,2,3,3,4,3,2,4,4,4,4,4,3,4,4,3,3,4,3,3,4,4,2,5.166666666666667,4.5,3,4.333333333333333,4,3.1666666666666665,3.1666666666666665,3.857142857142857,3.25,2,18–24,21,630–<800,709.9295739719539,conservative_leaning,3,5,-1,1,0,1,0,-1,
523,6,6,6,6,5,6,5,5,6,6,6,6,2,2,4,2,2,2,5,5,3,5,4,3,4,6,4,5,3,5,4,3,3,6,4,4,4,4,5,4,4,4,4,4,6,4,5,6,4,3,2,3,3,2,3,3,2,5.833333333333333,5.666666666666667,2.3333333333333335,4.166666666666667,4.5,4,4.166666666666667,4.714285714285714,2.625,2,65–69,67,800–<1050,916.515138991168,conservative_leaning,3,5,-2,1,-1,-3,-1,0,1
166,4,5,5,4,3,5,4,3,3,2,4,3,2,1,1,2,2,1,3,3,4,4,5,4,6,4,5,5,4,5,3,3,2,3,2,3,3,5,4,3,3,4,4,4,5,4,4,4,4,2,2,3,2,2,2,2,2,4.333333333333333,3.1666666666666665,1.5,3.8333333333333335,4.833333333333333,2.6666666666666665,3.6666666666666665,4.142857142857143,2.125,1,60–64,62,1050–<1400,1212.4355652982142,mixed,3,5,1,3,-1,0,0,-3,1
674,5,6,3,6,4,4,2,2,1,3,3,2,2,4,4,3,4,3,2,5,4,5,3,4,4,4,5,5,4,5,2,3,5,3,4,3,3,2,3,3,3,1,6,1,4,3,4,4,5,3,3,2,2,3,4,3,2,4.666666666666667,2.1666666666666665,3.3333333333333335,3.8333333333333335,4.5,3.3333333333333335,2.5,3.857142857142857,2.75,1,45–49,47,1050–<1400,1212.4355652982142,conservative_leaning,3,5,0,3,-2,2,1,-2,
383,6,5,4,4,5,6,4,4,2,5,4,3,3,4,4,4,3,5,4,4,4,3,3,4,3,4,6,5,4,4,5,2,3,3,2,2,1,1,3,3,1,3,4,4,3,3,3,3,4,1,1,2,3,2,3,2,4,5,3.6666666666666665,3.8333333333333335,3.6666666666666665,4.333333333333333,2.8333333333333335,2,3.4285714285714284,2.25,2,35–39,37,500–<630,561.2486080160912,left_leaning,3,5,-1,0,-1,-2,-1,1,
329,6,4,6,6,6,5,5,3,4,2,4,3,2,3,3,3,3,2,4,4,4,4,6,3,6,6,5,5,6,4,4,4,2,3,2,3,5,3,4,4,3,4,6,6,6,5,6,5,4,3,5,4,3,4,3,3,3,5.5,3.5,2.6666666666666665,4.166666666666667,5.333333333333333,3,3.8333333333333335,5.428571428571429,3.5,2,30–34,32,1400–<2000,1673.320053068151,left_leaning,3,5,-3,0,-1,-2,-2,1,
685,4,6,5,5,6,4,3,4,2,2,2,4,3,4,2,3,3,5,5,2,3,3,4,3,3,3,2,3,5,4,5,6,5,4,3,3,4,5,3,5,4,4,5,4,4,5,3,4,2,2,4,3,2,3,1,3,3,5,2.8333333333333335,3.3333333333333335,3.3333333333333335,3.3333333333333335,4.333333333333333,4.166666666666667,3.857142857142857,2.625,2,55–59,57,1400–<2000,1673.320053068151,mixed,3,5,2,3,1,-1,-2,-1,4
664,5,5,4,3,4,5,5,5,6,4,3,6,2,2,3,3,2,1,3,3,2,3,3,3,3,2,1,3,3,3,4,3,2,4,2,3,3,2,2,1,3,2,4,5,5,4,6,6,4,1,2,1,1,1,3,3,3,4.333333333333333,4.833333333333333,2.1666666666666665,2.8333333333333335,2.5,3,2.1666666666666665,4.857142857142857,1.875,2,45–49,47,1400–<2000,1673.320053068151,conservative_leaning,3,5,0,1,-1,-2,-2,-3,322
40,5,6,5,5,4,6,4,4,5,4,4,5,4,2,3,3,3,2,5,3,3,4,3,4,5,3,4,6,5,4,2,3,3,2,1,3,2,1,2,1,2,1,3,4,3,4,3,2,3,2,2,2,2,2,2,2,1,5.166666666666667,4.333333333333333,2.8333333333333335,3.6666666666666665,4.5,2.3333333333333335,1.5,3.142857142857143,1.875,2,18–24,21,1050–<1400,1212.4355652982142,conservative_leaning,3,5,0,1,0,-3,-3,0,
757,4,4,3,3,3,4,5,4,5,5,4,4,2,1,2,1,4,3,4,4,4,4,4,4,5,5,4,5,4,5,3,3,2,4,2,4,3,4,4,2,2,4,3,4,4,4,3,5,5,1,2,1,1,1,1,1,2,3.5,4.5,2.1666666666666665,4,4.666666666666667,3,3.1666666666666665,4,1.25,2,35–39,37,<500,422.49260348555214,left_leaning,3,5,1,-3,1,-2,-2,1,
9,2,4,4,3,5,3,5,5,5,4,5,5,4,3,4,4,3,4,4,1,3,4,4,3,4,4,4,5,3,4,4,3,3,3,3,4,3,3,4,4,3,4,3,2,4,2,4,3,5,4,3,4,3,4,2,3,2,3.5,4.833333333333333,3.6666666666666665,3.1666666666666665,4,3.3333333333333335,3.5,3.2857142857142856,3.125,1,35–39,37,2800+,5916.079783099616,mixed,3,5,1,-1,0,1,-2,2,4
665,3,5,5,5,4,5,4,3,4,3,4,4,1,2,1,2,2,1,2,4,3,3,5,5,3,4,3,4,5,4,1,1,1,1,1,2,2,1,1,3,2,2,3,4,3,2,2,2,3,1,2,3,1,2,2,1,1,4.5,3.6666666666666665,1.5,3.6666666666666665,3.8333333333333335,1.1666666666666667,1.8333333333333333,2.7142857142857144,1.625,2,50–54,52,2800+,5916.079783099616,left_leaning,3,5,1,-1,0,-3,-1,1,4
431,4,3,3,4,3,4,3,4,4,4,4,5,2,3,4,4,3,4,3,4,5,3,4,3,3,3,4,4,4,5,2,3,3,3,3,3,3,3,3,3,2,1,4,3,3,5,4,5,4,4,2,3,4,4,4,4,3,3.5,4,3.3333333333333335,3.6666666666666665,3.8333333333333335,2.8333333333333335,2.5,4,3.5,2,25–29,27,1050–<1400,1212.4355652982142,conservative_leaning,3,5,0,1,-1,1,2,-3,
228,5,5,4,4,4,4,4,4,4,5,3,4,2,2,3,3,4,1,3,3,3,2,3,3,4,4,4,4,4,5,2,3,3,2,2,4,4,2,4,3,4,4,4,4,4,6,4,4,5,4,1,2,2,2,2,2,1,4.333333333333333,4,2.5,2.8333333333333335,4.166666666666667,2.6666666666666665,3.5,4.428571428571429,2,2,18–24,21,1400–<2000,1673.320053068151,mixed,3,5,-1,-1,0,-2,-2,-2,
453,6,5,6,5,6,4,3,4,4,4,4,4,4,2,5,4,2,3,3,4,3,3,5,4,5,5,4,4,5,4,2,2,1,3,2,4,3,2,4,2,2,4,4,4,4,4,4,3,4,3,2,1,2,2,1,3,2,5.333333333333333,3.8333333333333335,3.3333333333333335,3.6666666666666665,4.5,2.3333333333333335,2.8333333333333335,3.857142857142857,2,2,30–34,32,2800+,5916.079783099616,mixed,3,5,3,1,-1,1,-1,-2,6
495,5,5,5,6,6,5,3,5,5,5,5,6,3,2,2,5,3,4,4,3,4,5,4,5,4,3,5,4,4,4,2,3,2,2,1,3,3,4,1,4,3,3,5,4,3,4,4,4,4,2,2,1,2,3,3,2,4,5.333333333333333,4.833333333333333,3.1666666666666665,4.166666666666667,4,2.1666666666666665,3,4,2.375,2,60–64,62,630–<800,709.9295739719539,conservative_leaning,3,5,-1,1,-1,-1,-2,-2,5
365,3,4,5,5,4,4,3,3,5,3,4,4,2,2,4,2,2,3,4,3,5,4,3,3,3,4,4,3,2,3,4,3,3,3,4,1,5,3,4,3,4,2,6,6,5,6,4,6,6,4,4,5,3,4,5,3,3,4.166666666666667,3.6666666666666665,2.5,3.6666666666666665,3.1666666666666665,3,3.5,5.571428571428571,3.875,1,65–69,67,630–<800,709.9295739719539,mixed,3,5,0,-3,-1,1,-2,1,1
625,5,6,3,4,5,5,5,6,5,6,4,5,4,1,3,2,4,4,4,6,4,5,4,3,6,5,5,4,5,6,1,1,2,1,1,3,1,1,2,2,2,3,4,5,3,5,4,6,3,2,2,3,3,4,4,4,2,4.666666666666667,5.166666666666667,3,4.333333333333333,5.166666666666667,1.5,1.8333333333333333,4.285714285714286,3,2,18–24,21,2800+,5916.079783099616,conservative_leaning,3,5,-2,0,0,1,-1,-3,7
87,4,5,6,4,4,4,4,3,4,4,3,4,1,4,2,2,2,1,3,3,2,3,3,3,4,3,3,4,2,3,3,3,2,3,1,3,3,5,3,5,4,3,4,5,5,6,4,3,5,2,2,1,2,3,3,3,3,4.5,3.6666666666666665,2,2.8333333333333335,3.1666666666666665,2.5,3.8333333333333335,4.571428571428571,2.375,2,60–64,62,1400–<2000,1673.320053068151,conservative_leaning,3,5,-3,1,-1,1,-1,-1,802
486,3,5,5,4,4,5,3,4,4,3,3,2,5,3,4,4,4,4,3,4,6,5,5,5,4,5,3,2,3,5,4,3,4,5,4,3,2,2,3,2,2,2,4,3,2,4,5,5,3,3,3,4,3,3,4,4,3,4.333333333333333,3.1666666666666665,4,4.666666666666667,3.6666666666666665,3.8333333333333335,2.1666666666666665,3.7142857142857144,3.375,1,35–39,37,2800+,5916.079783099616,conservative_leaning,3,5,-2,0,-2,2,-2,-1,
361,5,6,5,4,5,5,4,3,3,3,2,4,1,2,2,2,2,1,3,3,3,3,2,2,4,3,4,3,4,4,3,3,3,2,3,3,4,2,1,4,3,3,6,5,4,4,4,4,5,1,2,2,3,3,2,2,1,5,3.1666666666666665,1.6666666666666667,2.6666666666666665,3.6666666666666665,2.8333333333333335,2.8333333333333335,4.571428571428571,2,2,65–69,67,1050–<1400,1212.4355652982142,mixed,3,5,-3,0,-3,0,-2,-2,5
340,5,3,3,3,4,4,5,4,3,3,4,2,2,4,4,3,3,3,3,5,3,2,3,5,5,5,3,4,3,4,3,4,4,3,3,3,1,1,1,1,1,1,5,3,4,5,4,3,4,4,2,3,2,2,4,2,1,3.6666666666666665,3.5,3.1666666666666665,3.5,4,3.3333333333333335,1,4,2.5,1,55–59,57,500–<630,561.2486080160912,mixed,3,5,0,-1,-3,0,-1,-2,1
425,6,4,5,6,5,6,3,4,4,4,5,4,3,2,4,3,3,3,5,4,4,4,3,5,4,5,5,4,4,6,4,5,4,4,4,4,2,4,3,2,2,4,4,5,4,6,5,4,4,2,4,3,2,3,2,5,4,5.333333333333333,4,3,4.166666666666667,4.666666666666667,4.166666666666667,2.8333333333333335,4.571428571428571,3.125,1,45–49,47,1400–<2000,1673.320053068151,mixed,3,5,-3,0,-3,-2,-1,-1,1
584,5,4,5,5,5,6,4,6,3,5,5,4,4,5,5,4,4,4,5,5,4,4,3,5,6,5,4,6,5,5,3,4,3,2,2,2,2,1,4,4,4,2,3,3,4,3,5,5,4,2,3,3,3,2,2,1,3,5,4.5,4.333333333333333,4.333333333333333,5.166666666666667,2.6666666666666665,2.8333333333333335,3.857142857142857,2.375,1,50–54,52,<500,422.49260348555214,mixed,3,5,0,2,2,-3,-2,0,7
613,3,4,5,4,4,4,2,4,5,3,3,4,2,3,3,3,2,3,1,3,2,3,2,2,4,2,3,3,4,2,4,5,3,4,5,5,3,2,4,4,1,2,4,5,5,4,4,3,3,4,2,2,3,2,2,3,4,4,3.5,2.6666666666666665,2.1666666666666665,3,4.333333333333333,2.6666666666666665,4,2.75,1,35–39,37,1400–<2000,1673.320053068151,left_leaning,3,5,-1,0,1,0,-1,-1,4
38,6,4,5,5,5,6,5,5,4,5,5,5,3,3,3,3,3,4,6,4,4,4,4,5,5,6,5,6,6,6,4,3,2,2,4,1,3,4,3,5,3,5,3,5,6,3,5,4,4,5,3,4,2,4,3,4,3,5.166666666666667,4.833333333333333,3.1666666666666665,4.5,5.666666666666667,2.6666666666666665,3.8333333333333335,4.285714285714286,3.5,2,35–39,37,2000–<2800,2366.4319132398464,conservative_leaning,3,5,-3,1,0,-1,-2,-2,6
520,5,4,5,5,5,4,2,4,3,4,2,4,1,2,1,3,2,1,2,4,2,3,3,3,3,4,3,3,3,3,2,2,4,3,1,2,3,3,3,3,3,3,6,5,6,6,5,5,6,2,1,1,3,3,1,2,3,4.666666666666667,3.1666666666666665,1.6666666666666667,2.8333333333333335,3.1666666666666665,2.3333333333333335,3,5.571428571428571,2,2,40–44,42,<500,422.49260348555214,left_leaning,3,5,1,-1,-2,-2,-2,-3,801
490,6,5,6,5,5,6,5,5,5,4,5,6,4,3,3,2,2,1,5,5,6,4,5,4,4,2,4,5,5,6,1,3,2,2,2,3,3,3,4,2,2,3,4,5,5,3,4,4,6,1,1,2,2,2,2,1,2,5.5,5,2.5,4.833333333333333,4.333333333333333,2.1666666666666665,2.8333333333333335,4.428571428571429,1.625,2,35–39,37,<500,422.49260348555214,mixed,3,5,0,-3,-1,-2,-1,0,4
589,6,5,6,5,5,5,3,3,4,3,5,4,1,2,2,4,1,2,4,2,3,4,6,3,6,6,6,5,5,5,3,2,1,3,1,3,5,3,4,4,4,3,4,4,4,3,4,5,3,2,2,2,1,3,2,2,1,5.333333333333333,3.6666666666666665,2,3.6666666666666665,5.5,2.1666666666666665,3.8333333333333335,3.857142857142857,1.875,2,18–24,21,1400–<2000,1673.320053068151,mixed,3,5,3,1,-2,-2,-3,1,
452,4,5,5,5,4,3,2,2,2,5,3,4,1,3,2,3,2,2,3,3,5,2,4,1,3,2,3,4,4,3,4,2,4,2,4,3,4,3,4,4,4,3,5,6,5,5,4,5,4,2,2,2,2,2,1,2,1,4.333333333333333,3,2.1666666666666665,3,3.1666666666666665,3.1666666666666665,3.6666666666666665,4.857142857142857,1.75,2,45–49,47,630–<800,709.9295739719539,left_leaning,3,5,1,-2,-1,-3,-3,2,4
342,4,4,5,4,4,6,4,4,4,3,4,3,3,2,2,3,3,4,4,4,3,4,3,3,2,3,3,5,4,5,3,4,3,1,4,3,2,4,3,4,3,4,3,3,4,2,5,4,5,4,1,3,2,4,4,3,2,4.5,3.6666666666666665,2.8333333333333335,3.5,3.6666666666666665,3,3.3333333333333335,3.7142857142857144,2.875,2,30–34,32,<500,422.49260348555214,conservative_leaning,3,5,-2,1,0,-1,-2,-2,6
474,5,4,5,6,6,4,6,5,5,5,6,6,2,2,2,1,2,3,3,4,4,3,4,3,6,3,5,4,5,4,3,3,3,3,2,2,3,2,3,3,2,5,5,5,3,3,3,4,3,3,3,2,3,1,2,2,2,5,5.5,2,3.5,4.5,2.6666666666666665,3,3.7142857142857144,2.25,1,30–34,32,800–<1050,916.515138991168,mixed,3,5,0,0,-2,-1,-2,-1,5
501,6,5,6,5,6,5,3,3,5,4,4,3,3,2,2,3,2,3,4,3,2,1,4,3,3,3,4,4,4,4,2,3,4,5,4,2,4,3,4,4,4,4,4,3,3,4,2,5,3,2,4,2,4,2,3,2,3,5.5,3.6666666666666665,2.5,2.8333333333333335,3.6666666666666665,3.3333333333333335,3.8333333333333335,3.4285714285714284,2.75,1,30–34,32,2800+,5916.079783099616,mixed,3,5,-3,-2,-1,-2,-1,-2,801
662,3,3,4,4,4,3,2,3,3,2,3,3,3,3,1,4,2,3,4,3,4,4,5,4,6,5,5,5,4,5,4,4,3,2,4,1,2,3,1,2,1,1,3,5,3,4,5,3,3,4,1,1,3,1,1,1,2,3.5,2.6666666666666665,2.6666666666666665,4,5,3,1.6666666666666667,3.7142857142857144,1.75,2,50–54,52,500–<630,561.2486080160912,mixed,3,5,-2,-3,0,0,-3,-1,7
217,5,4,4,5,4,4,2,1,3,1,2,4,2,3,3,2,3,2,2,3,4,4,3,4,4,3,2,5,3,4,1,2,2,2,3,2,3,3,2,4,4,4,5,5,4,5,6,4,4,2,3,4,3,3,1,2,4,4.333333333333333,2.1666666666666665,2.5,3.3333333333333335,3.5,2,3.3333333333333335,4.714285714285714,2.75,2,65–69,67,2800+,5916.079783099616,conservative_leaning,3,5,-2,1,-1,0,-2,-2,1
30,6,6,6,6,6,3,4,3,4,3,3,3,2,2,1,2,2,4,4,5,4,4,4,4,6,5,6,4,5,4,2,2,2,1,1,1,2,3,2,2,3,2,3,3,4,4,2,5,4,1,2,1,2,1,1,2,1,5.5,3.3333333333333335,2.1666666666666665,4.166666666666667,5,1.5,2.3333333333333335,3.5714285714285716,1.375,2,65–69,67,800–<1050,916.515138991168,conservative_leaning,3,5,-2,3,-2,0,0,-3,6
586,4,6,4,6,5,4,4,4,4,2,4,6,5,4,4,5,2,4,3,4,5,3,4,4,4,5,3,3,3,3,5,4,4,4,4,3,3,3,4,4,3,3,4,5,4,4,5,5,3,4,2,4,4,4,2,4,5,4.833333333333333,4,4,3.8333333333333335,3.5,4,3.3333333333333335,4.285714285714286,3.625,1,65–69,67,1050–<1400,1212.4355652982142,left_leaning,3,5,1,0,0,-2,-2,-1,392
318,4,5,5,4,5,4,5,4,4,5,3,3,1,2,2,1,2,1,5,4,4,2,4,5,5,6,3,4,5,4,3,2,4,3,3,3,3,3,1,4,5,3,4,4,5,5,3,4,3,1,3,2,1,4,3,2,3,4.5,4,1.5,4,4.5,3,3.1666666666666665,4,2.375,2,35–39,37,800–<1050,916.515138991168,conservative_leaning,3,5,0,3,-3,-3,-1,0,4
421,4,5,4,5,4,4,3,4,5,5,2,3,3,3,3,3,3,4,2,3,3,1,4,2,4,3,4,4,5,5,4,2,4,3,2,2,3,3,3,3,3,4,3,6,5,5,4,5,4,4,3,4,4,2,3,4,4,4.333333333333333,3.6666666666666665,3.1666666666666665,2.5,4.166666666666667,2.8333333333333335,3.1666666666666665,4.571428571428571,3.5,2,65–69,67,1400–<2000,1673.320053068151,conservative_leaning,3,5,-3,1,-2,2,-1,-3,1
381,5,5,5,4,6,5,5,5,5,6,5,5,2,3,4,4,4,4,5,4,4,5,5,4,3,5,4,5,4,5,2,3,5,3,4,4,3,3,3,3,2,2,4,5,4,4,2,4,3,3,4,3,5,4,4,2,4,5,5.166666666666667,3.5,4.5,4.333333333333333,3.5,2.6666666666666665,3.7142857142857144,3.625,1,45–49,47,800–<1050,916.515138991168,left_leaning,3,5,1,-2,1,0,-2,0,
188,4,4,6,5,6,5,3,6,4,5,6,4,2,3,3,4,3,3,4,5,4,4,4,4,5,6,5,5,5,5,3,3,5,4,3,2,3,3,2,2,2,3,3,4,5,4,3,4,4,3,3,2,4,2,4,2,3,5,4.666666666666667,3,4.166666666666667,5.166666666666667,3.3333333333333335,2.5,3.857142857142857,2.875,1,50–54,52,1400–<2000,1673.320053068151,left_leaning,3,5,-3,-2,-1,0,-2,2,6
123,6,4,6,3,6,4,3,2,3,3,4,2,2,2,2,2,1,3,2,3,5,3,4,3,6,5,5,4,5,5,1,2,1,2,1,2,4,4,2,2,2,3,4,5,3,3,2,2,3,1,2,3,1,3,3,3,1,4.833333333333333,2.8333333333333335,2,3.3333333333333335,5,1.5,2.8333333333333335,3.142857142857143,2.125,2,60–64,62,800–<1050,916.515138991168,left_leaning,3,5,-3,-2,1,-2,-2,1,
64,3,4,4,4,3,5,3,3,3,3,5,2,3,1,2,3,4,3,3,5,6,4,5,5,5,5,4,5,3,4,4,4,2,3,3,2,4,4,3,2,2,3,3,3,3,1,4,3,2,3,3,5,3,5,4,4,3,3.8333333333333335,3.1666666666666665,2.6666666666666665,4.666666666666667,4.333333333333333,3,3,2.7142857142857144,3.75,1,18–24,21,<500,422.49260348555214,conservative_leaning,3,5,-1,1,-2,-2,-2,-1,1
350,4,4,3,5,3,3,2,3,3,3,4,3,3,4,3,3,5,3,5,3,4,3,4,5,4,4,4,5,4,4,4,4,4,4,5,3,2,3,4,4,4,3,4,4,5,4,5,6,4,3,3,2,3,2,3,3,2,3.6666666666666665,3,3.5,4,4.166666666666667,4,3.3333333333333335,4.571428571428571,2.625,2,45–49,47,800–<1050,916.515138991168,conservative_leaning,3,5,-3,3,-3,2,0,-2,1
749,6,6,5,5,5,4,5,6,5,6,5,6,2,2,3,4,4,2,5,3,4,4,4,3,5,4,4,5,6,5,3,3,3,5,4,4,1,1,2,3,1,2,4,5,2,3,4,4,5,5,5,4,4,4,4,5,5,5.166666666666667,5.5,2.8333333333333335,3.8333333333333335,4.833333333333333,3.6666666666666665,1.6666666666666667,3.857142857142857,4.5,1,18–24,21,500–<630,561.2486080160912,mixed,3,5,-1,0,0,-3,0,-3,4
642,6,6,6,6,6,6,2,3,4,3,3,3,2,3,4,1,3,2,3,3,3,3,3,3,3,5,5,4,5,5,3,2,4,2,3,4,3,3,5,2,2,4,5,5,4,4,5,4,4,2,1,2,1,2,1,1,2,6,3,2.5,3,4.5,3,3.1666666666666665,4.428571428571429,1.5,2,55–59,57,1400–<2000,1673.320053068151,left_leaning,3,5,-1,-2,2,-2,-1,-1,4
650,4,5,6,5,5,5,4,4,4,5,5,5,4,3,2,4,5,4,3,2,3,4,3,3,5,3,4,4,4,5,4,3,3,3,3,4,3,4,3,3,3,4,4,5,5,4,2,3,3,2,3,4,4,3,4,2,3,5,4.5,3.6666666666666665,3,4.166666666666667,3.3333333333333335,3.3333333333333335,3.7142857142857144,3.125,1,30–34,32,<500,422.49260348555214,conservative_leaning,3,5,-3,2,-1,-1,-2,-1,392
409,5,6,4,6,6,5,3,5,4,4,6,4,3,1,3,1,3,1,6,4,4,4,5,5,4,4,4,3,4,4,4,1,2,1,2,2,1,2,2,4,1,3,4,4,4,2,4,4,3,1,1,1,1,2,2,2,2,5.333333333333333,4.333333333333333,2,4.666666666666667,3.8333333333333335,2,2.1666666666666665,3.5714285714285716,1.5,2,30–34,32,1400–<2000,1673.320053068151,left_leaning,3,5,-1,-1,0,-2,-1,2,
209,4,4,5,5,4,4,6,5,6,6,6,4,2,2,2,3,3,4,2,2,3,2,3,2,5,5,5,5,5,5,3,3,4,4,2,2,3,2,2,1,3,1,4,4,3,5,4,4,4,3,3,2,3,3,3,2,2,4.333333333333333,5.5,2.6666666666666665,2.3333333333333335,5,3,2,4,2.625,2,50–54,52,500–<630,561.2486080160912,left_leaning,3,5,1,0,-3,-1,-1,-1,392
606,6,6,6,5,6,5,6,5,6,5,4,5,1,1,3,2,2,1,3,4,4,3,3,3,6,5,6,6,6,6,4,3,2,4,3,2,2,3,1,3,2,2,3,4,4,4,3,3,4,2,3,3,4,2,4,3,2,5.666666666666667,5.166666666666667,1.6666666666666667,3.3333333333333335,5.833333333333333,3,2.1666666666666665,3.5714285714285716,2.875,2,45–49,47,2800+,5916.079783099616,left_leaning,3,5,3,-3,0,-2,-3,1,4
705,4,6,4,6,3,5,4,5,5,5,4,3,3,3,4,4,2,2,2,3,3,4,4,2,5,3,2,4,4,3,4,3,2,3,4,4,5,4,4,4,3,4,6,5,4,6,6,6,5,3,1,1,2,1,1,1,1,4.666666666666667,4.333333333333333,3,3,3.5,3.3333333333333335,4,5.428571428571429,1.375,2,60–64,62,2800+,5916.079783099616,left_leaning,3,5,3,-3,1,-1,-3,1,
